  0
SECTION
  2
HEADER
  9
$ANGBASE
  50
0.0
  9
$ANGDIR
  70
1
  9
$MEASUREMENT
  70
1
  0
ENDSEC
  0
SECTION
  2
TABLES
  0
TABLE
  2
LTYPE
  70
4
  0
LTYPE
  5
40F
  2
CONTINUOUS
  70
0
  3
Solid line
  72
65
  73
0
  40
0.0
  0
LTYPE
  5
410
  2
DASHDOT
 70
0
  3
Dash Dot ____ _ ____ _
 72
65
 73
4
 40
2.0
 49
1.25
 49
-0.25
 49
0.25
 49
-0.25
  0
LTYPE
  5
411
  2
DASHED
 70
0
  3
Dashed __ __ __ __ __
 72
65
 73
2
 40
0.75
 49
0.5
 49
-0.25
  0
LTYPE
  5
43B
  2
DOTTED
 70
0
  3
Dotted .  .  .  .
 72
65
 73
2
 40
0.2
 49
0.0
 49
-0.2
  0
ENDTAB
  0
TABLE
  2
STYLE
  70
4
  0
STYLE
  2
KICAD
  70
0
  40
0
  41
1
  42
1
  50
0
  71
0
  3
isocp.shx
  0
STYLE
  2
KICADB
  70
0
  40
0
  41
1
  42
1
  50
0
  71
0
  3
isocp.shx
  0
STYLE
  2
KICADI
  70
0
  40
0
  41
1
  42
1
  50
15
  71
0
  3
isocp.shx
  0
STYLE
  2
KICADBI
  70
0
  40
0
  41
1
  42
1
  50
15
  71
0
  3
isocp.shx
  0
ENDTAB
  0
TABLE
  2
LAYER
  70
1
  0
LAYER
  2
BLACK
  70
0
  62
7
  6
CONTINUOUS
  0
ENDTAB
  0
ENDSEC
  0
SECTION
  2
ENTITIES
0
LINE
8
BLACK
6
CONTINUOUS
10
112.36
20
-130.845
11
112.345
21
-130.81
0
LINE
8
BLACK
6
CONTINUOUS
10
112.345
20
-130.81
11
112.345
21
-81.28
0
LINE
8
BLACK
6
CONTINUOUS
10
112.345
20
-81.28
11
112.36
21
-81.2446
0
LINE
8
BLACK
6
CONTINUOUS
10
112.36
20
-81.2446
11
112.395
21
-81.23
0
LINE
8
BLACK
6
CONTINUOUS
10
112.395
20
-81.23
11
212.09
21
-81.23
0
LINE
8
BLACK
6
CONTINUOUS
10
212.09
20
-81.23
11
212.125
21
-81.2446
0
LINE
8
BLACK
6
CONTINUOUS
10
212.125
20
-81.2446
11
212.14
21
-81.28
0
LINE
8
BLACK
6
CONTINUOUS
10
212.14
20
-81.28
11
212.14
21
-130.81
0
LINE
8
BLACK
6
CONTINUOUS
10
212.14
20
-130.81
11
212.125
21
-130.845
0
LINE
8
BLACK
6
CONTINUOUS
10
212.125
20
-130.845
11
212.09
21
-130.86
0
LINE
8
BLACK
6
CONTINUOUS
10
212.09
20
-130.86
11
112.395
21
-130.86
0
LINE
8
BLACK
6
CONTINUOUS
10
112.395
20
-130.86
11
112.36
21
-130.845
0
LINE
8
BLACK
6
CONTINUOUS
10
112.445
20
-81.33
11
112.445
21
-130.76
0
LINE
8
BLACK
6
CONTINUOUS
10
112.445
20
-130.76
11
212.04
21
-130.76
0
LINE
8
BLACK
6
CONTINUOUS
10
212.04
20
-130.76
11
212.04
21
-81.33
0
LINE
8
BLACK
6
CONTINUOUS
10
212.04
20
-81.33
11
112.445
21
-81.33
0
LINE
8
BLACK
6
CONTINUOUS
10
114.761
20
-126.725
11
114.826
21
-126.492
0
LINE
8
BLACK
6
CONTINUOUS
10
114.826
20
-126.492
11
114.927
21
-126.274
0
LINE
8
BLACK
6
CONTINUOUS
10
114.927
20
-126.274
11
115.063
21
-126.075
0
LINE
8
BLACK
6
CONTINUOUS
10
115.063
20
-126.075
11
115.229
21
-125.901
0
LINE
8
BLACK
6
CONTINUOUS
10
115.229
20
-125.901
11
115.422
21
-125.756
0
LINE
8
BLACK
6
CONTINUOUS
10
115.422
20
-125.756
11
115.635
21
-125.645
0
LINE
8
BLACK
6
CONTINUOUS
10
115.635
20
-125.645
11
115.864
21
-125.57
0
LINE
8
BLACK
6
CONTINUOUS
10
115.864
20
-125.57
11
116.102
21
-125.534
0
LINE
8
BLACK
6
CONTINUOUS
10
116.102
20
-125.534
11
116.343
21
-125.537
0
LINE
8
BLACK
6
CONTINUOUS
10
116.343
20
-125.537
11
116.58
21
-125.579
0
LINE
8
BLACK
6
CONTINUOUS
10
116.58
20
-125.579
11
116.808
21
-125.659
0
LINE
8
BLACK
6
CONTINUOUS
10
116.808
20
-125.659
11
117.018
21
-125.776
0
LINE
8
BLACK
6
CONTINUOUS
10
117.018
20
-125.776
11
117.207
21
-125.925
0
LINE
8
BLACK
6
CONTINUOUS
10
117.207
20
-125.925
11
117.37
21
-126.103
0
LINE
8
BLACK
6
CONTINUOUS
10
117.37
20
-126.103
11
117.5
21
-126.305
0
LINE
8
BLACK
6
CONTINUOUS
10
117.5
20
-126.305
11
117.596
21
-126.526
0
LINE
8
BLACK
6
CONTINUOUS
10
117.596
20
-126.526
11
117.655
21
-126.76
0
LINE
8
BLACK
6
CONTINUOUS
10
117.655
20
-126.76
11
117.675
21
-127
0
LINE
8
BLACK
6
CONTINUOUS
10
117.675
20
-127
11
117.673
21
-127.072
0
LINE
8
BLACK
6
CONTINUOUS
10
117.673
20
-127.072
11
117.642
21
-127.311
0
LINE
8
BLACK
6
CONTINUOUS
10
117.642
20
-127.311
11
117.572
21
-127.541
0
LINE
8
BLACK
6
CONTINUOUS
10
117.572
20
-127.541
11
117.465
21
-127.757
0
LINE
8
BLACK
6
CONTINUOUS
10
117.465
20
-127.757
11
117.324
21
-127.953
0
LINE
8
BLACK
6
CONTINUOUS
10
117.324
20
-127.953
11
117.154
21
-128.123
0
LINE
8
BLACK
6
CONTINUOUS
10
117.154
20
-128.123
11
116.958
21
-128.263
0
LINE
8
BLACK
6
CONTINUOUS
10
116.958
20
-128.263
11
116.741
21
-128.369
0
LINE
8
BLACK
6
CONTINUOUS
10
116.741
20
-128.369
11
116.511
21
-128.438
0
LINE
8
BLACK
6
CONTINUOUS
10
116.511
20
-128.438
11
116.272
21
-128.468
0
LINE
8
BLACK
6
CONTINUOUS
10
116.272
20
-128.468
11
116.031
21
-128.46
0
LINE
8
BLACK
6
CONTINUOUS
10
116.031
20
-128.46
11
115.795
21
-128.412
0
LINE
8
BLACK
6
CONTINUOUS
10
115.795
20
-128.412
11
115.57
21
-128.326
0
LINE
8
BLACK
6
CONTINUOUS
10
115.57
20
-128.326
11
115.362
21
-128.204
0
LINE
8
BLACK
6
CONTINUOUS
10
115.362
20
-128.204
11
115.177
21
-128.05
0
LINE
8
BLACK
6
CONTINUOUS
10
115.177
20
-128.05
11
115.019
21
-127.868
0
LINE
8
BLACK
6
CONTINUOUS
10
115.019
20
-127.868
11
114.893
21
-127.663
0
LINE
8
BLACK
6
CONTINUOUS
10
114.893
20
-127.663
11
114.802
21
-127.44
0
LINE
8
BLACK
6
CONTINUOUS
10
114.802
20
-127.44
11
114.749
21
-127.205
0
LINE
8
BLACK
6
CONTINUOUS
10
114.749
20
-127.205
11
114.736
21
-126.966
0
LINE
8
BLACK
6
CONTINUOUS
10
114.736
20
-126.966
11
114.736
21
-126.964
0
LINE
8
BLACK
6
CONTINUOUS
10
114.736
20
-126.964
11
114.761
21
-126.725
0
LINE
8
BLACK
6
CONTINUOUS
10
114.893
20
-127.411
11
114.978
21
-127.62
0
LINE
8
BLACK
6
CONTINUOUS
10
114.978
20
-127.62
11
115.096
21
-127.812
0
LINE
8
BLACK
6
CONTINUOUS
10
115.096
20
-127.812
11
115.243
21
-127.982
0
LINE
8
BLACK
6
CONTINUOUS
10
115.243
20
-127.982
11
115.417
21
-128.126
0
LINE
8
BLACK
6
CONTINUOUS
10
115.417
20
-128.126
11
115.611
21
-128.24
0
LINE
8
BLACK
6
CONTINUOUS
10
115.611
20
-128.24
11
115.821
21
-128.32
0
LINE
8
BLACK
6
CONTINUOUS
10
115.821
20
-128.32
11
116.042
21
-128.365
0
LINE
8
BLACK
6
CONTINUOUS
10
116.042
20
-128.365
11
116.267
21
-128.373
0
LINE
8
BLACK
6
CONTINUOUS
10
116.267
20
-128.373
11
116.491
21
-128.345
0
LINE
8
BLACK
6
CONTINUOUS
10
116.491
20
-128.345
11
116.707
21
-128.28
0
LINE
8
BLACK
6
CONTINUOUS
10
116.707
20
-128.28
11
116.909
21
-128.181
0
LINE
8
BLACK
6
CONTINUOUS
10
116.909
20
-128.181
11
117.092
21
-128.05
0
LINE
8
BLACK
6
CONTINUOUS
10
117.092
20
-128.05
11
117.252
21
-127.891
0
LINE
8
BLACK
6
CONTINUOUS
10
117.252
20
-127.891
11
117.383
21
-127.708
0
LINE
8
BLACK
6
CONTINUOUS
10
117.383
20
-127.708
11
117.483
21
-127.506
0
LINE
8
BLACK
6
CONTINUOUS
10
117.483
20
-127.506
11
117.549
21
-127.29
0
LINE
8
BLACK
6
CONTINUOUS
10
117.549
20
-127.29
11
117.578
21
-127.067
0
LINE
8
BLACK
6
CONTINUOUS
10
117.578
20
-127.067
11
117.58
21
-127
0
LINE
8
BLACK
6
CONTINUOUS
10
117.58
20
-127
11
117.561
21
-126.775
0
LINE
8
BLACK
6
CONTINUOUS
10
117.561
20
-126.775
11
117.506
21
-126.557
0
LINE
8
BLACK
6
CONTINUOUS
10
117.506
20
-126.557
11
117.416
21
-126.35
0
LINE
8
BLACK
6
CONTINUOUS
10
117.416
20
-126.35
11
117.294
21
-126.161
0
LINE
8
BLACK
6
CONTINUOUS
10
117.294
20
-126.161
11
117.142
21
-125.995
0
LINE
8
BLACK
6
CONTINUOUS
10
117.142
20
-125.995
11
116.966
21
-125.855
0
LINE
8
BLACK
6
CONTINUOUS
10
116.966
20
-125.855
11
116.768
21
-125.746
0
LINE
8
BLACK
6
CONTINUOUS
10
116.768
20
-125.746
11
116.556
21
-125.671
0
LINE
8
BLACK
6
CONTINUOUS
10
116.556
20
-125.671
11
116.334
21
-125.632
0
LINE
8
BLACK
6
CONTINUOUS
10
116.334
20
-125.632
11
116.109
21
-125.629
0
LINE
8
BLACK
6
CONTINUOUS
10
116.109
20
-125.629
11
115.886
21
-125.663
0
LINE
8
BLACK
6
CONTINUOUS
10
115.886
20
-125.663
11
115.672
21
-125.733
0
LINE
8
BLACK
6
CONTINUOUS
10
115.672
20
-125.733
11
115.473
21
-125.837
0
LINE
8
BLACK
6
CONTINUOUS
10
115.473
20
-125.837
11
115.292
21
-125.972
0
LINE
8
BLACK
6
CONTINUOUS
10
115.292
20
-125.972
11
115.137
21
-126.135
0
LINE
8
BLACK
6
CONTINUOUS
10
115.137
20
-126.135
11
115.01
21
-126.321
0
LINE
8
BLACK
6
CONTINUOUS
10
115.01
20
-126.321
11
114.915
21
-126.525
0
LINE
8
BLACK
6
CONTINUOUS
10
114.915
20
-126.525
11
114.855
21
-126.742
0
LINE
8
BLACK
6
CONTINUOUS
10
114.855
20
-126.742
11
114.831
21
-126.966
0
LINE
8
BLACK
6
CONTINUOUS
10
114.831
20
-126.966
11
114.844
21
-127.191
0
LINE
8
BLACK
6
CONTINUOUS
10
114.844
20
-127.191
11
114.893
21
-127.411
0
LINE
8
BLACK
6
CONTINUOUS
10
206.836
20
-126.725
11
206.901
21
-126.492
0
LINE
8
BLACK
6
CONTINUOUS
10
206.901
20
-126.492
11
207.002
21
-126.274
0
LINE
8
BLACK
6
CONTINUOUS
10
207.002
20
-126.274
11
207.138
21
-126.075
0
LINE
8
BLACK
6
CONTINUOUS
10
207.138
20
-126.075
11
207.304
21
-125.901
0
LINE
8
BLACK
6
CONTINUOUS
10
207.304
20
-125.901
11
207.497
21
-125.756
0
LINE
8
BLACK
6
CONTINUOUS
10
207.497
20
-125.756
11
207.71
21
-125.645
0
LINE
8
BLACK
6
CONTINUOUS
10
207.71
20
-125.645
11
207.939
21
-125.57
0
LINE
8
BLACK
6
CONTINUOUS
10
207.939
20
-125.57
11
208.177
21
-125.534
0
LINE
8
BLACK
6
CONTINUOUS
10
208.177
20
-125.534
11
208.418
21
-125.537
0
LINE
8
BLACK
6
CONTINUOUS
10
208.418
20
-125.537
11
208.655
21
-125.579
0
LINE
8
BLACK
6
CONTINUOUS
10
208.655
20
-125.579
11
208.883
21
-125.659
0
LINE
8
BLACK
6
CONTINUOUS
10
208.883
20
-125.659
11
209.093
21
-125.776
0
LINE
8
BLACK
6
CONTINUOUS
10
209.093
20
-125.776
11
209.282
21
-125.925
0
LINE
8
BLACK
6
CONTINUOUS
10
209.282
20
-125.925
11
209.445
21
-126.103
0
LINE
8
BLACK
6
CONTINUOUS
10
209.445
20
-126.103
11
209.575
21
-126.305
0
LINE
8
BLACK
6
CONTINUOUS
10
209.575
20
-126.305
11
209.671
21
-126.526
0
LINE
8
BLACK
6
CONTINUOUS
10
209.671
20
-126.526
11
209.73
21
-126.76
0
LINE
8
BLACK
6
CONTINUOUS
10
209.73
20
-126.76
11
209.75
21
-127
0
LINE
8
BLACK
6
CONTINUOUS
10
209.75
20
-127
11
209.748
21
-127.072
0
LINE
8
BLACK
6
CONTINUOUS
10
209.748
20
-127.072
11
209.717
21
-127.311
0
LINE
8
BLACK
6
CONTINUOUS
10
209.717
20
-127.311
11
209.647
21
-127.541
0
LINE
8
BLACK
6
CONTINUOUS
10
209.647
20
-127.541
11
209.54
21
-127.757
0
LINE
8
BLACK
6
CONTINUOUS
10
209.54
20
-127.757
11
209.399
21
-127.953
0
LINE
8
BLACK
6
CONTINUOUS
10
209.399
20
-127.953
11
209.229
21
-128.123
0
LINE
8
BLACK
6
CONTINUOUS
10
209.229
20
-128.123
11
209.033
21
-128.263
0
LINE
8
BLACK
6
CONTINUOUS
10
209.033
20
-128.263
11
208.816
21
-128.369
0
LINE
8
BLACK
6
CONTINUOUS
10
208.816
20
-128.369
11
208.586
21
-128.438
0
LINE
8
BLACK
6
CONTINUOUS
10
208.586
20
-128.438
11
208.347
21
-128.468
0
LINE
8
BLACK
6
CONTINUOUS
10
208.347
20
-128.468
11
208.106
21
-128.46
0
LINE
8
BLACK
6
CONTINUOUS
10
208.106
20
-128.46
11
207.87
21
-128.412
0
LINE
8
BLACK
6
CONTINUOUS
10
207.87
20
-128.412
11
207.645
21
-128.326
0
LINE
8
BLACK
6
CONTINUOUS
10
207.645
20
-128.326
11
207.437
21
-128.204
0
LINE
8
BLACK
6
CONTINUOUS
10
207.437
20
-128.204
11
207.252
21
-128.05
0
LINE
8
BLACK
6
CONTINUOUS
10
207.252
20
-128.05
11
207.094
21
-127.868
0
LINE
8
BLACK
6
CONTINUOUS
10
207.094
20
-127.868
11
206.968
21
-127.663
0
LINE
8
BLACK
6
CONTINUOUS
10
206.968
20
-127.663
11
206.877
21
-127.44
0
LINE
8
BLACK
6
CONTINUOUS
10
206.877
20
-127.44
11
206.824
21
-127.205
0
LINE
8
BLACK
6
CONTINUOUS
10
206.824
20
-127.205
11
206.811
21
-126.966
0
LINE
8
BLACK
6
CONTINUOUS
10
206.811
20
-126.966
11
206.811
21
-126.964
0
LINE
8
BLACK
6
CONTINUOUS
10
206.811
20
-126.964
11
206.836
21
-126.725
0
LINE
8
BLACK
6
CONTINUOUS
10
206.968
20
-127.411
11
207.053
21
-127.62
0
LINE
8
BLACK
6
CONTINUOUS
10
207.053
20
-127.62
11
207.171
21
-127.812
0
LINE
8
BLACK
6
CONTINUOUS
10
207.171
20
-127.812
11
207.318
21
-127.982
0
LINE
8
BLACK
6
CONTINUOUS
10
207.318
20
-127.982
11
207.492
21
-128.126
0
LINE
8
BLACK
6
CONTINUOUS
10
207.492
20
-128.126
11
207.686
21
-128.24
0
LINE
8
BLACK
6
CONTINUOUS
10
207.686
20
-128.24
11
207.896
21
-128.32
0
LINE
8
BLACK
6
CONTINUOUS
10
207.896
20
-128.32
11
208.117
21
-128.365
0
LINE
8
BLACK
6
CONTINUOUS
10
208.117
20
-128.365
11
208.342
21
-128.373
0
LINE
8
BLACK
6
CONTINUOUS
10
208.342
20
-128.373
11
208.566
21
-128.345
0
LINE
8
BLACK
6
CONTINUOUS
10
208.566
20
-128.345
11
208.782
21
-128.28
0
LINE
8
BLACK
6
CONTINUOUS
10
208.782
20
-128.28
11
208.984
21
-128.181
0
LINE
8
BLACK
6
CONTINUOUS
10
208.984
20
-128.181
11
209.167
21
-128.05
0
LINE
8
BLACK
6
CONTINUOUS
10
209.167
20
-128.05
11
209.327
21
-127.891
0
LINE
8
BLACK
6
CONTINUOUS
10
209.327
20
-127.891
11
209.458
21
-127.708
0
LINE
8
BLACK
6
CONTINUOUS
10
209.458
20
-127.708
11
209.558
21
-127.506
0
LINE
8
BLACK
6
CONTINUOUS
10
209.558
20
-127.506
11
209.624
21
-127.29
0
LINE
8
BLACK
6
CONTINUOUS
10
209.624
20
-127.29
11
209.653
21
-127.067
0
LINE
8
BLACK
6
CONTINUOUS
10
209.653
20
-127.067
11
209.655
21
-127
0
LINE
8
BLACK
6
CONTINUOUS
10
209.655
20
-127
11
209.636
21
-126.775
0
LINE
8
BLACK
6
CONTINUOUS
10
209.636
20
-126.775
11
209.581
21
-126.557
0
LINE
8
BLACK
6
CONTINUOUS
10
209.581
20
-126.557
11
209.491
21
-126.35
0
LINE
8
BLACK
6
CONTINUOUS
10
209.491
20
-126.35
11
209.369
21
-126.161
0
LINE
8
BLACK
6
CONTINUOUS
10
209.369
20
-126.161
11
209.217
21
-125.995
0
LINE
8
BLACK
6
CONTINUOUS
10
209.217
20
-125.995
11
209.041
21
-125.855
0
LINE
8
BLACK
6
CONTINUOUS
10
209.041
20
-125.855
11
208.843
21
-125.746
0
LINE
8
BLACK
6
CONTINUOUS
10
208.843
20
-125.746
11
208.631
21
-125.671
0
LINE
8
BLACK
6
CONTINUOUS
10
208.631
20
-125.671
11
208.409
21
-125.632
0
LINE
8
BLACK
6
CONTINUOUS
10
208.409
20
-125.632
11
208.184
21
-125.629
0
LINE
8
BLACK
6
CONTINUOUS
10
208.184
20
-125.629
11
207.961
21
-125.663
0
LINE
8
BLACK
6
CONTINUOUS
10
207.961
20
-125.663
11
207.747
21
-125.733
0
LINE
8
BLACK
6
CONTINUOUS
10
207.747
20
-125.733
11
207.548
21
-125.837
0
LINE
8
BLACK
6
CONTINUOUS
10
207.548
20
-125.837
11
207.367
21
-125.972
0
LINE
8
BLACK
6
CONTINUOUS
10
207.367
20
-125.972
11
207.212
21
-126.135
0
LINE
8
BLACK
6
CONTINUOUS
10
207.212
20
-126.135
11
207.085
21
-126.321
0
LINE
8
BLACK
6
CONTINUOUS
10
207.085
20
-126.321
11
206.99
21
-126.525
0
LINE
8
BLACK
6
CONTINUOUS
10
206.99
20
-126.525
11
206.93
21
-126.742
0
LINE
8
BLACK
6
CONTINUOUS
10
206.93
20
-126.742
11
206.906
21
-126.966
0
LINE
8
BLACK
6
CONTINUOUS
10
206.906
20
-126.966
11
206.919
21
-127.191
0
LINE
8
BLACK
6
CONTINUOUS
10
206.919
20
-127.191
11
206.968
21
-127.411
0
LINE
8
BLACK
6
CONTINUOUS
10
114.126
20
-84.1796
11
114.191
21
-83.9474
0
LINE
8
BLACK
6
CONTINUOUS
10
114.191
20
-83.9474
11
114.292
21
-83.729
0
LINE
8
BLACK
6
CONTINUOUS
10
114.292
20
-83.729
11
114.428
21
-83.53
0
LINE
8
BLACK
6
CONTINUOUS
10
114.428
20
-83.53
11
114.594
21
-83.3558
0
LINE
8
BLACK
6
CONTINUOUS
10
114.594
20
-83.3558
11
114.787
21
-83.2112
0
LINE
8
BLACK
6
CONTINUOUS
10
114.787
20
-83.2112
11
115
21
-83.1
0
LINE
8
BLACK
6
CONTINUOUS
10
115
20
-83.1
11
115.229
21
-83.0251
0
LINE
8
BLACK
6
CONTINUOUS
10
115.229
20
-83.0251
11
115.467
21
-82.9887
0
LINE
8
BLACK
6
CONTINUOUS
10
115.467
20
-82.9887
11
115.708
21
-82.9916
0
LINE
8
BLACK
6
CONTINUOUS
10
115.708
20
-82.9916
11
115.945
21
-83.0339
0
LINE
8
BLACK
6
CONTINUOUS
10
115.945
20
-83.0339
11
116.173
21
-83.1143
0
LINE
8
BLACK
6
CONTINUOUS
10
116.173
20
-83.1143
11
116.383
21
-83.2307
0
LINE
8
BLACK
6
CONTINUOUS
10
116.383
20
-83.2307
11
116.572
21
-83.38
0
LINE
8
BLACK
6
CONTINUOUS
10
116.572
20
-83.38
11
116.735
21
-83.5581
0
LINE
8
BLACK
6
CONTINUOUS
10
116.735
20
-83.5581
11
116.865
21
-83.7604
0
LINE
8
BLACK
6
CONTINUOUS
10
116.865
20
-83.7604
11
116.961
21
-83.9813
0
LINE
8
BLACK
6
CONTINUOUS
10
116.961
20
-83.9813
11
117.02
21
-84.2149
0
LINE
8
BLACK
6
CONTINUOUS
10
117.02
20
-84.2149
11
117.04
21
-84.455
0
LINE
8
BLACK
6
CONTINUOUS
10
117.04
20
-84.455
11
117.038
21
-84.5268
0
LINE
8
BLACK
6
CONTINUOUS
10
117.038
20
-84.5268
11
117.007
21
-84.7656
0
LINE
8
BLACK
6
CONTINUOUS
10
117.007
20
-84.7656
11
116.937
21
-84.9961
0
LINE
8
BLACK
6
CONTINUOUS
10
116.937
20
-84.9961
11
116.83
21
-85.2121
0
LINE
8
BLACK
6
CONTINUOUS
10
116.83
20
-85.2121
11
116.689
21
-85.4077
0
LINE
8
BLACK
6
CONTINUOUS
10
116.689
20
-85.4077
11
116.519
21
-85.5777
0
LINE
8
BLACK
6
CONTINUOUS
10
116.519
20
-85.5777
11
116.323
21
-85.7176
0
LINE
8
BLACK
6
CONTINUOUS
10
116.323
20
-85.7176
11
116.106
21
-85.8236
0
LINE
8
BLACK
6
CONTINUOUS
10
116.106
20
-85.8236
11
115.876
21
-85.8928
0
LINE
8
BLACK
6
CONTINUOUS
10
115.876
20
-85.8928
11
115.637
21
-85.9234
0
LINE
8
BLACK
6
CONTINUOUS
10
115.637
20
-85.9234
11
115.396
21
-85.9146
0
LINE
8
BLACK
6
CONTINUOUS
10
115.396
20
-85.9146
11
115.16
21
-85.8665
0
LINE
8
BLACK
6
CONTINUOUS
10
115.16
20
-85.8665
11
114.935
21
-85.7806
0
LINE
8
BLACK
6
CONTINUOUS
10
114.935
20
-85.7806
11
114.727
21
-85.6591
0
LINE
8
BLACK
6
CONTINUOUS
10
114.727
20
-85.6591
11
114.542
21
-85.5052
0
LINE
8
BLACK
6
CONTINUOUS
10
114.542
20
-85.5052
11
114.384
21
-85.3231
0
LINE
8
BLACK
6
CONTINUOUS
10
114.384
20
-85.3231
11
114.258
21
-85.1177
0
LINE
8
BLACK
6
CONTINUOUS
10
114.258
20
-85.1177
11
114.167
21
-84.8946
0
LINE
8
BLACK
6
CONTINUOUS
10
114.167
20
-84.8946
11
114.114
21
-84.6596
0
LINE
8
BLACK
6
CONTINUOUS
10
114.114
20
-84.6596
11
114.101
21
-84.4214
0
LINE
8
BLACK
6
CONTINUOUS
10
114.101
20
-84.4214
11
114.101
21
-84.4191
0
LINE
8
BLACK
6
CONTINUOUS
10
114.101
20
-84.4191
11
114.126
21
-84.1796
0
LINE
8
BLACK
6
CONTINUOUS
10
114.258
20
-84.8661
11
114.343
21
-85.0748
0
LINE
8
BLACK
6
CONTINUOUS
10
114.343
20
-85.0748
11
114.461
21
-85.2668
0
LINE
8
BLACK
6
CONTINUOUS
10
114.461
20
-85.2668
11
114.608
21
-85.4371
0
LINE
8
BLACK
6
CONTINUOUS
10
114.608
20
-85.4371
11
114.782
21
-85.581
0
LINE
8
BLACK
6
CONTINUOUS
10
114.782
20
-85.581
11
114.976
21
-85.6947
0
LINE
8
BLACK
6
CONTINUOUS
10
114.976
20
-85.6947
11
115.186
21
-85.775
0
LINE
8
BLACK
6
CONTINUOUS
10
115.186
20
-85.775
11
115.407
21
-85.8199
0
LINE
8
BLACK
6
CONTINUOUS
10
115.407
20
-85.8199
11
115.632
21
-85.8282
0
LINE
8
BLACK
6
CONTINUOUS
10
115.632
20
-85.8282
11
115.856
21
-85.7996
0
LINE
8
BLACK
6
CONTINUOUS
10
115.856
20
-85.7996
11
116.072
21
-85.7348
0
LINE
8
BLACK
6
CONTINUOUS
10
116.072
20
-85.7348
11
116.274
21
-85.6357
0
LINE
8
BLACK
6
CONTINUOUS
10
116.274
20
-85.6357
11
116.457
21
-85.5049
0
LINE
8
BLACK
6
CONTINUOUS
10
116.457
20
-85.5049
11
116.617
21
-85.3459
0
LINE
8
BLACK
6
CONTINUOUS
10
116.617
20
-85.3459
11
116.748
21
-85.163
0
LINE
8
BLACK
6
CONTINUOUS
10
116.748
20
-85.163
11
116.848
21
-84.961
0
LINE
8
BLACK
6
CONTINUOUS
10
116.848
20
-84.961
11
116.914
21
-84.7455
0
LINE
8
BLACK
6
CONTINUOUS
10
116.914
20
-84.7455
11
116.943
21
-84.5221
0
LINE
8
BLACK
6
CONTINUOUS
10
116.943
20
-84.5221
11
116.945
21
-84.455
0
LINE
8
BLACK
6
CONTINUOUS
10
116.945
20
-84.455
11
116.926
21
-84.2305
0
LINE
8
BLACK
6
CONTINUOUS
10
116.926
20
-84.2305
11
116.871
21
-84.012
0
LINE
8
BLACK
6
CONTINUOUS
10
116.871
20
-84.012
11
116.781
21
-83.8054
0
LINE
8
BLACK
6
CONTINUOUS
10
116.781
20
-83.8054
11
116.659
21
-83.6163
0
LINE
8
BLACK
6
CONTINUOUS
10
116.659
20
-83.6163
11
116.507
21
-83.4497
0
LINE
8
BLACK
6
CONTINUOUS
10
116.507
20
-83.4497
11
116.331
21
-83.3101
0
LINE
8
BLACK
6
CONTINUOUS
10
116.331
20
-83.3101
11
116.133
21
-83.2012
0
LINE
8
BLACK
6
CONTINUOUS
10
116.133
20
-83.2012
11
115.921
21
-83.126
0
LINE
8
BLACK
6
CONTINUOUS
10
115.921
20
-83.126
11
115.699
21
-83.0865
0
LINE
8
BLACK
6
CONTINUOUS
10
115.699
20
-83.0865
11
115.474
21
-83.0837
0
LINE
8
BLACK
6
CONTINUOUS
10
115.474
20
-83.0837
11
115.251
21
-83.1178
0
LINE
8
BLACK
6
CONTINUOUS
10
115.251
20
-83.1178
11
115.037
21
-83.1878
0
LINE
8
BLACK
6
CONTINUOUS
10
115.037
20
-83.1878
11
114.838
21
-83.2918
0
LINE
8
BLACK
6
CONTINUOUS
10
114.838
20
-83.2918
11
114.657
21
-83.4271
0
LINE
8
BLACK
6
CONTINUOUS
10
114.657
20
-83.4271
11
114.502
21
-83.5899
0
LINE
8
BLACK
6
CONTINUOUS
10
114.502
20
-83.5899
11
114.375
21
-83.776
0
LINE
8
BLACK
6
CONTINUOUS
10
114.375
20
-83.776
11
114.28
21
-83.9804
0
LINE
8
BLACK
6
CONTINUOUS
10
114.28
20
-83.9804
11
114.22
21
-84.1974
0
LINE
8
BLACK
6
CONTINUOUS
10
114.22
20
-84.1974
11
114.196
21
-84.4214
0
LINE
8
BLACK
6
CONTINUOUS
10
114.196
20
-84.4214
11
114.209
21
-84.6463
0
LINE
8
BLACK
6
CONTINUOUS
10
114.209
20
-84.6463
11
114.258
21
-84.8661
0
LINE
8
BLACK
6
CONTINUOUS
10
207.471
20
-84.1796
11
207.536
21
-83.9474
0
LINE
8
BLACK
6
CONTINUOUS
10
207.536
20
-83.9474
11
207.637
21
-83.729
0
LINE
8
BLACK
6
CONTINUOUS
10
207.637
20
-83.729
11
207.773
21
-83.53
0
LINE
8
BLACK
6
CONTINUOUS
10
207.773
20
-83.53
11
207.939
21
-83.3558
0
LINE
8
BLACK
6
CONTINUOUS
10
207.939
20
-83.3558
11
208.132
21
-83.2112
0
LINE
8
BLACK
6
CONTINUOUS
10
208.132
20
-83.2112
11
208.345
21
-83.1
0
LINE
8
BLACK
6
CONTINUOUS
10
208.345
20
-83.1
11
208.574
21
-83.0251
0
LINE
8
BLACK
6
CONTINUOUS
10
208.574
20
-83.0251
11
208.812
21
-82.9887
0
LINE
8
BLACK
6
CONTINUOUS
10
208.812
20
-82.9887
11
209.053
21
-82.9916
0
LINE
8
BLACK
6
CONTINUOUS
10
209.053
20
-82.9916
11
209.29
21
-83.0339
0
LINE
8
BLACK
6
CONTINUOUS
10
209.29
20
-83.0339
11
209.518
21
-83.1143
0
LINE
8
BLACK
6
CONTINUOUS
10
209.518
20
-83.1143
11
209.728
21
-83.2307
0
LINE
8
BLACK
6
CONTINUOUS
10
209.728
20
-83.2307
11
209.917
21
-83.38
0
LINE
8
BLACK
6
CONTINUOUS
10
209.917
20
-83.38
11
210.08
21
-83.5581
0
LINE
8
BLACK
6
CONTINUOUS
10
210.08
20
-83.5581
11
210.21
21
-83.7604
0
LINE
8
BLACK
6
CONTINUOUS
10
210.21
20
-83.7604
11
210.306
21
-83.9813
0
LINE
8
BLACK
6
CONTINUOUS
10
210.306
20
-83.9813
11
210.365
21
-84.2149
0
LINE
8
BLACK
6
CONTINUOUS
10
210.365
20
-84.2149
11
210.385
21
-84.455
0
LINE
8
BLACK
6
CONTINUOUS
10
210.385
20
-84.455
11
210.383
21
-84.5268
0
LINE
8
BLACK
6
CONTINUOUS
10
210.383
20
-84.5268
11
210.352
21
-84.7656
0
LINE
8
BLACK
6
CONTINUOUS
10
210.352
20
-84.7656
11
210.282
21
-84.9961
0
LINE
8
BLACK
6
CONTINUOUS
10
210.282
20
-84.9961
11
210.175
21
-85.2121
0
LINE
8
BLACK
6
CONTINUOUS
10
210.175
20
-85.2121
11
210.034
21
-85.4077
0
LINE
8
BLACK
6
CONTINUOUS
10
210.034
20
-85.4077
11
209.864
21
-85.5777
0
LINE
8
BLACK
6
CONTINUOUS
10
209.864
20
-85.5777
11
209.668
21
-85.7176
0
LINE
8
BLACK
6
CONTINUOUS
10
209.668
20
-85.7176
11
209.451
21
-85.8236
0
LINE
8
BLACK
6
CONTINUOUS
10
209.451
20
-85.8236
11
209.221
21
-85.8928
0
LINE
8
BLACK
6
CONTINUOUS
10
209.221
20
-85.8928
11
208.982
21
-85.9234
0
LINE
8
BLACK
6
CONTINUOUS
10
208.982
20
-85.9234
11
208.741
21
-85.9146
0
LINE
8
BLACK
6
CONTINUOUS
10
208.741
20
-85.9146
11
208.505
21
-85.8665
0
LINE
8
BLACK
6
CONTINUOUS
10
208.505
20
-85.8665
11
208.28
21
-85.7806
0
LINE
8
BLACK
6
CONTINUOUS
10
208.28
20
-85.7806
11
208.072
21
-85.6591
0
LINE
8
BLACK
6
CONTINUOUS
10
208.072
20
-85.6591
11
207.887
21
-85.5052
0
LINE
8
BLACK
6
CONTINUOUS
10
207.887
20
-85.5052
11
207.729
21
-85.3231
0
LINE
8
BLACK
6
CONTINUOUS
10
207.729
20
-85.3231
11
207.603
21
-85.1177
0
LINE
8
BLACK
6
CONTINUOUS
10
207.603
20
-85.1177
11
207.512
21
-84.8946
0
LINE
8
BLACK
6
CONTINUOUS
10
207.512
20
-84.8946
11
207.459
21
-84.6596
0
LINE
8
BLACK
6
CONTINUOUS
10
207.459
20
-84.6596
11
207.446
21
-84.4214
0
LINE
8
BLACK
6
CONTINUOUS
10
207.446
20
-84.4214
11
207.446
21
-84.4191
0
LINE
8
BLACK
6
CONTINUOUS
10
207.446
20
-84.4191
11
207.471
21
-84.1796
0
LINE
8
BLACK
6
CONTINUOUS
10
207.603
20
-84.8661
11
207.688
21
-85.0748
0
LINE
8
BLACK
6
CONTINUOUS
10
207.688
20
-85.0748
11
207.806
21
-85.2668
0
LINE
8
BLACK
6
CONTINUOUS
10
207.806
20
-85.2668
11
207.953
21
-85.4371
0
LINE
8
BLACK
6
CONTINUOUS
10
207.953
20
-85.4371
11
208.127
21
-85.581
0
LINE
8
BLACK
6
CONTINUOUS
10
208.127
20
-85.581
11
208.321
21
-85.6947
0
LINE
8
BLACK
6
CONTINUOUS
10
208.321
20
-85.6947
11
208.531
21
-85.775
0
LINE
8
BLACK
6
CONTINUOUS
10
208.531
20
-85.775
11
208.752
21
-85.8199
0
LINE
8
BLACK
6
CONTINUOUS
10
208.752
20
-85.8199
11
208.977
21
-85.8282
0
LINE
8
BLACK
6
CONTINUOUS
10
208.977
20
-85.8282
11
209.201
21
-85.7996
0
LINE
8
BLACK
6
CONTINUOUS
10
209.201
20
-85.7996
11
209.417
21
-85.7348
0
LINE
8
BLACK
6
CONTINUOUS
10
209.417
20
-85.7348
11
209.619
21
-85.6357
0
LINE
8
BLACK
6
CONTINUOUS
10
209.619
20
-85.6357
11
209.802
21
-85.5049
0
LINE
8
BLACK
6
CONTINUOUS
10
209.802
20
-85.5049
11
209.962
21
-85.3459
0
LINE
8
BLACK
6
CONTINUOUS
10
209.962
20
-85.3459
11
210.093
21
-85.163
0
LINE
8
BLACK
6
CONTINUOUS
10
210.093
20
-85.163
11
210.193
21
-84.961
0
LINE
8
BLACK
6
CONTINUOUS
10
210.193
20
-84.961
11
210.259
21
-84.7455
0
LINE
8
BLACK
6
CONTINUOUS
10
210.259
20
-84.7455
11
210.288
21
-84.5221
0
LINE
8
BLACK
6
CONTINUOUS
10
210.288
20
-84.5221
11
210.29
21
-84.455
0
LINE
8
BLACK
6
CONTINUOUS
10
210.29
20
-84.455
11
210.271
21
-84.2305
0
LINE
8
BLACK
6
CONTINUOUS
10
210.271
20
-84.2305
11
210.216
21
-84.012
0
LINE
8
BLACK
6
CONTINUOUS
10
210.216
20
-84.012
11
210.126
21
-83.8054
0
LINE
8
BLACK
6
CONTINUOUS
10
210.126
20
-83.8054
11
210.004
21
-83.6163
0
LINE
8
BLACK
6
CONTINUOUS
10
210.004
20
-83.6163
11
209.852
21
-83.4497
0
LINE
8
BLACK
6
CONTINUOUS
10
209.852
20
-83.4497
11
209.676
21
-83.3101
0
LINE
8
BLACK
6
CONTINUOUS
10
209.676
20
-83.3101
11
209.478
21
-83.2012
0
LINE
8
BLACK
6
CONTINUOUS
10
209.478
20
-83.2012
11
209.266
21
-83.126
0
LINE
8
BLACK
6
CONTINUOUS
10
209.266
20
-83.126
11
209.044
21
-83.0865
0
LINE
8
BLACK
6
CONTINUOUS
10
209.044
20
-83.0865
11
208.819
21
-83.0837
0
LINE
8
BLACK
6
CONTINUOUS
10
208.819
20
-83.0837
11
208.596
21
-83.1178
0
LINE
8
BLACK
6
CONTINUOUS
10
208.596
20
-83.1178
11
208.382
21
-83.1878
0
LINE
8
BLACK
6
CONTINUOUS
10
208.382
20
-83.1878
11
208.183
21
-83.2918
0
LINE
8
BLACK
6
CONTINUOUS
10
208.183
20
-83.2918
11
208.002
21
-83.4271
0
LINE
8
BLACK
6
CONTINUOUS
10
208.002
20
-83.4271
11
207.847
21
-83.5899
0
LINE
8
BLACK
6
CONTINUOUS
10
207.847
20
-83.5899
11
207.72
21
-83.776
0
LINE
8
BLACK
6
CONTINUOUS
10
207.72
20
-83.776
11
207.625
21
-83.9804
0
LINE
8
BLACK
6
CONTINUOUS
10
207.625
20
-83.9804
11
207.565
21
-84.1974
0
LINE
8
BLACK
6
CONTINUOUS
10
207.565
20
-84.1974
11
207.541
21
-84.4214
0
LINE
8
BLACK
6
CONTINUOUS
10
207.541
20
-84.4214
11
207.554
21
-84.6463
0
LINE
8
BLACK
6
CONTINUOUS
10
207.554
20
-84.6463
11
207.603
21
-84.8661
0
CIRCLE
8
BLACK
10
121.823
20
-108.133
40
0.65
0
CIRCLE
8
BLACK
10
121.823
20
-103.053
40
0.65
0
CIRCLE
8
BLACK
10
189.77
20
-96.3131
40
0.5
0
CIRCLE
8
BLACK
10
193.77
20
-96.3131
40
0.5
0
CIRCLE
8
BLACK
10
164.465
20
-126.365
40
0.4
0
CIRCLE
8
BLACK
10
164.465
20
-116.205
40
0.4
0
CIRCLE
8
BLACK
10
200.449
20
-99.06
40
0.6
0
CIRCLE
8
BLACK
10
205.449
20
-99.06
40
0.6
0
CIRCLE
8
BLACK
10
141.605
20
-116.679
40
0.6
0
CIRCLE
8
BLACK
10
141.605
20
-124.179
40
0.6
0
CIRCLE
8
BLACK
10
144.145
20
-109.22
40
0.4
0
CIRCLE
8
BLACK
10
144.145
20
-99.06
40
0.4
0
CIRCLE
8
BLACK
10
153.67
20
-116.205
40
0.4
0
CIRCLE
8
BLACK
10
153.67
20
-126.365
40
0.4
0
CIRCLE
8
BLACK
10
149.225
20
-88.9
40
0.8
0
CIRCLE
8
BLACK
10
149.225
20
-104.14
40
0.8
0
CIRCLE
8
BLACK
10
139.7
20
-105.41
40
0.45
0
CIRCLE
8
BLACK
10
139.7
20
-102.87
40
0.45
0
CIRCLE
8
BLACK
10
202.26
20
-110.485
40
0.65
0
CIRCLE
8
BLACK
10
202.26
20
-115.565
40
0.65
0
CIRCLE
8
BLACK
10
133.818
20
-111.553
40
0.55
0
CIRCLE
8
BLACK
10
133.818
20
-101.393
40
0.55
0
CIRCLE
8
BLACK
10
128.938
20
-101.393
40
0.4
0
CIRCLE
8
BLACK
10
128.938
20
-111.553
40
0.4
0
CIRCLE
8
BLACK
10
191.368
20
-110.283
40
0.4
0
CIRCLE
8
BLACK
10
191.368
20
-120.443
40
0.4
0
CIRCLE
8
BLACK
10
180.34
20
-112.365
40
0.6
0
CIRCLE
8
BLACK
10
180.34
20
-119.865
40
0.6
0
CIRCLE
8
BLACK
10
158.675
20
-120.665
40
0.4
0
CIRCLE
8
BLACK
10
158.675
20
-123.205
40
0.4
0
CIRCLE
8
BLACK
10
158.675
20
-125.745
40
0.4
0
CIRCLE
8
BLACK
10
180.88
20
-96.3131
40
0.5
0
CIRCLE
8
BLACK
10
184.88
20
-96.3131
40
0.5
0
CIRCLE
8
BLACK
10
124.343
20
-96.3131
40
0.85
0
CIRCLE
8
BLACK
10
117.583
20
-96.3131
40
0.65
0
CIRCLE
8
BLACK
10
133.933
20
-96.3131
40
0.85
0
CIRCLE
8
BLACK
10
140.693
20
-96.3131
40
0.65
0
CIRCLE
8
BLACK
10
180.975
20
-90.17
40
0.4
0
CIRCLE
8
BLACK
10
180.975
20
-87.63
40
0.4
0
CIRCLE
8
BLACK
10
166.37
20
-89.385
40
1.75
0
CIRCLE
8
BLACK
10
162.97
20
-109.365
40
0.55
0
CIRCLE
8
BLACK
10
164.67
20
-105.565
40
0.55
0
CIRCLE
8
BLACK
10
166.37
20
-109.365
40
0.55
0
CIRCLE
8
BLACK
10
168.07
20
-105.565
40
0.55
0
CIRCLE
8
BLACK
10
169.77
20
-109.365
40
0.55
0
CIRCLE
8
BLACK
10
195.178
20
-110.323
40
0.4
0
CIRCLE
8
BLACK
10
195.178
20
-115.323
40
0.4
0
LINE
8
BLACK
6
CONTINUOUS
10
113.05
20
-82.6079
11
113.104
21
-82.5614
0
LINE
8
BLACK
6
CONTINUOUS
10
113.104
20
-82.5614
11
113.156
21
-82.55
0
LINE
8
BLACK
6
CONTINUOUS
10
113.156
20
-82.55
11
114.538
21
-82.55
0
LINE
8
BLACK
6
CONTINUOUS
10
114.538
20
-82.55
11
114.606
21
-82.57
0
LINE
8
BLACK
6
CONTINUOUS
10
114.606
20
-82.57
11
114.652
21
-82.6237
0
LINE
8
BLACK
6
CONTINUOUS
10
114.652
20
-82.6237
11
114.663
21
-82.6939
0
LINE
8
BLACK
6
CONTINUOUS
10
114.663
20
-82.6939
11
114.633
21
-82.7585
0
LINE
8
BLACK
6
CONTINUOUS
10
114.633
20
-82.7585
11
114.596
21
-82.7878
0
LINE
8
BLACK
6
CONTINUOUS
10
114.596
20
-82.7878
11
114.56
21
-82.8066
0
LINE
8
BLACK
6
CONTINUOUS
10
114.56
20
-82.8066
11
114.556
21
-82.8091
0
LINE
8
BLACK
6
CONTINUOUS
10
114.556
20
-82.8091
11
114.556
21
-82.8092
0
LINE
8
BLACK
6
CONTINUOUS
10
114.556
20
-82.8092
11
114.511
21
-82.8418
0
LINE
8
BLACK
6
CONTINUOUS
10
114.511
20
-82.8418
11
114.338
21
-82.9653
0
LINE
8
BLACK
6
CONTINUOUS
10
114.338
20
-82.9653
11
114.14
21
-83.1538
0
LINE
8
BLACK
6
CONTINUOUS
10
114.14
20
-83.1538
11
113.971
21
-83.3683
0
LINE
8
BLACK
6
CONTINUOUS
10
113.971
20
-83.3683
11
113.939
21
-83.423
0
LINE
8
BLACK
6
CONTINUOUS
10
113.939
20
-83.423
11
113.836
21
-83.6006
0
LINE
8
BLACK
6
CONTINUOUS
10
113.836
20
-83.6006
11
113.836
21
-83.6006
0
LINE
8
BLACK
6
CONTINUOUS
10
113.836
20
-83.6006
11
113.834
21
-83.6045
0
LINE
8
BLACK
6
CONTINUOUS
10
113.834
20
-83.6045
11
113.832
21
-83.6086
0
LINE
8
BLACK
6
CONTINUOUS
10
113.832
20
-83.6086
11
113.733
21
-83.8534
0
LINE
8
BLACK
6
CONTINUOUS
10
113.733
20
-83.8534
11
113.733
21
-83.8534
0
LINE
8
BLACK
6
CONTINUOUS
10
113.733
20
-83.8534
11
113.731
21
-83.8576
0
LINE
8
BLACK
6
CONTINUOUS
10
113.731
20
-83.8576
11
113.665
21
-84.1226
0
LINE
8
BLACK
6
CONTINUOUS
10
113.665
20
-84.1226
11
113.638
21
-84.3943
0
LINE
8
BLACK
6
CONTINUOUS
10
113.638
20
-84.3943
11
113.638
21
-84.3987
0
LINE
8
BLACK
6
CONTINUOUS
10
113.638
20
-84.3987
11
113.64
21
-84.455
0
LINE
8
BLACK
6
CONTINUOUS
10
113.64
20
-84.455
11
113.647
21
-84.6445
0
LINE
8
BLACK
6
CONTINUOUS
10
113.647
20
-84.6445
11
113.648
21
-84.6672
0
LINE
8
BLACK
6
CONTINUOUS
10
113.648
20
-84.6672
11
113.697
21
-84.9358
0
LINE
8
BLACK
6
CONTINUOUS
10
113.697
20
-84.9358
11
113.784
21
-85.1949
0
LINE
8
BLACK
6
CONTINUOUS
10
113.784
20
-85.1949
11
113.786
21
-85.1988
0
LINE
8
BLACK
6
CONTINUOUS
10
113.786
20
-85.1988
11
113.786
21
-85.1988
0
LINE
8
BLACK
6
CONTINUOUS
10
113.786
20
-85.1988
11
113.881
21
-85.3886
0
LINE
8
BLACK
6
CONTINUOUS
10
113.881
20
-85.3886
11
113.906
21
-85.4391
0
LINE
8
BLACK
6
CONTINUOUS
10
113.906
20
-85.4391
11
114.061
21
-85.6638
0
LINE
8
BLACK
6
CONTINUOUS
10
114.061
20
-85.6638
11
114.064
21
-85.6671
0
LINE
8
BLACK
6
CONTINUOUS
10
114.064
20
-85.6671
11
114.064
21
-85.6671
0
LINE
8
BLACK
6
CONTINUOUS
10
114.064
20
-85.6671
11
114.244
21
-85.8611
0
LINE
8
BLACK
6
CONTINUOUS
10
114.244
20
-85.8611
11
114.247
21
-85.8643
0
LINE
8
BLACK
6
CONTINUOUS
10
114.247
20
-85.8643
11
114.352
21
-85.9505
0
LINE
8
BLACK
6
CONTINUOUS
10
114.352
20
-85.9505
11
114.455
21
-86.0339
0
LINE
8
BLACK
6
CONTINUOUS
10
114.455
20
-86.0339
11
114.455
21
-86.0339
0
LINE
8
BLACK
6
CONTINUOUS
10
114.455
20
-86.0339
11
114.458
21
-86.0368
0
LINE
8
BLACK
6
CONTINUOUS
10
114.458
20
-86.0368
11
114.692
21
-86.1776
0
LINE
8
BLACK
6
CONTINUOUS
10
114.692
20
-86.1776
11
114.696
21
-86.1793
0
LINE
8
BLACK
6
CONTINUOUS
10
114.696
20
-86.1793
11
114.696
21
-86.1793
0
LINE
8
BLACK
6
CONTINUOUS
10
114.696
20
-86.1793
11
114.872
21
-86.2539
0
LINE
8
BLACK
6
CONTINUOUS
10
114.872
20
-86.2539
11
114.944
21
-86.2841
0
LINE
8
BLACK
6
CONTINUOUS
10
114.944
20
-86.2841
11
114.948
21
-86.2852
0
LINE
8
BLACK
6
CONTINUOUS
10
114.948
20
-86.2852
11
114.948
21
-86.2852
0
LINE
8
BLACK
6
CONTINUOUS
10
114.948
20
-86.2852
11
115.086
21
-86.3218
0
LINE
8
BLACK
6
CONTINUOUS
10
115.086
20
-86.3218
11
115.208
21
-86.3541
0
LINE
8
BLACK
6
CONTINUOUS
10
115.208
20
-86.3541
11
115.479
21
-86.3862
0
LINE
8
BLACK
6
CONTINUOUS
10
115.479
20
-86.3862
11
115.752
21
-86.3797
0
LINE
8
BLACK
6
CONTINUOUS
10
115.752
20
-86.3797
11
115.756
21
-86.379
0
LINE
8
BLACK
6
CONTINUOUS
10
115.756
20
-86.379
11
116.017
21
-86.3356
0
LINE
8
BLACK
6
CONTINUOUS
10
116.017
20
-86.3356
11
116.017
21
-86.3356
0
LINE
8
BLACK
6
CONTINUOUS
10
116.017
20
-86.3356
11
116.021
21
-86.3349
0
LINE
8
BLACK
6
CONTINUOUS
10
116.021
20
-86.3349
11
116.026
21
-86.3336
0
LINE
8
BLACK
6
CONTINUOUS
10
116.026
20
-86.3336
11
116.026
21
-86.3336
0
LINE
8
BLACK
6
CONTINUOUS
10
116.026
20
-86.3336
11
116.277
21
-86.2539
0
LINE
8
BLACK
6
CONTINUOUS
10
116.277
20
-86.2539
11
116.277
21
-86.2539
0
LINE
8
BLACK
6
CONTINUOUS
10
116.277
20
-86.2539
11
116.282
21
-86.2526
0
LINE
8
BLACK
6
CONTINUOUS
10
116.282
20
-86.2526
11
116.528
21
-86.1343
0
LINE
8
BLACK
6
CONTINUOUS
10
116.528
20
-86.1343
11
116.532
21
-86.1319
0
LINE
8
BLACK
6
CONTINUOUS
10
116.532
20
-86.1319
11
116.751
21
-85.9851
0
LINE
8
BLACK
6
CONTINUOUS
10
116.751
20
-85.9851
11
116.751
21
-85.9851
0
LINE
8
BLACK
6
CONTINUOUS
10
116.751
20
-85.9851
11
116.755
21
-85.9826
0
LINE
8
BLACK
6
CONTINUOUS
10
116.755
20
-85.9826
11
116.958
21
-85.8004
0
LINE
8
BLACK
6
CONTINUOUS
10
116.958
20
-85.8004
11
117.073
21
-85.6638
0
LINE
8
BLACK
6
CONTINUOUS
10
117.073
20
-85.6638
11
117.131
21
-85.5948
0
LINE
8
BLACK
6
CONTINUOUS
10
117.131
20
-85.5948
11
117.131
21
-85.5948
0
LINE
8
BLACK
6
CONTINUOUS
10
117.131
20
-85.5948
11
117.134
21
-85.5914
0
LINE
8
BLACK
6
CONTINUOUS
10
117.134
20
-85.5914
11
117.279
21
-85.3597
0
LINE
8
BLACK
6
CONTINUOUS
10
117.279
20
-85.3597
11
117.295
21
-85.3218
0
LINE
8
BLACK
6
CONTINUOUS
10
117.295
20
-85.3218
11
117.387
21
-85.114
0
LINE
8
BLACK
6
CONTINUOUS
10
117.387
20
-85.114
11
117.389
21
-85.1099
0
LINE
8
BLACK
6
CONTINUOUS
10
117.389
20
-85.1099
11
117.463
21
-84.8471
0
LINE
8
BLACK
6
CONTINUOUS
10
117.463
20
-84.8471
11
117.469
21
-84.8052
0
LINE
8
BLACK
6
CONTINUOUS
10
117.469
20
-84.8052
11
117.499
21
-84.5796
0
LINE
8
BLACK
6
CONTINUOUS
10
117.499
20
-84.5796
11
117.499
21
-84.5796
0
LINE
8
BLACK
6
CONTINUOUS
10
117.499
20
-84.5796
11
117.5
21
-84.5764
0
LINE
8
BLACK
6
CONTINUOUS
10
117.5
20
-84.5764
11
117.503
21
-84.455
0
LINE
8
BLACK
6
CONTINUOUS
10
117.503
20
-84.455
11
117.484
21
-84.1826
0
LINE
8
BLACK
6
CONTINUOUS
10
117.484
20
-84.1826
11
117.463
21
-84.0843
0
LINE
8
BLACK
6
CONTINUOUS
10
117.463
20
-84.0843
11
117.427
21
-83.92
0
LINE
8
BLACK
6
CONTINUOUS
10
117.427
20
-83.92
11
117.427
21
-83.92
0
LINE
8
BLACK
6
CONTINUOUS
10
117.427
20
-83.92
11
117.427
21
-83.9156
0
LINE
8
BLACK
6
CONTINUOUS
10
117.427
20
-83.9156
11
117.332
21
-83.6594
0
LINE
8
BLACK
6
CONTINUOUS
10
117.332
20
-83.6594
11
117.305
21
-83.6086
0
LINE
8
BLACK
6
CONTINUOUS
10
117.305
20
-83.6086
11
117.204
21
-83.423
0
LINE
8
BLACK
6
CONTINUOUS
10
117.204
20
-83.423
11
117.202
21
-83.4191
0
LINE
8
BLACK
6
CONTINUOUS
10
117.202
20
-83.4191
11
117.04
21
-83.1994
0
LINE
8
BLACK
6
CONTINUOUS
10
117.04
20
-83.1994
11
116.999
21
-83.1573
0
LINE
8
BLACK
6
CONTINUOUS
10
116.999
20
-83.1573
11
116.852
21
-83.008
0
LINE
8
BLACK
6
CONTINUOUS
10
116.852
20
-83.008
11
116.849
21
-83.0048
0
LINE
8
BLACK
6
CONTINUOUS
10
116.849
20
-83.0048
11
116.631
21
-82.8391
0
LINE
8
BLACK
6
CONTINUOUS
10
116.631
20
-82.8391
11
116.536
21
-82.7859
0
LINE
8
BLACK
6
CONTINUOUS
10
116.536
20
-82.7859
11
116.487
21
-82.7352
0
LINE
8
BLACK
6
CONTINUOUS
10
116.487
20
-82.7352
11
116.472
21
-82.6657
0
LINE
8
BLACK
6
CONTINUOUS
10
116.472
20
-82.6657
11
116.498
21
-82.5994
0
LINE
8
BLACK
6
CONTINUOUS
10
116.498
20
-82.5994
11
116.555
21
-82.5575
0
LINE
8
BLACK
6
CONTINUOUS
10
116.555
20
-82.5575
11
116.598
21
-82.55
0
LINE
8
BLACK
6
CONTINUOUS
10
116.598
20
-82.55
11
207.883
21
-82.55
0
LINE
8
BLACK
6
CONTINUOUS
10
207.883
20
-82.55
11
207.951
21
-82.57
0
LINE
8
BLACK
6
CONTINUOUS
10
207.951
20
-82.57
11
207.997
21
-82.6237
0
LINE
8
BLACK
6
CONTINUOUS
10
207.997
20
-82.6237
11
208.008
21
-82.6939
0
LINE
8
BLACK
6
CONTINUOUS
10
208.008
20
-82.6939
11
207.978
21
-82.7585
0
LINE
8
BLACK
6
CONTINUOUS
10
207.978
20
-82.7585
11
207.941
21
-82.7878
0
LINE
8
BLACK
6
CONTINUOUS
10
207.941
20
-82.7878
11
207.905
21
-82.8066
0
LINE
8
BLACK
6
CONTINUOUS
10
207.905
20
-82.8066
11
207.901
21
-82.8091
0
LINE
8
BLACK
6
CONTINUOUS
10
207.901
20
-82.8091
11
207.901
21
-82.8092
0
LINE
8
BLACK
6
CONTINUOUS
10
207.901
20
-82.8092
11
207.856
21
-82.8418
0
LINE
8
BLACK
6
CONTINUOUS
10
207.856
20
-82.8418
11
207.683
21
-82.9653
0
LINE
8
BLACK
6
CONTINUOUS
10
207.683
20
-82.9653
11
207.485
21
-83.1538
0
LINE
8
BLACK
6
CONTINUOUS
10
207.485
20
-83.1538
11
207.316
21
-83.3683
0
LINE
8
BLACK
6
CONTINUOUS
10
207.316
20
-83.3683
11
207.284
21
-83.423
0
LINE
8
BLACK
6
CONTINUOUS
10
207.284
20
-83.423
11
207.181
21
-83.6006
0
LINE
8
BLACK
6
CONTINUOUS
10
207.181
20
-83.6006
11
207.181
21
-83.6006
0
LINE
8
BLACK
6
CONTINUOUS
10
207.181
20
-83.6006
11
207.179
21
-83.6045
0
LINE
8
BLACK
6
CONTINUOUS
10
207.179
20
-83.6045
11
207.177
21
-83.6086
0
LINE
8
BLACK
6
CONTINUOUS
10
207.177
20
-83.6086
11
207.078
21
-83.8534
0
LINE
8
BLACK
6
CONTINUOUS
10
207.078
20
-83.8534
11
207.078
21
-83.8534
0
LINE
8
BLACK
6
CONTINUOUS
10
207.078
20
-83.8534
11
207.076
21
-83.8576
0
LINE
8
BLACK
6
CONTINUOUS
10
207.076
20
-83.8576
11
207.01
21
-84.1226
0
LINE
8
BLACK
6
CONTINUOUS
10
207.01
20
-84.1226
11
206.983
21
-84.3943
0
LINE
8
BLACK
6
CONTINUOUS
10
206.983
20
-84.3943
11
206.983
21
-84.3987
0
LINE
8
BLACK
6
CONTINUOUS
10
206.983
20
-84.3987
11
206.985
21
-84.455
0
LINE
8
BLACK
6
CONTINUOUS
10
206.985
20
-84.455
11
206.992
21
-84.6445
0
LINE
8
BLACK
6
CONTINUOUS
10
206.992
20
-84.6445
11
206.993
21
-84.6672
0
LINE
8
BLACK
6
CONTINUOUS
10
206.993
20
-84.6672
11
207.042
21
-84.9358
0
LINE
8
BLACK
6
CONTINUOUS
10
207.042
20
-84.9358
11
207.129
21
-85.1949
0
LINE
8
BLACK
6
CONTINUOUS
10
207.129
20
-85.1949
11
207.131
21
-85.1988
0
LINE
8
BLACK
6
CONTINUOUS
10
207.131
20
-85.1988
11
207.131
21
-85.1988
0
LINE
8
BLACK
6
CONTINUOUS
10
207.131
20
-85.1988
11
207.226
21
-85.3886
0
LINE
8
BLACK
6
CONTINUOUS
10
207.226
20
-85.3886
11
207.251
21
-85.4391
0
LINE
8
BLACK
6
CONTINUOUS
10
207.251
20
-85.4391
11
207.406
21
-85.6638
0
LINE
8
BLACK
6
CONTINUOUS
10
207.406
20
-85.6638
11
207.409
21
-85.6671
0
LINE
8
BLACK
6
CONTINUOUS
10
207.409
20
-85.6671
11
207.409
21
-85.6671
0
LINE
8
BLACK
6
CONTINUOUS
10
207.409
20
-85.6671
11
207.589
21
-85.8611
0
LINE
8
BLACK
6
CONTINUOUS
10
207.589
20
-85.8611
11
207.592
21
-85.8643
0
LINE
8
BLACK
6
CONTINUOUS
10
207.592
20
-85.8643
11
207.697
21
-85.9505
0
LINE
8
BLACK
6
CONTINUOUS
10
207.697
20
-85.9505
11
207.8
21
-86.0339
0
LINE
8
BLACK
6
CONTINUOUS
10
207.8
20
-86.0339
11
207.8
21
-86.0339
0
LINE
8
BLACK
6
CONTINUOUS
10
207.8
20
-86.0339
11
207.803
21
-86.0368
0
LINE
8
BLACK
6
CONTINUOUS
10
207.803
20
-86.0368
11
208.037
21
-86.1776
0
LINE
8
BLACK
6
CONTINUOUS
10
208.037
20
-86.1776
11
208.041
21
-86.1793
0
LINE
8
BLACK
6
CONTINUOUS
10
208.041
20
-86.1793
11
208.041
21
-86.1793
0
LINE
8
BLACK
6
CONTINUOUS
10
208.041
20
-86.1793
11
208.217
21
-86.2539
0
LINE
8
BLACK
6
CONTINUOUS
10
208.217
20
-86.2539
11
208.289
21
-86.2841
0
LINE
8
BLACK
6
CONTINUOUS
10
208.289
20
-86.2841
11
208.293
21
-86.2852
0
LINE
8
BLACK
6
CONTINUOUS
10
208.293
20
-86.2852
11
208.293
21
-86.2852
0
LINE
8
BLACK
6
CONTINUOUS
10
208.293
20
-86.2852
11
208.431
21
-86.3218
0
LINE
8
BLACK
6
CONTINUOUS
10
208.431
20
-86.3218
11
208.553
21
-86.3541
0
LINE
8
BLACK
6
CONTINUOUS
10
208.553
20
-86.3541
11
208.824
21
-86.3862
0
LINE
8
BLACK
6
CONTINUOUS
10
208.824
20
-86.3862
11
209.097
21
-86.3797
0
LINE
8
BLACK
6
CONTINUOUS
10
209.097
20
-86.3797
11
209.101
21
-86.379
0
LINE
8
BLACK
6
CONTINUOUS
10
209.101
20
-86.379
11
209.362
21
-86.3356
0
LINE
8
BLACK
6
CONTINUOUS
10
209.362
20
-86.3356
11
209.362
21
-86.3356
0
LINE
8
BLACK
6
CONTINUOUS
10
209.362
20
-86.3356
11
209.366
21
-86.3349
0
LINE
8
BLACK
6
CONTINUOUS
10
209.366
20
-86.3349
11
209.371
21
-86.3336
0
LINE
8
BLACK
6
CONTINUOUS
10
209.371
20
-86.3336
11
209.371
21
-86.3336
0
LINE
8
BLACK
6
CONTINUOUS
10
209.371
20
-86.3336
11
209.622
21
-86.2539
0
LINE
8
BLACK
6
CONTINUOUS
10
209.622
20
-86.2539
11
209.622
21
-86.2539
0
LINE
8
BLACK
6
CONTINUOUS
10
209.622
20
-86.2539
11
209.627
21
-86.2526
0
LINE
8
BLACK
6
CONTINUOUS
10
209.627
20
-86.2526
11
209.873
21
-86.1343
0
LINE
8
BLACK
6
CONTINUOUS
10
209.873
20
-86.1343
11
209.877
21
-86.1319
0
LINE
8
BLACK
6
CONTINUOUS
10
209.877
20
-86.1319
11
210.096
21
-85.9851
0
LINE
8
BLACK
6
CONTINUOUS
10
210.096
20
-85.9851
11
210.096
21
-85.9851
0
LINE
8
BLACK
6
CONTINUOUS
10
210.096
20
-85.9851
11
210.1
21
-85.9826
0
LINE
8
BLACK
6
CONTINUOUS
10
210.1
20
-85.9826
11
210.303
21
-85.8004
0
LINE
8
BLACK
6
CONTINUOUS
10
210.303
20
-85.8004
11
210.418
21
-85.6638
0
LINE
8
BLACK
6
CONTINUOUS
10
210.418
20
-85.6638
11
210.476
21
-85.5948
0
LINE
8
BLACK
6
CONTINUOUS
10
210.476
20
-85.5948
11
210.476
21
-85.5948
0
LINE
8
BLACK
6
CONTINUOUS
10
210.476
20
-85.5948
11
210.479
21
-85.5914
0
LINE
8
BLACK
6
CONTINUOUS
10
210.479
20
-85.5914
11
210.587
21
-85.4182
0
LINE
8
BLACK
6
CONTINUOUS
10
210.587
20
-85.4182
11
210.64
21
-85.371
0
LINE
8
BLACK
6
CONTINUOUS
10
210.64
20
-85.371
11
210.71
21
-85.36
0
LINE
8
BLACK
6
CONTINUOUS
10
210.71
20
-85.36
11
210.775
21
-85.3886
0
LINE
8
BLACK
6
CONTINUOUS
10
210.775
20
-85.3886
11
210.814
21
-85.4478
0
LINE
8
BLACK
6
CONTINUOUS
10
210.814
20
-85.4478
11
210.82
21
-85.4849
0
LINE
8
BLACK
6
CONTINUOUS
10
210.82
20
-85.4849
11
210.82
21
-129.414
0
LINE
8
BLACK
6
CONTINUOUS
10
210.82
20
-129.414
11
210.8
21
-129.482
0
LINE
8
BLACK
6
CONTINUOUS
10
210.8
20
-129.482
11
210.746
21
-129.529
0
LINE
8
BLACK
6
CONTINUOUS
10
210.746
20
-129.529
11
210.694
21
-129.54
0
LINE
8
BLACK
6
CONTINUOUS
10
210.694
20
-129.54
11
113.156
21
-129.54
0
LINE
8
BLACK
6
CONTINUOUS
10
113.156
20
-129.54
11
113.088
21
-129.52
0
LINE
8
BLACK
6
CONTINUOUS
10
113.088
20
-129.52
11
113.041
21
-129.466
0
LINE
8
BLACK
6
CONTINUOUS
10
113.041
20
-129.466
11
113.03
21
-129.414
0
LINE
8
BLACK
6
CONTINUOUS
10
113.03
20
-129.414
11
113.03
21
-82.676
0
LINE
8
BLACK
6
CONTINUOUS
10
113.03
20
-82.676
11
113.05
21
-82.6079
0
LINE
8
BLACK
6
CONTINUOUS
10
153.937
20
-127.648
11
154.114
21
-127.6
0
LINE
8
BLACK
6
CONTINUOUS
10
154.114
20
-127.6
11
154.124
21
-127.596
0
LINE
8
BLACK
6
CONTINUOUS
10
154.124
20
-127.596
11
154.322
21
-127.504
0
LINE
8
BLACK
6
CONTINUOUS
10
154.322
20
-127.504
11
154.331
21
-127.499
0
LINE
8
BLACK
6
CONTINUOUS
10
154.331
20
-127.499
11
154.509
21
-127.374
0
LINE
8
BLACK
6
CONTINUOUS
10
154.509
20
-127.374
11
154.518
21
-127.367
0
LINE
8
BLACK
6
CONTINUOUS
10
154.518
20
-127.367
11
154.672
21
-127.213
0
LINE
8
BLACK
6
CONTINUOUS
10
154.672
20
-127.213
11
154.679
21
-127.204
0
LINE
8
BLACK
6
CONTINUOUS
10
154.679
20
-127.204
11
154.804
21
-127.026
0
LINE
8
BLACK
6
CONTINUOUS
10
154.804
20
-127.026
11
154.809
21
-127.017
0
LINE
8
BLACK
6
CONTINUOUS
10
154.809
20
-127.017
11
154.901
21
-126.819
0
LINE
8
BLACK
6
CONTINUOUS
10
154.901
20
-126.819
11
154.905
21
-126.809
0
LINE
8
BLACK
6
CONTINUOUS
10
154.905
20
-126.809
11
154.951
21
-126.636
0
LINE
8
BLACK
6
CONTINUOUS
10
154.951
20
-126.636
11
154.951
21
-126.622
0
LINE
8
BLACK
6
CONTINUOUS
10
154.951
20
-126.622
11
154.943
21
-126.619
0
LINE
8
BLACK
6
CONTINUOUS
10
154.943
20
-126.619
11
154.424
21
-126.619
0
LINE
8
BLACK
6
CONTINUOUS
10
154.424
20
-126.619
11
154.382
21
-126.731
0
LINE
8
BLACK
6
CONTINUOUS
10
154.382
20
-126.731
11
154.283
21
-126.879
0
LINE
8
BLACK
6
CONTINUOUS
10
154.283
20
-126.879
11
154.154
21
-127.002
0
LINE
8
BLACK
6
CONTINUOUS
10
154.154
20
-127.002
11
154
21
-127.094
0
LINE
8
BLACK
6
CONTINUOUS
10
154
20
-127.094
11
153.924
21
-127.118
0
LINE
8
BLACK
6
CONTINUOUS
10
153.924
20
-127.118
11
153.924
21
-127.633
0
LINE
8
BLACK
6
CONTINUOUS
10
153.924
20
-127.633
11
153.928
21
-127.646
0
LINE
8
BLACK
6
CONTINUOUS
10
153.928
20
-127.646
11
153.937
21
-127.648
0
LINE
8
BLACK
6
CONTINUOUS
10
153.927
20
-125.084
11
153.924
21
-125.092
0
LINE
8
BLACK
6
CONTINUOUS
10
153.924
20
-125.092
11
153.924
21
-125.612
0
LINE
8
BLACK
6
CONTINUOUS
10
153.924
20
-125.612
11
154.021
21
-125.646
0
LINE
8
BLACK
6
CONTINUOUS
10
154.021
20
-125.646
11
154.171
21
-125.742
0
LINE
8
BLACK
6
CONTINUOUS
10
154.171
20
-125.742
11
154.297
21
-125.868
0
LINE
8
BLACK
6
CONTINUOUS
10
154.297
20
-125.868
11
154.391
21
-126.019
0
LINE
8
BLACK
6
CONTINUOUS
10
154.391
20
-126.019
11
154.423
21
-126.111
0
LINE
8
BLACK
6
CONTINUOUS
10
154.423
20
-126.111
11
154.938
21
-126.111
0
LINE
8
BLACK
6
CONTINUOUS
10
154.938
20
-126.111
11
154.951
21
-126.107
0
LINE
8
BLACK
6
CONTINUOUS
10
154.951
20
-126.107
11
154.953
21
-126.098
0
LINE
8
BLACK
6
CONTINUOUS
10
154.953
20
-126.098
11
154.905
21
-125.921
0
LINE
8
BLACK
6
CONTINUOUS
10
154.905
20
-125.921
11
154.901
21
-125.911
0
LINE
8
BLACK
6
CONTINUOUS
10
154.901
20
-125.911
11
154.809
21
-125.713
0
LINE
8
BLACK
6
CONTINUOUS
10
154.809
20
-125.713
11
154.804
21
-125.704
0
LINE
8
BLACK
6
CONTINUOUS
10
154.804
20
-125.704
11
154.679
21
-125.526
0
LINE
8
BLACK
6
CONTINUOUS
10
154.679
20
-125.526
11
154.672
21
-125.517
0
LINE
8
BLACK
6
CONTINUOUS
10
154.672
20
-125.517
11
154.518
21
-125.363
0
LINE
8
BLACK
6
CONTINUOUS
10
154.518
20
-125.363
11
154.509
21
-125.356
0
LINE
8
BLACK
6
CONTINUOUS
10
154.509
20
-125.356
11
154.331
21
-125.231
0
LINE
8
BLACK
6
CONTINUOUS
10
154.331
20
-125.231
11
154.322
21
-125.226
0
LINE
8
BLACK
6
CONTINUOUS
10
154.322
20
-125.226
11
154.124
21
-125.134
0
LINE
8
BLACK
6
CONTINUOUS
10
154.124
20
-125.134
11
154.114
21
-125.13
0
LINE
8
BLACK
6
CONTINUOUS
10
154.114
20
-125.13
11
153.941
21
-125.084
0
LINE
8
BLACK
6
CONTINUOUS
10
153.941
20
-125.084
11
153.927
21
-125.084
0
LINE
8
BLACK
6
CONTINUOUS
10
142.967
20
-123.176
11
142.612
21
-123.531
0
LINE
8
BLACK
6
CONTINUOUS
10
142.612
20
-123.531
11
142.628
21
-123.552
0
LINE
8
BLACK
6
CONTINUOUS
10
142.628
20
-123.552
11
142.725
21
-123.749
0
LINE
8
BLACK
6
CONTINUOUS
10
142.725
20
-123.749
11
142.785
21
-123.96
0
LINE
8
BLACK
6
CONTINUOUS
10
142.785
20
-123.96
11
142.805
21
-124.179
0
LINE
8
BLACK
6
CONTINUOUS
10
142.805
20
-124.179
11
142.803
21
-124.242
0
LINE
8
BLACK
6
CONTINUOUS
10
142.803
20
-124.242
11
142.772
21
-124.459
0
LINE
8
BLACK
6
CONTINUOUS
10
142.772
20
-124.459
11
142.701
21
-124.667
0
LINE
8
BLACK
6
CONTINUOUS
10
142.701
20
-124.667
11
142.612
21
-124.827
0
LINE
8
BLACK
6
CONTINUOUS
10
142.612
20
-124.827
11
142.969
21
-125.184
0
LINE
8
BLACK
6
CONTINUOUS
10
142.969
20
-125.184
11
142.981
21
-125.19
0
LINE
8
BLACK
6
CONTINUOUS
10
142.981
20
-125.19
11
142.989
21
-125.184
0
LINE
8
BLACK
6
CONTINUOUS
10
142.989
20
-125.184
11
143.108
21
-125
0
LINE
8
BLACK
6
CONTINUOUS
10
143.108
20
-125
11
143.112
21
-124.992
0
LINE
8
BLACK
6
CONTINUOUS
10
143.112
20
-124.992
11
143.213
21
-124.769
0
LINE
8
BLACK
6
CONTINUOUS
10
143.213
20
-124.769
11
143.216
21
-124.76
0
LINE
8
BLACK
6
CONTINUOUS
10
143.216
20
-124.76
11
143.282
21
-124.525
0
LINE
8
BLACK
6
CONTINUOUS
10
143.282
20
-124.525
11
143.284
21
-124.516
0
LINE
8
BLACK
6
CONTINUOUS
10
143.284
20
-124.516
11
143.315
21
-124.272
0
LINE
8
BLACK
6
CONTINUOUS
10
143.315
20
-124.272
11
143.316
21
-124.265
0
LINE
8
BLACK
6
CONTINUOUS
10
143.316
20
-124.265
11
143.318
21
-124.182
0
LINE
8
BLACK
6
CONTINUOUS
10
143.318
20
-124.182
11
143.318
21
-124.176
0
LINE
8
BLACK
6
CONTINUOUS
10
143.318
20
-124.176
11
143.299
21
-123.93
0
LINE
8
BLACK
6
CONTINUOUS
10
143.299
20
-123.93
11
143.298
21
-123.921
0
LINE
8
BLACK
6
CONTINUOUS
10
143.298
20
-123.921
11
143.244
21
-123.683
0
LINE
8
BLACK
6
CONTINUOUS
10
143.244
20
-123.683
11
143.241
21
-123.674
0
LINE
8
BLACK
6
CONTINUOUS
10
143.241
20
-123.674
11
143.153
21
-123.446
0
LINE
8
BLACK
6
CONTINUOUS
10
143.153
20
-123.446
11
143.149
21
-123.438
0
LINE
8
BLACK
6
CONTINUOUS
10
143.149
20
-123.438
11
143.027
21
-123.225
0
LINE
8
BLACK
6
CONTINUOUS
10
143.027
20
-123.225
11
143.022
21
-123.218
0
LINE
8
BLACK
6
CONTINUOUS
10
143.022
20
-123.218
11
142.991
21
-123.178
0
LINE
8
BLACK
6
CONTINUOUS
10
142.991
20
-123.178
11
142.979
21
-123.169
0
LINE
8
BLACK
6
CONTINUOUS
10
142.979
20
-123.169
11
142.967
21
-123.176
0
LINE
8
BLACK
6
CONTINUOUS
10
191.635
20
-121.726
11
191.812
21
-121.678
0
LINE
8
BLACK
6
CONTINUOUS
10
191.812
20
-121.678
11
191.822
21
-121.675
0
LINE
8
BLACK
6
CONTINUOUS
10
191.822
20
-121.675
11
192.02
21
-121.582
0
LINE
8
BLACK
6
CONTINUOUS
10
192.02
20
-121.582
11
192.029
21
-121.577
0
LINE
8
BLACK
6
CONTINUOUS
10
192.029
20
-121.577
11
192.207
21
-121.452
0
LINE
8
BLACK
6
CONTINUOUS
10
192.207
20
-121.452
11
192.216
21
-121.445
0
LINE
8
BLACK
6
CONTINUOUS
10
192.216
20
-121.445
11
192.37
21
-121.291
0
LINE
8
BLACK
6
CONTINUOUS
10
192.37
20
-121.291
11
192.377
21
-121.283
0
LINE
8
BLACK
6
CONTINUOUS
10
192.377
20
-121.283
11
192.502
21
-121.104
0
LINE
8
BLACK
6
CONTINUOUS
10
192.502
20
-121.104
11
192.507
21
-121.095
0
LINE
8
BLACK
6
CONTINUOUS
10
192.507
20
-121.095
11
192.599
21
-120.897
0
LINE
8
BLACK
6
CONTINUOUS
10
192.599
20
-120.897
11
192.603
21
-120.887
0
LINE
8
BLACK
6
CONTINUOUS
10
192.603
20
-120.887
11
192.649
21
-120.715
0
LINE
8
BLACK
6
CONTINUOUS
10
192.649
20
-120.715
11
192.649
21
-120.7
0
LINE
8
BLACK
6
CONTINUOUS
10
192.649
20
-120.7
11
192.641
21
-120.697
0
LINE
8
BLACK
6
CONTINUOUS
10
192.641
20
-120.697
11
192.122
21
-120.697
0
LINE
8
BLACK
6
CONTINUOUS
10
192.122
20
-120.697
11
192.08
21
-120.809
0
LINE
8
BLACK
6
CONTINUOUS
10
192.08
20
-120.809
11
191.981
21
-120.957
0
LINE
8
BLACK
6
CONTINUOUS
10
191.981
20
-120.957
11
191.852
21
-121.08
0
LINE
8
BLACK
6
CONTINUOUS
10
191.852
20
-121.08
11
191.698
21
-121.172
0
LINE
8
BLACK
6
CONTINUOUS
10
191.698
20
-121.172
11
191.622
21
-121.196
0
LINE
8
BLACK
6
CONTINUOUS
10
191.622
20
-121.196
11
191.622
21
-121.711
0
LINE
8
BLACK
6
CONTINUOUS
10
191.622
20
-121.711
11
191.626
21
-121.725
0
LINE
8
BLACK
6
CONTINUOUS
10
191.626
20
-121.725
11
191.635
21
-121.726
0
LINE
8
BLACK
6
CONTINUOUS
10
191.625
20
-119.162
11
191.622
21
-119.17
0
LINE
8
BLACK
6
CONTINUOUS
10
191.622
20
-119.17
11
191.622
21
-119.69
0
LINE
8
BLACK
6
CONTINUOUS
10
191.622
20
-119.69
11
191.719
21
-119.724
0
LINE
8
BLACK
6
CONTINUOUS
10
191.719
20
-119.724
11
191.869
21
-119.82
0
LINE
8
BLACK
6
CONTINUOUS
10
191.869
20
-119.82
11
191.995
21
-119.946
0
LINE
8
BLACK
6
CONTINUOUS
10
191.995
20
-119.946
11
192.089
21
-120.097
0
LINE
8
BLACK
6
CONTINUOUS
10
192.089
20
-120.097
11
192.121
21
-120.189
0
LINE
8
BLACK
6
CONTINUOUS
10
192.121
20
-120.189
11
192.636
21
-120.189
0
LINE
8
BLACK
6
CONTINUOUS
10
192.636
20
-120.189
11
192.65
21
-120.185
0
LINE
8
BLACK
6
CONTINUOUS
10
192.65
20
-120.185
11
192.651
21
-120.177
0
LINE
8
BLACK
6
CONTINUOUS
10
192.651
20
-120.177
11
192.603
21
-119.999
0
LINE
8
BLACK
6
CONTINUOUS
10
192.603
20
-119.999
11
192.599
21
-119.989
0
LINE
8
BLACK
6
CONTINUOUS
10
192.599
20
-119.989
11
192.507
21
-119.792
0
LINE
8
BLACK
6
CONTINUOUS
10
192.507
20
-119.792
11
192.502
21
-119.782
0
LINE
8
BLACK
6
CONTINUOUS
10
192.502
20
-119.782
11
192.377
21
-119.604
0
LINE
8
BLACK
6
CONTINUOUS
10
192.377
20
-119.604
11
192.37
21
-119.595
0
LINE
8
BLACK
6
CONTINUOUS
10
192.37
20
-119.595
11
192.216
21
-119.441
0
LINE
8
BLACK
6
CONTINUOUS
10
192.216
20
-119.441
11
192.207
21
-119.434
0
LINE
8
BLACK
6
CONTINUOUS
10
192.207
20
-119.434
11
192.029
21
-119.309
0
LINE
8
BLACK
6
CONTINUOUS
10
192.029
20
-119.309
11
192.02
21
-119.304
0
LINE
8
BLACK
6
CONTINUOUS
10
192.02
20
-119.304
11
191.822
21
-119.212
0
LINE
8
BLACK
6
CONTINUOUS
10
191.822
20
-119.212
11
191.812
21
-119.208
0
LINE
8
BLACK
6
CONTINUOUS
10
191.812
20
-119.208
11
191.64
21
-119.162
0
LINE
8
BLACK
6
CONTINUOUS
10
191.64
20
-119.162
11
191.625
21
-119.162
0
LINE
8
BLACK
6
CONTINUOUS
10
203.694
20
-114.491
11
203.338
21
-114.846
0
LINE
8
BLACK
6
CONTINUOUS
10
203.338
20
-114.846
11
203.386
21
-114.915
0
LINE
8
BLACK
6
CONTINUOUS
10
203.386
20
-114.915
11
203.482
21
-115.12
0
LINE
8
BLACK
6
CONTINUOUS
10
203.482
20
-115.12
11
203.54
21
-115.339
0
LINE
8
BLACK
6
CONTINUOUS
10
203.54
20
-115.339
11
203.56
21
-115.565
0
LINE
8
BLACK
6
CONTINUOUS
10
203.56
20
-115.565
11
203.54
21
-115.791
0
LINE
8
BLACK
6
CONTINUOUS
10
203.54
20
-115.791
11
203.482
21
-116.01
0
LINE
8
BLACK
6
CONTINUOUS
10
203.482
20
-116.01
11
203.386
21
-116.215
0
LINE
8
BLACK
6
CONTINUOUS
10
203.386
20
-116.215
11
203.338
21
-116.284
0
LINE
8
BLACK
6
CONTINUOUS
10
203.338
20
-116.284
11
203.696
21
-116.642
0
LINE
8
BLACK
6
CONTINUOUS
10
203.696
20
-116.642
11
203.708
21
-116.649
0
LINE
8
BLACK
6
CONTINUOUS
10
203.708
20
-116.649
11
203.717
21
-116.642
0
LINE
8
BLACK
6
CONTINUOUS
10
203.717
20
-116.642
11
203.851
21
-116.434
0
LINE
8
BLACK
6
CONTINUOUS
10
203.851
20
-116.434
11
203.855
21
-116.426
0
LINE
8
BLACK
6
CONTINUOUS
10
203.855
20
-116.426
11
203.962
21
-116.189
0
LINE
8
BLACK
6
CONTINUOUS
10
203.962
20
-116.189
11
203.965
21
-116.181
0
LINE
8
BLACK
6
CONTINUOUS
10
203.965
20
-116.181
11
204.035
21
-115.931
0
LINE
8
BLACK
6
CONTINUOUS
10
204.035
20
-115.931
11
204.037
21
-115.922
0
LINE
8
BLACK
6
CONTINUOUS
10
204.037
20
-115.922
11
204.07
21
-115.663
0
LINE
8
BLACK
6
CONTINUOUS
10
204.07
20
-115.663
11
204.071
21
-115.657
0
LINE
8
BLACK
6
CONTINUOUS
10
204.071
20
-115.657
11
204.073
21
-115.568
0
LINE
8
BLACK
6
CONTINUOUS
10
204.073
20
-115.568
11
204.073
21
-115.562
0
LINE
8
BLACK
6
CONTINUOUS
10
204.073
20
-115.562
11
204.054
21
-115.302
0
LINE
8
BLACK
6
CONTINUOUS
10
204.054
20
-115.302
11
204.052
21
-115.292
0
LINE
8
BLACK
6
CONTINUOUS
10
204.052
20
-115.292
11
203.995
21
-115.039
0
LINE
8
BLACK
6
CONTINUOUS
10
203.995
20
-115.039
11
203.992
21
-115.031
0
LINE
8
BLACK
6
CONTINUOUS
10
203.992
20
-115.031
11
203.898
21
-114.789
0
LINE
8
BLACK
6
CONTINUOUS
10
203.898
20
-114.789
11
203.894
21
-114.78
0
LINE
8
BLACK
6
CONTINUOUS
10
203.894
20
-114.78
11
203.765
21
-114.555
0
LINE
8
BLACK
6
CONTINUOUS
10
203.765
20
-114.555
11
203.76
21
-114.547
0
LINE
8
BLACK
6
CONTINUOUS
10
203.76
20
-114.547
11
203.717
21
-114.493
0
LINE
8
BLACK
6
CONTINUOUS
10
203.717
20
-114.493
11
203.705
21
-114.484
0
LINE
8
BLACK
6
CONTINUOUS
10
203.705
20
-114.484
11
203.694
21
-114.491
0
LINE
8
BLACK
6
CONTINUOUS
10
200.461
20
-115.791
11
200.512
21
-116.045
0
LINE
8
BLACK
6
CONTINUOUS
10
200.512
20
-116.045
11
200.514
21
-116.054
0
LINE
8
BLACK
6
CONTINUOUS
10
200.514
20
-116.054
11
200.602
21
-116.298
0
LINE
8
BLACK
6
CONTINUOUS
10
200.602
20
-116.298
11
200.606
21
-116.307
0
LINE
8
BLACK
6
CONTINUOUS
10
200.606
20
-116.307
11
200.729
21
-116.535
0
LINE
8
BLACK
6
CONTINUOUS
10
200.729
20
-116.535
11
200.734
21
-116.543
0
LINE
8
BLACK
6
CONTINUOUS
10
200.734
20
-116.543
11
200.804
21
-116.637
0
LINE
8
BLACK
6
CONTINUOUS
10
200.804
20
-116.637
11
200.815
21
-116.645
0
LINE
8
BLACK
6
CONTINUOUS
10
200.815
20
-116.645
11
200.827
21
-116.638
0
LINE
8
BLACK
6
CONTINUOUS
10
200.827
20
-116.638
11
201.182
21
-116.284
0
LINE
8
BLACK
6
CONTINUOUS
10
201.182
20
-116.284
11
201.134
21
-116.215
0
LINE
8
BLACK
6
CONTINUOUS
10
201.134
20
-116.215
11
201.038
21
-116.01
0
LINE
8
BLACK
6
CONTINUOUS
10
201.038
20
-116.01
11
200.98
21
-115.791
0
LINE
8
BLACK
6
CONTINUOUS
10
200.98
20
-115.791
11
200.96
21
-115.565
0
LINE
8
BLACK
6
CONTINUOUS
10
200.96
20
-115.565
11
200.98
21
-115.339
0
LINE
8
BLACK
6
CONTINUOUS
10
200.98
20
-115.339
11
201.038
21
-115.12
0
LINE
8
BLACK
6
CONTINUOUS
10
201.038
20
-115.12
11
201.134
21
-114.915
0
LINE
8
BLACK
6
CONTINUOUS
10
201.134
20
-114.915
11
201.182
21
-114.846
0
LINE
8
BLACK
6
CONTINUOUS
10
201.182
20
-114.846
11
200.826
21
-114.49
0
LINE
8
BLACK
6
CONTINUOUS
10
200.826
20
-114.49
11
200.813
21
-114.483
0
LINE
8
BLACK
6
CONTINUOUS
10
200.813
20
-114.483
11
200.802
21
-114.49
0
LINE
8
BLACK
6
CONTINUOUS
10
200.802
20
-114.49
11
200.787
21
-114.509
0
LINE
8
BLACK
6
CONTINUOUS
10
200.787
20
-114.509
11
200.782
21
-114.516
0
LINE
8
BLACK
6
CONTINUOUS
10
200.782
20
-114.516
11
200.647
21
-114.738
0
LINE
8
BLACK
6
CONTINUOUS
10
200.647
20
-114.738
11
200.643
21
-114.746
0
LINE
8
BLACK
6
CONTINUOUS
10
200.643
20
-114.746
11
200.542
21
-114.985
0
LINE
8
BLACK
6
CONTINUOUS
10
200.542
20
-114.985
11
200.539
21
-114.994
0
LINE
8
BLACK
6
CONTINUOUS
10
200.539
20
-114.994
11
200.476
21
-115.246
0
LINE
8
BLACK
6
CONTINUOUS
10
200.476
20
-115.246
11
200.474
21
-115.255
0
LINE
8
BLACK
6
CONTINUOUS
10
200.474
20
-115.255
11
200.448
21
-115.513
0
LINE
8
BLACK
6
CONTINUOUS
10
200.448
20
-115.513
11
200.448
21
-115.522
0
LINE
8
BLACK
6
CONTINUOUS
10
200.448
20
-115.522
11
200.46
21
-115.781
0
LINE
8
BLACK
6
CONTINUOUS
10
200.46
20
-115.781
11
200.461
21
-115.791
0
LINE
8
BLACK
6
CONTINUOUS
10
129.195
20
-110.272
11
129.192
21
-110.28
0
LINE
8
BLACK
6
CONTINUOUS
10
129.192
20
-110.28
11
129.192
21
-110.8
0
LINE
8
BLACK
6
CONTINUOUS
10
129.192
20
-110.8
11
129.289
21
-110.834
0
LINE
8
BLACK
6
CONTINUOUS
10
129.289
20
-110.834
11
129.439
21
-110.93
0
LINE
8
BLACK
6
CONTINUOUS
10
129.439
20
-110.93
11
129.565
21
-111.056
0
LINE
8
BLACK
6
CONTINUOUS
10
129.565
20
-111.056
11
129.659
21
-111.207
0
LINE
8
BLACK
6
CONTINUOUS
10
129.659
20
-111.207
11
129.691
21
-111.299
0
LINE
8
BLACK
6
CONTINUOUS
10
129.691
20
-111.299
11
130.206
21
-111.299
0
LINE
8
BLACK
6
CONTINUOUS
10
130.206
20
-111.299
11
130.22
21
-111.295
0
LINE
8
BLACK
6
CONTINUOUS
10
130.22
20
-111.295
11
130.221
21
-111.287
0
LINE
8
BLACK
6
CONTINUOUS
10
130.221
20
-111.287
11
130.173
21
-111.109
0
LINE
8
BLACK
6
CONTINUOUS
10
130.173
20
-111.109
11
130.169
21
-111.099
0
LINE
8
BLACK
6
CONTINUOUS
10
130.169
20
-111.099
11
130.077
21
-110.902
0
LINE
8
BLACK
6
CONTINUOUS
10
130.077
20
-110.902
11
130.072
21
-110.892
0
LINE
8
BLACK
6
CONTINUOUS
10
130.072
20
-110.892
11
129.947
21
-110.714
0
LINE
8
BLACK
6
CONTINUOUS
10
129.947
20
-110.714
11
129.94
21
-110.705
0
LINE
8
BLACK
6
CONTINUOUS
10
129.94
20
-110.705
11
129.786
21
-110.551
0
LINE
8
BLACK
6
CONTINUOUS
10
129.786
20
-110.551
11
129.777
21
-110.544
0
LINE
8
BLACK
6
CONTINUOUS
10
129.777
20
-110.544
11
129.599
21
-110.419
0
LINE
8
BLACK
6
CONTINUOUS
10
129.599
20
-110.419
11
129.59
21
-110.414
0
LINE
8
BLACK
6
CONTINUOUS
10
129.59
20
-110.414
11
129.392
21
-110.322
0
LINE
8
BLACK
6
CONTINUOUS
10
129.392
20
-110.322
11
129.382
21
-110.318
0
LINE
8
BLACK
6
CONTINUOUS
10
129.382
20
-110.318
11
129.21
21
-110.272
0
LINE
8
BLACK
6
CONTINUOUS
10
129.21
20
-110.272
11
129.195
21
-110.272
0
LINE
8
BLACK
6
CONTINUOUS
10
168.398
20
-109.111
11
168.911
21
-109.111
0
LINE
8
BLACK
6
CONTINUOUS
10
168.911
20
-109.111
11
168.948
21
-108.999
0
LINE
8
BLACK
6
CONTINUOUS
10
168.948
20
-108.999
11
169.042
21
-108.836
0
LINE
8
BLACK
6
CONTINUOUS
10
169.042
20
-108.836
11
169.168
21
-108.696
0
LINE
8
BLACK
6
CONTINUOUS
10
169.168
20
-108.696
11
169.32
21
-108.586
0
LINE
8
BLACK
6
CONTINUOUS
10
169.32
20
-108.586
11
169.492
21
-108.509
0
LINE
8
BLACK
6
CONTINUOUS
10
169.492
20
-108.509
11
169.516
21
-108.504
0
LINE
8
BLACK
6
CONTINUOUS
10
169.516
20
-108.504
11
169.516
21
-107.998
0
LINE
8
BLACK
6
CONTINUOUS
10
169.516
20
-107.998
11
169.512
21
-107.984
0
LINE
8
BLACK
6
CONTINUOUS
10
169.512
20
-107.984
11
169.498
21
-107.982
0
LINE
8
BLACK
6
CONTINUOUS
10
169.498
20
-107.982
11
169.448
21
-107.99
0
LINE
8
BLACK
6
CONTINUOUS
10
169.448
20
-107.99
11
169.438
21
-107.992
0
LINE
8
BLACK
6
CONTINUOUS
10
169.438
20
-107.992
11
169.227
21
-108.061
0
LINE
8
BLACK
6
CONTINUOUS
10
169.227
20
-108.061
11
169.218
21
-108.065
0
LINE
8
BLACK
6
CONTINUOUS
10
169.218
20
-108.065
11
169.022
21
-108.167
0
LINE
8
BLACK
6
CONTINUOUS
10
169.022
20
-108.167
11
169.013
21
-108.173
0
LINE
8
BLACK
6
CONTINUOUS
10
169.013
20
-108.173
11
168.836
21
-108.305
0
LINE
8
BLACK
6
CONTINUOUS
10
168.836
20
-108.305
11
168.828
21
-108.312
0
LINE
8
BLACK
6
CONTINUOUS
10
168.828
20
-108.312
11
168.676
21
-108.472
0
LINE
8
BLACK
6
CONTINUOUS
10
168.676
20
-108.472
11
168.669
21
-108.48
0
LINE
8
BLACK
6
CONTINUOUS
10
168.669
20
-108.48
11
168.544
21
-108.663
0
LINE
8
BLACK
6
CONTINUOUS
10
168.544
20
-108.663
11
168.539
21
-108.672
0
LINE
8
BLACK
6
CONTINUOUS
10
168.539
20
-108.672
11
168.446
21
-108.872
0
LINE
8
BLACK
6
CONTINUOUS
10
168.446
20
-108.872
11
168.443
21
-108.882
0
LINE
8
BLACK
6
CONTINUOUS
10
168.443
20
-108.882
11
168.384
21
-109.095
0
LINE
8
BLACK
6
CONTINUOUS
10
168.384
20
-109.095
11
168.383
21
-109.096
0
LINE
8
BLACK
6
CONTINUOUS
10
168.383
20
-109.096
11
168.386
21
-109.108
0
LINE
8
BLACK
6
CONTINUOUS
10
168.386
20
-109.108
11
168.398
21
-109.111
0
LINE
8
BLACK
6
CONTINUOUS
10
170.029
20
-107.985
11
170.024
21
-107.999
0
LINE
8
BLACK
6
CONTINUOUS
10
170.024
20
-107.999
11
170.024
21
-108.504
0
LINE
8
BLACK
6
CONTINUOUS
10
170.024
20
-108.504
11
170.048
21
-108.509
0
LINE
8
BLACK
6
CONTINUOUS
10
170.048
20
-108.509
11
170.22
21
-108.586
0
LINE
8
BLACK
6
CONTINUOUS
10
170.22
20
-108.586
11
170.372
21
-108.696
0
LINE
8
BLACK
6
CONTINUOUS
10
170.372
20
-108.696
11
170.498
21
-108.836
0
LINE
8
BLACK
6
CONTINUOUS
10
170.498
20
-108.836
11
170.592
21
-108.999
0
LINE
8
BLACK
6
CONTINUOUS
10
170.592
20
-108.999
11
170.629
21
-109.111
0
LINE
8
BLACK
6
CONTINUOUS
10
170.629
20
-109.111
11
171.14
21
-109.111
0
LINE
8
BLACK
6
CONTINUOUS
10
171.14
20
-109.111
11
171.153
21
-109.107
0
LINE
8
BLACK
6
CONTINUOUS
10
171.153
20
-109.107
11
171.155
21
-109.098
0
LINE
8
BLACK
6
CONTINUOUS
10
171.155
20
-109.098
11
171.109
21
-108.915
0
LINE
8
BLACK
6
CONTINUOUS
10
171.109
20
-108.915
11
171.105
21
-108.905
0
LINE
8
BLACK
6
CONTINUOUS
10
171.105
20
-108.905
11
171.017
21
-108.702
0
LINE
8
BLACK
6
CONTINUOUS
10
171.017
20
-108.702
11
171.012
21
-108.693
0
LINE
8
BLACK
6
CONTINUOUS
10
171.012
20
-108.693
11
170.892
21
-108.507
0
LINE
8
BLACK
6
CONTINUOUS
10
170.892
20
-108.507
11
170.886
21
-108.499
0
LINE
8
BLACK
6
CONTINUOUS
10
170.886
20
-108.499
11
170.737
21
-108.336
0
LINE
8
BLACK
6
CONTINUOUS
10
170.737
20
-108.336
11
170.729
21
-108.329
0
LINE
8
BLACK
6
CONTINUOUS
10
170.729
20
-108.329
11
170.556
21
-108.191
0
LINE
8
BLACK
6
CONTINUOUS
10
170.556
20
-108.191
11
170.547
21
-108.186
0
LINE
8
BLACK
6
CONTINUOUS
10
170.547
20
-108.186
11
170.354
21
-108.079
0
LINE
8
BLACK
6
CONTINUOUS
10
170.354
20
-108.079
11
170.344
21
-108.075
0
LINE
8
BLACK
6
CONTINUOUS
10
170.344
20
-108.075
11
170.136
21
-108.001
0
LINE
8
BLACK
6
CONTINUOUS
10
170.136
20
-108.001
11
170.126
21
-107.998
0
LINE
8
BLACK
6
CONTINUOUS
10
170.126
20
-107.998
11
170.042
21
-107.983
0
LINE
8
BLACK
6
CONTINUOUS
10
170.042
20
-107.983
11
170.029
21
-107.985
0
LINE
8
BLACK
6
CONTINUOUS
10
139.96
20
-106.816
11
139.968
21
-106.818
0
LINE
8
BLACK
6
CONTINUOUS
10
139.968
20
-106.818
11
140.645
21
-106.818
0
LINE
8
BLACK
6
CONTINUOUS
10
140.645
20
-106.818
11
140.651
21
-106.818
0
LINE
8
BLACK
6
CONTINUOUS
10
140.651
20
-106.818
11
140.702
21
-106.812
0
LINE
8
BLACK
6
CONTINUOUS
10
140.702
20
-106.812
11
140.718
21
-106.808
0
LINE
8
BLACK
6
CONTINUOUS
10
140.718
20
-106.808
11
140.838
21
-106.763
0
LINE
8
BLACK
6
CONTINUOUS
10
140.838
20
-106.763
11
140.854
21
-106.755
0
LINE
8
BLACK
6
CONTINUOUS
10
140.854
20
-106.755
11
140.956
21
-106.678
0
LINE
8
BLACK
6
CONTINUOUS
10
140.956
20
-106.678
11
140.968
21
-106.666
0
LINE
8
BLACK
6
CONTINUOUS
10
140.968
20
-106.666
11
141.045
21
-106.564
0
LINE
8
BLACK
6
CONTINUOUS
10
141.045
20
-106.564
11
141.053
21
-106.548
0
LINE
8
BLACK
6
CONTINUOUS
10
141.053
20
-106.548
11
141.098
21
-106.428
0
LINE
8
BLACK
6
CONTINUOUS
10
141.098
20
-106.428
11
141.102
21
-106.412
0
LINE
8
BLACK
6
CONTINUOUS
10
141.102
20
-106.412
11
141.108
21
-106.361
0
LINE
8
BLACK
6
CONTINUOUS
10
141.108
20
-106.361
11
141.108
21
-106.355
0
LINE
8
BLACK
6
CONTINUOUS
10
141.108
20
-106.355
11
141.108
21
-105.682
0
LINE
8
BLACK
6
CONTINUOUS
10
141.108
20
-105.682
11
141.104
21
-105.667
0
LINE
8
BLACK
6
CONTINUOUS
10
141.104
20
-105.667
11
141.102
21
-105.666
0
LINE
8
BLACK
6
CONTINUOUS
10
141.102
20
-105.666
11
141.094
21
-105.664
0
LINE
8
BLACK
6
CONTINUOUS
10
141.094
20
-105.664
11
140.6
21
-105.664
0
LINE
8
BLACK
6
CONTINUOUS
10
140.6
20
-105.664
11
140.6
21
-106.31
0
LINE
8
BLACK
6
CONTINUOUS
10
140.6
20
-106.31
11
139.954
21
-106.31
0
LINE
8
BLACK
6
CONTINUOUS
10
139.954
20
-106.31
11
139.954
21
-106.8
0
LINE
8
BLACK
6
CONTINUOUS
10
139.954
20
-106.8
11
139.958
21
-106.815
0
LINE
8
BLACK
6
CONTINUOUS
10
139.958
20
-106.815
11
139.96
21
-106.816
0
LINE
8
BLACK
6
CONTINUOUS
10
149.483
20
-102.051
11
149.479
21
-102.065
0
LINE
8
BLACK
6
CONTINUOUS
10
149.479
20
-102.065
11
149.479
21
-102.561
0
LINE
8
BLACK
6
CONTINUOUS
10
149.479
20
-102.561
11
149.719
21
-102.618
0
LINE
8
BLACK
6
CONTINUOUS
10
149.719
20
-102.618
11
149.951
21
-102.714
0
LINE
8
BLACK
6
CONTINUOUS
10
149.951
20
-102.714
11
150.165
21
-102.846
0
LINE
8
BLACK
6
CONTINUOUS
10
150.165
20
-102.846
11
150.356
21
-103.009
0
LINE
8
BLACK
6
CONTINUOUS
10
150.356
20
-103.009
11
150.519
21
-103.2
0
LINE
8
BLACK
6
CONTINUOUS
10
150.519
20
-103.2
11
150.651
21
-103.414
0
LINE
8
BLACK
6
CONTINUOUS
10
150.651
20
-103.414
11
150.747
21
-103.646
0
LINE
8
BLACK
6
CONTINUOUS
10
150.747
20
-103.646
11
150.804
21
-103.886
0
LINE
8
BLACK
6
CONTINUOUS
10
150.804
20
-103.886
11
151.302
21
-103.886
0
LINE
8
BLACK
6
CONTINUOUS
10
151.302
20
-103.886
11
151.317
21
-103.882
0
LINE
8
BLACK
6
CONTINUOUS
10
151.317
20
-103.882
11
151.32
21
-103.87
0
LINE
8
BLACK
6
CONTINUOUS
10
151.32
20
-103.87
11
151.319
21
-103.858
0
LINE
8
BLACK
6
CONTINUOUS
10
151.319
20
-103.858
11
151.318
21
-103.849
0
LINE
8
BLACK
6
CONTINUOUS
10
151.318
20
-103.849
11
151.261
21
-103.576
0
LINE
8
BLACK
6
CONTINUOUS
10
151.261
20
-103.576
11
151.259
21
-103.568
0
LINE
8
BLACK
6
CONTINUOUS
10
151.259
20
-103.568
11
151.166
21
-103.305
0
LINE
8
BLACK
6
CONTINUOUS
10
151.166
20
-103.305
11
151.162
21
-103.297
0
LINE
8
BLACK
6
CONTINUOUS
10
151.162
20
-103.297
11
151.034
21
-103.049
0
LINE
8
BLACK
6
CONTINUOUS
10
151.034
20
-103.049
11
151.03
21
-103.042
0
LINE
8
BLACK
6
CONTINUOUS
10
151.03
20
-103.042
11
150.87
21
-102.814
0
LINE
8
BLACK
6
CONTINUOUS
10
150.87
20
-102.814
11
150.864
21
-102.807
0
LINE
8
BLACK
6
CONTINUOUS
10
150.864
20
-102.807
11
150.674
21
-102.603
0
LINE
8
BLACK
6
CONTINUOUS
10
150.674
20
-102.603
11
150.668
21
-102.597
0
LINE
8
BLACK
6
CONTINUOUS
10
150.668
20
-102.597
11
150.452
21
-102.42
0
LINE
8
BLACK
6
CONTINUOUS
10
150.452
20
-102.42
11
150.445
21
-102.415
0
LINE
8
BLACK
6
CONTINUOUS
10
150.445
20
-102.415
11
150.208
21
-102.27
0
LINE
8
BLACK
6
CONTINUOUS
10
150.208
20
-102.27
11
150.2
21
-102.266
0
LINE
8
BLACK
6
CONTINUOUS
10
150.2
20
-102.266
11
149.945
21
-102.154
0
LINE
8
BLACK
6
CONTINUOUS
10
149.945
20
-102.154
11
149.937
21
-102.151
0
LINE
8
BLACK
6
CONTINUOUS
10
149.937
20
-102.151
11
149.668
21
-102.074
0
LINE
8
BLACK
6
CONTINUOUS
10
149.668
20
-102.074
11
149.66
21
-102.073
0
LINE
8
BLACK
6
CONTINUOUS
10
149.66
20
-102.073
11
149.497
21
-102.049
0
LINE
8
BLACK
6
CONTINUOUS
10
149.497
20
-102.049
11
149.483
21
-102.051
0
LINE
8
BLACK
6
CONTINUOUS
10
206.811
20
-98.0569
11
206.456
21
-98.4118
0
LINE
8
BLACK
6
CONTINUOUS
10
206.456
20
-98.4118
11
206.472
21
-98.433
0
LINE
8
BLACK
6
CONTINUOUS
10
206.472
20
-98.433
11
206.569
21
-98.63
0
LINE
8
BLACK
6
CONTINUOUS
10
206.569
20
-98.63
11
206.628
21
-98.8413
0
LINE
8
BLACK
6
CONTINUOUS
10
206.628
20
-98.8413
11
206.649
21
-99.06
0
LINE
8
BLACK
6
CONTINUOUS
10
206.649
20
-99.06
11
206.647
21
-99.1228
0
LINE
8
BLACK
6
CONTINUOUS
10
206.647
20
-99.1228
11
206.615
21
-99.3401
0
LINE
8
BLACK
6
CONTINUOUS
10
206.615
20
-99.3401
11
206.545
21
-99.5481
0
LINE
8
BLACK
6
CONTINUOUS
10
206.545
20
-99.5481
11
206.455
21
-99.7077
0
LINE
8
BLACK
6
CONTINUOUS
10
206.455
20
-99.7077
11
206.812
21
-100.065
0
LINE
8
BLACK
6
CONTINUOUS
10
206.812
20
-100.065
11
206.825
21
-100.071
0
LINE
8
BLACK
6
CONTINUOUS
10
206.825
20
-100.071
11
206.833
21
-100.065
0
LINE
8
BLACK
6
CONTINUOUS
10
206.833
20
-100.065
11
206.951
21
-99.8812
0
LINE
8
BLACK
6
CONTINUOUS
10
206.951
20
-99.8812
11
206.956
21
-99.873
0
LINE
8
BLACK
6
CONTINUOUS
10
206.956
20
-99.873
11
207.056
21
-99.6501
0
LINE
8
BLACK
6
CONTINUOUS
10
207.056
20
-99.6501
11
207.059
21
-99.6413
0
LINE
8
BLACK
6
CONTINUOUS
10
207.059
20
-99.6413
11
207.126
21
-99.406
0
LINE
8
BLACK
6
CONTINUOUS
10
207.126
20
-99.406
11
207.128
21
-99.3968
0
LINE
8
BLACK
6
CONTINUOUS
10
207.128
20
-99.3968
11
207.159
21
-99.1528
0
LINE
8
BLACK
6
CONTINUOUS
10
207.159
20
-99.1528
11
207.159
21
-99.1465
0
LINE
8
BLACK
6
CONTINUOUS
10
207.159
20
-99.1465
11
207.161
21
-99.0632
0
LINE
8
BLACK
6
CONTINUOUS
10
207.161
20
-99.0632
11
207.161
21
-99.0569
0
LINE
8
BLACK
6
CONTINUOUS
10
207.161
20
-99.0569
11
207.143
21
-98.8115
0
LINE
8
BLACK
6
CONTINUOUS
10
207.143
20
-98.8115
11
207.141
21
-98.8023
0
LINE
8
BLACK
6
CONTINUOUS
10
207.141
20
-98.8023
11
207.088
21
-98.5638
0
LINE
8
BLACK
6
CONTINUOUS
10
207.088
20
-98.5638
11
207.085
21
-98.5549
0
LINE
8
BLACK
6
CONTINUOUS
10
207.085
20
-98.5549
11
206.996
21
-98.327
0
LINE
8
BLACK
6
CONTINUOUS
10
206.996
20
-98.327
11
206.992
21
-98.3186
0
LINE
8
BLACK
6
CONTINUOUS
10
206.992
20
-98.3186
11
206.871
21
-98.1063
0
LINE
8
BLACK
6
CONTINUOUS
10
206.871
20
-98.1063
11
206.866
21
-98.0986
0
LINE
8
BLACK
6
CONTINUOUS
10
206.866
20
-98.0986
11
206.834
21
-98.0589
0
LINE
8
BLACK
6
CONTINUOUS
10
206.834
20
-98.0589
11
206.822
21
-98.0504
0
LINE
8
BLACK
6
CONTINUOUS
10
206.822
20
-98.0504
11
206.811
21
-98.0569
0
LINE
8
BLACK
6
CONTINUOUS
10
153.309
20
-127.079
11
153.16
21
-126.981
0
LINE
8
BLACK
6
CONTINUOUS
10
153.16
20
-126.981
11
153.036
21
-126.853
0
LINE
8
BLACK
6
CONTINUOUS
10
153.036
20
-126.853
11
152.944
21
-126.701
0
LINE
8
BLACK
6
CONTINUOUS
10
152.944
20
-126.701
11
152.917
21
-126.619
0
LINE
8
BLACK
6
CONTINUOUS
10
152.917
20
-126.619
11
152.402
21
-126.619
0
LINE
8
BLACK
6
CONTINUOUS
10
152.402
20
-126.619
11
152.389
21
-126.623
0
LINE
8
BLACK
6
CONTINUOUS
10
152.389
20
-126.623
11
152.387
21
-126.632
0
LINE
8
BLACK
6
CONTINUOUS
10
152.387
20
-126.632
11
152.435
21
-126.809
0
LINE
8
BLACK
6
CONTINUOUS
10
152.435
20
-126.809
11
152.439
21
-126.819
0
LINE
8
BLACK
6
CONTINUOUS
10
152.439
20
-126.819
11
152.531
21
-127.017
0
LINE
8
BLACK
6
CONTINUOUS
10
152.531
20
-127.017
11
152.536
21
-127.026
0
LINE
8
BLACK
6
CONTINUOUS
10
152.536
20
-127.026
11
152.661
21
-127.204
0
LINE
8
BLACK
6
CONTINUOUS
10
152.661
20
-127.204
11
152.668
21
-127.213
0
LINE
8
BLACK
6
CONTINUOUS
10
152.668
20
-127.213
11
152.822
21
-127.367
0
LINE
8
BLACK
6
CONTINUOUS
10
152.822
20
-127.367
11
152.831
21
-127.374
0
LINE
8
BLACK
6
CONTINUOUS
10
152.831
20
-127.374
11
153.009
21
-127.499
0
LINE
8
BLACK
6
CONTINUOUS
10
153.009
20
-127.499
11
153.018
21
-127.504
0
LINE
8
BLACK
6
CONTINUOUS
10
153.018
20
-127.504
11
153.216
21
-127.596
0
LINE
8
BLACK
6
CONTINUOUS
10
153.216
20
-127.596
11
153.226
21
-127.6
0
LINE
8
BLACK
6
CONTINUOUS
10
153.226
20
-127.6
11
153.399
21
-127.646
0
LINE
8
BLACK
6
CONTINUOUS
10
153.399
20
-127.646
11
153.413
21
-127.646
0
LINE
8
BLACK
6
CONTINUOUS
10
153.413
20
-127.646
11
153.416
21
-127.638
0
LINE
8
BLACK
6
CONTINUOUS
10
153.416
20
-127.638
11
153.416
21
-127.119
0
LINE
8
BLACK
6
CONTINUOUS
10
153.416
20
-127.119
11
153.309
21
-127.079
0
LINE
8
BLACK
6
CONTINUOUS
10
206.35
20
-127
11
206.358
21
-127.205
0
LINE
8
BLACK
6
CONTINUOUS
10
206.358
20
-127.205
11
206.358
21
-127.212
0
LINE
8
BLACK
6
CONTINUOUS
10
206.358
20
-127.212
11
206.407
21
-127.481
0
LINE
8
BLACK
6
CONTINUOUS
10
206.407
20
-127.481
11
206.494
21
-127.74
0
LINE
8
BLACK
6
CONTINUOUS
10
206.494
20
-127.74
11
206.496
21
-127.744
0
LINE
8
BLACK
6
CONTINUOUS
10
206.496
20
-127.744
11
206.496
21
-127.744
0
LINE
8
BLACK
6
CONTINUOUS
10
206.496
20
-127.744
11
206.578
21
-127.908
0
LINE
8
BLACK
6
CONTINUOUS
10
206.578
20
-127.908
11
206.616
21
-127.984
0
LINE
8
BLACK
6
CONTINUOUS
10
206.616
20
-127.984
11
206.771
21
-128.209
0
LINE
8
BLACK
6
CONTINUOUS
10
206.771
20
-128.209
11
206.774
21
-128.212
0
LINE
8
BLACK
6
CONTINUOUS
10
206.774
20
-128.212
11
206.774
21
-128.212
0
LINE
8
BLACK
6
CONTINUOUS
10
206.774
20
-128.212
11
206.954
21
-128.406
0
LINE
8
BLACK
6
CONTINUOUS
10
206.954
20
-128.406
11
206.957
21
-128.409
0
LINE
8
BLACK
6
CONTINUOUS
10
206.957
20
-128.409
11
207.062
21
-128.496
0
LINE
8
BLACK
6
CONTINUOUS
10
207.062
20
-128.496
11
207.165
21
-128.579
0
LINE
8
BLACK
6
CONTINUOUS
10
207.165
20
-128.579
11
207.165
21
-128.579
0
LINE
8
BLACK
6
CONTINUOUS
10
207.165
20
-128.579
11
207.168
21
-128.582
0
LINE
8
BLACK
6
CONTINUOUS
10
207.168
20
-128.582
11
207.402
21
-128.723
0
LINE
8
BLACK
6
CONTINUOUS
10
207.402
20
-128.723
11
207.406
21
-128.724
0
LINE
8
BLACK
6
CONTINUOUS
10
207.406
20
-128.724
11
207.406
21
-128.724
0
LINE
8
BLACK
6
CONTINUOUS
10
207.406
20
-128.724
11
207.582
21
-128.799
0
LINE
8
BLACK
6
CONTINUOUS
10
207.582
20
-128.799
11
207.654
21
-128.829
0
LINE
8
BLACK
6
CONTINUOUS
10
207.654
20
-128.829
11
207.658
21
-128.83
0
LINE
8
BLACK
6
CONTINUOUS
10
207.658
20
-128.83
11
207.658
21
-128.83
0
LINE
8
BLACK
6
CONTINUOUS
10
207.658
20
-128.83
11
207.796
21
-128.867
0
LINE
8
BLACK
6
CONTINUOUS
10
207.796
20
-128.867
11
207.918
21
-128.899
0
LINE
8
BLACK
6
CONTINUOUS
10
207.918
20
-128.899
11
208.189
21
-128.931
0
LINE
8
BLACK
6
CONTINUOUS
10
208.189
20
-128.931
11
208.462
21
-128.925
0
LINE
8
BLACK
6
CONTINUOUS
10
208.462
20
-128.925
11
208.466
21
-128.924
0
LINE
8
BLACK
6
CONTINUOUS
10
208.466
20
-128.924
11
208.727
21
-128.881
0
LINE
8
BLACK
6
CONTINUOUS
10
208.727
20
-128.881
11
208.727
21
-128.881
0
LINE
8
BLACK
6
CONTINUOUS
10
208.727
20
-128.881
11
208.731
21
-128.88
0
LINE
8
BLACK
6
CONTINUOUS
10
208.731
20
-128.88
11
208.736
21
-128.879
0
LINE
8
BLACK
6
CONTINUOUS
10
208.736
20
-128.879
11
208.736
21
-128.879
0
LINE
8
BLACK
6
CONTINUOUS
10
208.736
20
-128.879
11
208.987
21
-128.799
0
LINE
8
BLACK
6
CONTINUOUS
10
208.987
20
-128.799
11
208.987
21
-128.799
0
LINE
8
BLACK
6
CONTINUOUS
10
208.987
20
-128.799
11
208.992
21
-128.798
0
LINE
8
BLACK
6
CONTINUOUS
10
208.992
20
-128.798
11
209.238
21
-128.679
0
LINE
8
BLACK
6
CONTINUOUS
10
209.238
20
-128.679
11
209.242
21
-128.677
0
LINE
8
BLACK
6
CONTINUOUS
10
209.242
20
-128.677
11
209.461
21
-128.53
0
LINE
8
BLACK
6
CONTINUOUS
10
209.461
20
-128.53
11
209.461
21
-128.53
0
LINE
8
BLACK
6
CONTINUOUS
10
209.461
20
-128.53
11
209.465
21
-128.528
0
LINE
8
BLACK
6
CONTINUOUS
10
209.465
20
-128.528
11
209.668
21
-128.345
0
LINE
8
BLACK
6
CONTINUOUS
10
209.668
20
-128.345
11
209.783
21
-128.209
0
LINE
8
BLACK
6
CONTINUOUS
10
209.783
20
-128.209
11
209.841
21
-128.14
0
LINE
8
BLACK
6
CONTINUOUS
10
209.841
20
-128.14
11
209.841
21
-128.14
0
LINE
8
BLACK
6
CONTINUOUS
10
209.841
20
-128.14
11
209.844
21
-128.136
0
LINE
8
BLACK
6
CONTINUOUS
10
209.844
20
-128.136
11
209.989
21
-127.905
0
LINE
8
BLACK
6
CONTINUOUS
10
209.989
20
-127.905
11
210.005
21
-127.867
0
LINE
8
BLACK
6
CONTINUOUS
10
210.005
20
-127.867
11
210.097
21
-127.659
0
LINE
8
BLACK
6
CONTINUOUS
10
210.097
20
-127.659
11
210.099
21
-127.655
0
LINE
8
BLACK
6
CONTINUOUS
10
210.099
20
-127.655
11
210.102
21
-127.646
0
LINE
8
BLACK
6
CONTINUOUS
10
210.102
20
-127.646
11
210.133
21
-127.536
0
LINE
8
BLACK
6
CONTINUOUS
10
210.133
20
-127.536
11
210.173
21
-127.392
0
LINE
8
BLACK
6
CONTINUOUS
10
210.173
20
-127.392
11
210.197
21
-127.218
0
LINE
8
BLACK
6
CONTINUOUS
10
210.197
20
-127.218
11
210.209
21
-127.125
0
LINE
8
BLACK
6
CONTINUOUS
10
210.209
20
-127.125
11
210.209
21
-127.125
0
LINE
8
BLACK
6
CONTINUOUS
10
210.209
20
-127.125
11
210.21
21
-127.121
0
LINE
8
BLACK
6
CONTINUOUS
10
210.21
20
-127.121
11
210.211
21
-127.084
0
LINE
8
BLACK
6
CONTINUOUS
10
210.211
20
-127.084
11
210.213
21
-127.003
0
LINE
8
BLACK
6
CONTINUOUS
10
210.213
20
-127.003
11
210.213
21
-127.003
0
LINE
8
BLACK
6
CONTINUOUS
10
210.213
20
-127.003
11
210.213
21
-127
0
LINE
8
BLACK
6
CONTINUOUS
10
210.213
20
-127
11
210.194
21
-126.728
0
LINE
8
BLACK
6
CONTINUOUS
10
210.194
20
-126.728
11
210.19
21
-126.708
0
LINE
8
BLACK
6
CONTINUOUS
10
210.19
20
-126.708
11
210.137
21
-126.465
0
LINE
8
BLACK
6
CONTINUOUS
10
210.137
20
-126.465
11
210.137
21
-126.465
0
LINE
8
BLACK
6
CONTINUOUS
10
210.137
20
-126.465
11
210.137
21
-126.461
0
LINE
8
BLACK
6
CONTINUOUS
10
210.137
20
-126.461
11
210.042
21
-126.204
0
LINE
8
BLACK
6
CONTINUOUS
10
210.042
20
-126.204
11
210.015
21
-126.154
0
LINE
8
BLACK
6
CONTINUOUS
10
210.015
20
-126.154
11
209.914
21
-125.968
0
LINE
8
BLACK
6
CONTINUOUS
10
209.914
20
-125.968
11
209.912
21
-125.964
0
LINE
8
BLACK
6
CONTINUOUS
10
209.912
20
-125.964
11
209.75
21
-125.744
0
LINE
8
BLACK
6
CONTINUOUS
10
209.75
20
-125.744
11
209.715
21
-125.708
0
LINE
8
BLACK
6
CONTINUOUS
10
209.715
20
-125.708
11
209.641
21
-125.634
0
LINE
8
BLACK
6
CONTINUOUS
10
209.641
20
-125.634
11
209.559
21
-125.55
0
LINE
8
BLACK
6
CONTINUOUS
10
209.559
20
-125.55
11
209.341
21
-125.384
0
LINE
8
BLACK
6
CONTINUOUS
10
209.341
20
-125.384
11
209.242
21
-125.329
0
LINE
8
BLACK
6
CONTINUOUS
10
209.242
20
-125.329
11
209.107
21
-125.253
0
LINE
8
BLACK
6
CONTINUOUS
10
209.107
20
-125.253
11
209.107
21
-125.253
0
LINE
8
BLACK
6
CONTINUOUS
10
209.107
20
-125.253
11
209.103
21
-125.251
0
LINE
8
BLACK
6
CONTINUOUS
10
209.103
20
-125.251
11
209.099
21
-125.249
0
LINE
8
BLACK
6
CONTINUOUS
10
209.099
20
-125.249
11
209.099
21
-125.249
0
LINE
8
BLACK
6
CONTINUOUS
10
209.099
20
-125.249
11
208.853
21
-125.154
0
LINE
8
BLACK
6
CONTINUOUS
10
208.853
20
-125.154
11
208.853
21
-125.154
0
LINE
8
BLACK
6
CONTINUOUS
10
208.853
20
-125.154
11
208.848
21
-125.152
0
LINE
8
BLACK
6
CONTINUOUS
10
208.848
20
-125.152
11
208.844
21
-125.151
0
LINE
8
BLACK
6
CONTINUOUS
10
208.844
20
-125.151
11
208.844
21
-125.151
0
LINE
8
BLACK
6
CONTINUOUS
10
208.844
20
-125.151
11
208.75
21
-125.129
0
LINE
8
BLACK
6
CONTINUOUS
10
208.75
20
-125.129
11
208.582
21
-125.09
0
LINE
8
BLACK
6
CONTINUOUS
10
208.582
20
-125.09
11
208.31
21
-125.067
0
LINE
8
BLACK
6
CONTINUOUS
10
208.31
20
-125.067
11
208.306
21
-125.067
0
LINE
8
BLACK
6
CONTINUOUS
10
208.306
20
-125.067
11
208.306
21
-125.067
0
LINE
8
BLACK
6
CONTINUOUS
10
208.306
20
-125.067
11
208.042
21
-125.082
0
LINE
8
BLACK
6
CONTINUOUS
10
208.042
20
-125.082
11
208.042
21
-125.082
0
LINE
8
BLACK
6
CONTINUOUS
10
208.042
20
-125.082
11
208.038
21
-125.082
0
LINE
8
BLACK
6
CONTINUOUS
10
208.038
20
-125.082
11
207.932
21
-125.103
0
LINE
8
BLACK
6
CONTINUOUS
10
207.932
20
-125.103
11
207.774
21
-125.134
0
LINE
8
BLACK
6
CONTINUOUS
10
207.774
20
-125.134
11
207.774
21
-125.134
0
LINE
8
BLACK
6
CONTINUOUS
10
207.774
20
-125.134
11
207.77
21
-125.135
0
LINE
8
BLACK
6
CONTINUOUS
10
207.77
20
-125.135
11
207.766
21
-125.137
0
LINE
8
BLACK
6
CONTINUOUS
10
207.766
20
-125.137
11
207.516
21
-125.224
0
LINE
8
BLACK
6
CONTINUOUS
10
207.516
20
-125.224
11
207.516
21
-125.224
0
LINE
8
BLACK
6
CONTINUOUS
10
207.516
20
-125.224
11
207.512
21
-125.226
0
LINE
8
BLACK
6
CONTINUOUS
10
207.512
20
-125.226
11
207.508
21
-125.228
0
LINE
8
BLACK
6
CONTINUOUS
10
207.508
20
-125.228
11
207.508
21
-125.228
0
LINE
8
BLACK
6
CONTINUOUS
10
207.508
20
-125.228
11
207.371
21
-125.299
0
LINE
8
BLACK
6
CONTINUOUS
10
207.371
20
-125.299
11
207.27
21
-125.352
0
LINE
8
BLACK
6
CONTINUOUS
10
207.27
20
-125.352
11
207.266
21
-125.354
0
LINE
8
BLACK
6
CONTINUOUS
10
207.266
20
-125.354
11
207.266
21
-125.354
0
LINE
8
BLACK
6
CONTINUOUS
10
207.266
20
-125.354
11
207.221
21
-125.387
0
LINE
8
BLACK
6
CONTINUOUS
10
207.221
20
-125.387
11
207.048
21
-125.51
0
LINE
8
BLACK
6
CONTINUOUS
10
207.048
20
-125.51
11
206.85
21
-125.699
0
LINE
8
BLACK
6
CONTINUOUS
10
206.85
20
-125.699
11
206.847
21
-125.702
0
LINE
8
BLACK
6
CONTINUOUS
10
206.847
20
-125.702
11
206.847
21
-125.702
0
LINE
8
BLACK
6
CONTINUOUS
10
206.847
20
-125.702
11
206.818
21
-125.74
0
LINE
8
BLACK
6
CONTINUOUS
10
206.818
20
-125.74
11
206.681
21
-125.913
0
LINE
8
BLACK
6
CONTINUOUS
10
206.681
20
-125.913
11
206.649
21
-125.968
0
LINE
8
BLACK
6
CONTINUOUS
10
206.649
20
-125.968
11
206.546
21
-126.146
0
LINE
8
BLACK
6
CONTINUOUS
10
206.546
20
-126.146
11
206.546
21
-126.146
0
LINE
8
BLACK
6
CONTINUOUS
10
206.546
20
-126.146
11
206.544
21
-126.149
0
LINE
8
BLACK
6
CONTINUOUS
10
206.544
20
-126.149
11
206.542
21
-126.154
0
LINE
8
BLACK
6
CONTINUOUS
10
206.542
20
-126.154
11
206.443
21
-126.398
0
LINE
8
BLACK
6
CONTINUOUS
10
206.443
20
-126.398
11
206.443
21
-126.398
0
LINE
8
BLACK
6
CONTINUOUS
10
206.443
20
-126.398
11
206.441
21
-126.403
0
LINE
8
BLACK
6
CONTINUOUS
10
206.441
20
-126.403
11
206.375
21
-126.668
0
LINE
8
BLACK
6
CONTINUOUS
10
206.375
20
-126.668
11
206.348
21
-126.939
0
LINE
8
BLACK
6
CONTINUOUS
10
206.348
20
-126.939
11
206.348
21
-126.944
0
LINE
8
BLACK
6
CONTINUOUS
10
206.348
20
-126.944
11
206.35
21
-127
0
LINE
8
BLACK
6
CONTINUOUS
10
179.429
20
-121.315
11
179.437
21
-121.32
0
LINE
8
BLACK
6
CONTINUOUS
10
179.437
20
-121.32
11
179.653
21
-121.434
0
LINE
8
BLACK
6
CONTINUOUS
10
179.653
20
-121.434
11
179.661
21
-121.437
0
LINE
8
BLACK
6
CONTINUOUS
10
179.661
20
-121.437
11
179.892
21
-121.518
0
LINE
8
BLACK
6
CONTINUOUS
10
179.892
20
-121.518
11
179.901
21
-121.52
0
LINE
8
BLACK
6
CONTINUOUS
10
179.901
20
-121.52
11
180.142
21
-121.566
0
LINE
8
BLACK
6
CONTINUOUS
10
180.142
20
-121.566
11
180.151
21
-121.567
0
LINE
8
BLACK
6
CONTINUOUS
10
180.151
20
-121.567
11
180.395
21
-121.577
0
LINE
8
BLACK
6
CONTINUOUS
10
180.395
20
-121.577
11
180.404
21
-121.576
0
LINE
8
BLACK
6
CONTINUOUS
10
180.404
20
-121.576
11
180.647
21
-121.55
0
LINE
8
BLACK
6
CONTINUOUS
10
180.647
20
-121.55
11
180.657
21
-121.548
0
LINE
8
BLACK
6
CONTINUOUS
10
180.657
20
-121.548
11
180.893
21
-121.486
0
LINE
8
BLACK
6
CONTINUOUS
10
180.893
20
-121.486
11
180.902
21
-121.483
0
LINE
8
BLACK
6
CONTINUOUS
10
180.902
20
-121.483
11
181.127
21
-121.386
0
LINE
8
BLACK
6
CONTINUOUS
10
181.127
20
-121.386
11
181.135
21
-121.382
0
LINE
8
BLACK
6
CONTINUOUS
10
181.135
20
-121.382
11
181.343
21
-121.253
0
LINE
8
BLACK
6
CONTINUOUS
10
181.343
20
-121.253
11
181.345
21
-121.252
0
LINE
8
BLACK
6
CONTINUOUS
10
181.345
20
-121.252
11
181.352
21
-121.241
0
LINE
8
BLACK
6
CONTINUOUS
10
181.352
20
-121.241
11
181.346
21
-121.23
0
LINE
8
BLACK
6
CONTINUOUS
10
181.346
20
-121.23
11
180.988
21
-120.872
0
LINE
8
BLACK
6
CONTINUOUS
10
180.988
20
-120.872
11
180.828
21
-120.961
0
LINE
8
BLACK
6
CONTINUOUS
10
180.828
20
-120.961
11
180.62
21
-121.032
0
LINE
8
BLACK
6
CONTINUOUS
10
180.62
20
-121.032
11
180.403
21
-121.063
0
LINE
8
BLACK
6
CONTINUOUS
10
180.403
20
-121.063
11
180.183
21
-121.055
0
LINE
8
BLACK
6
CONTINUOUS
10
180.183
20
-121.055
11
179.969
21
-121.006
0
LINE
8
BLACK
6
CONTINUOUS
10
179.969
20
-121.006
11
179.767
21
-120.92
0
LINE
8
BLACK
6
CONTINUOUS
10
179.767
20
-120.92
11
179.694
21
-120.87
0
LINE
8
BLACK
6
CONTINUOUS
10
179.694
20
-120.87
11
179.338
21
-121.226
0
LINE
8
BLACK
6
CONTINUOUS
10
179.338
20
-121.226
11
179.331
21
-121.238
0
LINE
8
BLACK
6
CONTINUOUS
10
179.331
20
-121.238
11
179.34
21
-121.25
0
LINE
8
BLACK
6
CONTINUOUS
10
179.34
20
-121.25
11
179.429
21
-121.315
0
LINE
8
BLACK
6
CONTINUOUS
10
152.397
20
-126.111
11
152.916
21
-126.111
0
LINE
8
BLACK
6
CONTINUOUS
10
152.916
20
-126.111
11
152.953
21
-126.009
0
LINE
8
BLACK
6
CONTINUOUS
10
152.953
20
-126.009
11
153.05
21
-125.859
0
LINE
8
BLACK
6
CONTINUOUS
10
153.05
20
-125.859
11
153.177
21
-125.735
0
LINE
8
BLACK
6
CONTINUOUS
10
153.177
20
-125.735
11
153.329
21
-125.641
0
LINE
8
BLACK
6
CONTINUOUS
10
153.329
20
-125.641
11
153.416
21
-125.612
0
LINE
8
BLACK
6
CONTINUOUS
10
153.416
20
-125.612
11
153.416
21
-125.097
0
LINE
8
BLACK
6
CONTINUOUS
10
153.416
20
-125.097
11
153.412
21
-125.084
0
LINE
8
BLACK
6
CONTINUOUS
10
153.412
20
-125.084
11
153.403
21
-125.082
0
LINE
8
BLACK
6
CONTINUOUS
10
153.403
20
-125.082
11
153.226
21
-125.13
0
LINE
8
BLACK
6
CONTINUOUS
10
153.226
20
-125.13
11
153.216
21
-125.134
0
LINE
8
BLACK
6
CONTINUOUS
10
153.216
20
-125.134
11
153.018
21
-125.226
0
LINE
8
BLACK
6
CONTINUOUS
10
153.018
20
-125.226
11
153.009
21
-125.231
0
LINE
8
BLACK
6
CONTINUOUS
10
153.009
20
-125.231
11
152.831
21
-125.356
0
LINE
8
BLACK
6
CONTINUOUS
10
152.831
20
-125.356
11
152.822
21
-125.363
0
LINE
8
BLACK
6
CONTINUOUS
10
152.822
20
-125.363
11
152.668
21
-125.517
0
LINE
8
BLACK
6
CONTINUOUS
10
152.668
20
-125.517
11
152.661
21
-125.526
0
LINE
8
BLACK
6
CONTINUOUS
10
152.661
20
-125.526
11
152.536
21
-125.704
0
LINE
8
BLACK
6
CONTINUOUS
10
152.536
20
-125.704
11
152.531
21
-125.713
0
LINE
8
BLACK
6
CONTINUOUS
10
152.531
20
-125.713
11
152.439
21
-125.911
0
LINE
8
BLACK
6
CONTINUOUS
10
152.439
20
-125.911
11
152.435
21
-125.921
0
LINE
8
BLACK
6
CONTINUOUS
10
152.435
20
-125.921
11
152.389
21
-126.094
0
LINE
8
BLACK
6
CONTINUOUS
10
152.389
20
-126.094
11
152.389
21
-126.108
0
LINE
8
BLACK
6
CONTINUOUS
10
152.389
20
-126.108
11
152.397
21
-126.111
0
LINE
8
BLACK
6
CONTINUOUS
10
139.906
20
-124.392
11
139.954
21
-124.632
0
LINE
8
BLACK
6
CONTINUOUS
10
139.954
20
-124.632
11
139.956
21
-124.641
0
LINE
8
BLACK
6
CONTINUOUS
10
139.956
20
-124.641
11
140.039
21
-124.871
0
LINE
8
BLACK
6
CONTINUOUS
10
140.039
20
-124.871
11
140.043
21
-124.88
0
LINE
8
BLACK
6
CONTINUOUS
10
140.043
20
-124.88
11
140.158
21
-125.095
0
LINE
8
BLACK
6
CONTINUOUS
10
140.158
20
-125.095
11
140.163
21
-125.103
0
LINE
8
BLACK
6
CONTINUOUS
10
140.163
20
-125.103
11
140.22
21
-125.179
0
LINE
8
BLACK
6
CONTINUOUS
10
140.22
20
-125.179
11
140.231
21
-125.188
0
LINE
8
BLACK
6
CONTINUOUS
10
140.231
20
-125.188
11
140.244
21
-125.181
0
LINE
8
BLACK
6
CONTINUOUS
10
140.244
20
-125.181
11
140.599
21
-124.826
0
LINE
8
BLACK
6
CONTINUOUS
10
140.599
20
-124.826
11
140.566
21
-124.779
0
LINE
8
BLACK
6
CONTINUOUS
10
140.566
20
-124.779
11
140.474
21
-124.58
0
LINE
8
BLACK
6
CONTINUOUS
10
140.474
20
-124.58
11
140.42
21
-124.367
0
LINE
8
BLACK
6
CONTINUOUS
10
140.42
20
-124.367
11
140.405
21
-124.148
0
LINE
8
BLACK
6
CONTINUOUS
10
140.405
20
-124.148
11
140.431
21
-123.93
0
LINE
8
BLACK
6
CONTINUOUS
10
140.431
20
-123.93
11
140.496
21
-123.72
0
LINE
8
BLACK
6
CONTINUOUS
10
140.496
20
-123.72
11
140.596
21
-123.53
0
LINE
8
BLACK
6
CONTINUOUS
10
140.596
20
-123.53
11
140.242
21
-123.175
0
LINE
8
BLACK
6
CONTINUOUS
10
140.242
20
-123.175
11
140.229
21
-123.168
0
LINE
8
BLACK
6
CONTINUOUS
10
140.229
20
-123.168
11
140.218
21
-123.175
0
LINE
8
BLACK
6
CONTINUOUS
10
140.218
20
-123.175
11
140.214
21
-123.181
0
LINE
8
BLACK
6
CONTINUOUS
10
140.214
20
-123.181
11
140.208
21
-123.188
0
LINE
8
BLACK
6
CONTINUOUS
10
140.208
20
-123.188
11
140.081
21
-123.397
0
LINE
8
BLACK
6
CONTINUOUS
10
140.081
20
-123.397
11
140.077
21
-123.406
0
LINE
8
BLACK
6
CONTINUOUS
10
140.077
20
-123.406
11
139.983
21
-123.631
0
LINE
8
BLACK
6
CONTINUOUS
10
139.983
20
-123.631
11
139.98
21
-123.64
0
LINE
8
BLACK
6
CONTINUOUS
10
139.98
20
-123.64
11
139.919
21
-123.877
0
LINE
8
BLACK
6
CONTINUOUS
10
139.919
20
-123.877
11
139.918
21
-123.886
0
LINE
8
BLACK
6
CONTINUOUS
10
139.918
20
-123.886
11
139.893
21
-124.13
0
LINE
8
BLACK
6
CONTINUOUS
10
139.893
20
-124.13
11
139.893
21
-124.139
0
LINE
8
BLACK
6
CONTINUOUS
10
139.893
20
-124.139
11
139.905
21
-124.383
0
LINE
8
BLACK
6
CONTINUOUS
10
139.905
20
-124.383
11
139.906
21
-124.392
0
LINE
8
BLACK
6
CONTINUOUS
10
140.694
20
-125.629
11
140.702
21
-125.634
0
LINE
8
BLACK
6
CONTINUOUS
10
140.702
20
-125.634
11
140.918
21
-125.748
0
LINE
8
BLACK
6
CONTINUOUS
10
140.918
20
-125.748
11
140.926
21
-125.751
0
LINE
8
BLACK
6
CONTINUOUS
10
140.926
20
-125.751
11
141.157
21
-125.832
0
LINE
8
BLACK
6
CONTINUOUS
10
141.157
20
-125.832
11
141.166
21
-125.834
0
LINE
8
BLACK
6
CONTINUOUS
10
141.166
20
-125.834
11
141.407
21
-125.88
0
LINE
8
BLACK
6
CONTINUOUS
10
141.407
20
-125.88
11
141.416
21
-125.881
0
LINE
8
BLACK
6
CONTINUOUS
10
141.416
20
-125.881
11
141.66
21
-125.891
0
LINE
8
BLACK
6
CONTINUOUS
10
141.66
20
-125.891
11
141.669
21
-125.89
0
LINE
8
BLACK
6
CONTINUOUS
10
141.669
20
-125.89
11
141.912
21
-125.864
0
LINE
8
BLACK
6
CONTINUOUS
10
141.912
20
-125.864
11
141.922
21
-125.862
0
LINE
8
BLACK
6
CONTINUOUS
10
141.922
20
-125.862
11
142.158
21
-125.8
0
LINE
8
BLACK
6
CONTINUOUS
10
142.158
20
-125.8
11
142.167
21
-125.797
0
LINE
8
BLACK
6
CONTINUOUS
10
142.167
20
-125.797
11
142.392
21
-125.7
0
LINE
8
BLACK
6
CONTINUOUS
10
142.392
20
-125.7
11
142.4
21
-125.696
0
LINE
8
BLACK
6
CONTINUOUS
10
142.4
20
-125.696
11
142.608
21
-125.567
0
LINE
8
BLACK
6
CONTINUOUS
10
142.608
20
-125.567
11
142.61
21
-125.566
0
LINE
8
BLACK
6
CONTINUOUS
10
142.61
20
-125.566
11
142.617
21
-125.555
0
LINE
8
BLACK
6
CONTINUOUS
10
142.617
20
-125.555
11
142.611
21
-125.544
0
LINE
8
BLACK
6
CONTINUOUS
10
142.611
20
-125.544
11
142.253
21
-125.186
0
LINE
8
BLACK
6
CONTINUOUS
10
142.253
20
-125.186
11
142.093
21
-125.275
0
LINE
8
BLACK
6
CONTINUOUS
10
142.093
20
-125.275
11
141.885
21
-125.346
0
LINE
8
BLACK
6
CONTINUOUS
10
141.885
20
-125.346
11
141.668
21
-125.377
0
LINE
8
BLACK
6
CONTINUOUS
10
141.668
20
-125.377
11
141.448
21
-125.369
0
LINE
8
BLACK
6
CONTINUOUS
10
141.448
20
-125.369
11
141.234
21
-125.32
0
LINE
8
BLACK
6
CONTINUOUS
10
141.234
20
-125.32
11
141.032
21
-125.234
0
LINE
8
BLACK
6
CONTINUOUS
10
141.032
20
-125.234
11
140.959
21
-125.184
0
LINE
8
BLACK
6
CONTINUOUS
10
140.959
20
-125.184
11
140.603
21
-125.54
0
LINE
8
BLACK
6
CONTINUOUS
10
140.603
20
-125.54
11
140.596
21
-125.552
0
LINE
8
BLACK
6
CONTINUOUS
10
140.596
20
-125.552
11
140.605
21
-125.564
0
LINE
8
BLACK
6
CONTINUOUS
10
140.605
20
-125.564
11
140.694
21
-125.629
0
LINE
8
BLACK
6
CONTINUOUS
10
114.275
20
-127
11
114.283
21
-127.205
0
LINE
8
BLACK
6
CONTINUOUS
10
114.283
20
-127.205
11
114.283
21
-127.212
0
LINE
8
BLACK
6
CONTINUOUS
10
114.283
20
-127.212
11
114.332
21
-127.481
0
LINE
8
BLACK
6
CONTINUOUS
10
114.332
20
-127.481
11
114.419
21
-127.74
0
LINE
8
BLACK
6
CONTINUOUS
10
114.419
20
-127.74
11
114.421
21
-127.744
0
LINE
8
BLACK
6
CONTINUOUS
10
114.421
20
-127.744
11
114.421
21
-127.744
0
LINE
8
BLACK
6
CONTINUOUS
10
114.421
20
-127.744
11
114.503
21
-127.908
0
LINE
8
BLACK
6
CONTINUOUS
10
114.503
20
-127.908
11
114.541
21
-127.984
0
LINE
8
BLACK
6
CONTINUOUS
10
114.541
20
-127.984
11
114.696
21
-128.209
0
LINE
8
BLACK
6
CONTINUOUS
10
114.696
20
-128.209
11
114.699
21
-128.212
0
LINE
8
BLACK
6
CONTINUOUS
10
114.699
20
-128.212
11
114.699
21
-128.212
0
LINE
8
BLACK
6
CONTINUOUS
10
114.699
20
-128.212
11
114.879
21
-128.406
0
LINE
8
BLACK
6
CONTINUOUS
10
114.879
20
-128.406
11
114.882
21
-128.409
0
LINE
8
BLACK
6
CONTINUOUS
10
114.882
20
-128.409
11
114.987
21
-128.496
0
LINE
8
BLACK
6
CONTINUOUS
10
114.987
20
-128.496
11
115.09
21
-128.579
0
LINE
8
BLACK
6
CONTINUOUS
10
115.09
20
-128.579
11
115.09
21
-128.579
0
LINE
8
BLACK
6
CONTINUOUS
10
115.09
20
-128.579
11
115.093
21
-128.582
0
LINE
8
BLACK
6
CONTINUOUS
10
115.093
20
-128.582
11
115.327
21
-128.723
0
LINE
8
BLACK
6
CONTINUOUS
10
115.327
20
-128.723
11
115.331
21
-128.724
0
LINE
8
BLACK
6
CONTINUOUS
10
115.331
20
-128.724
11
115.331
21
-128.724
0
LINE
8
BLACK
6
CONTINUOUS
10
115.331
20
-128.724
11
115.507
21
-128.799
0
LINE
8
BLACK
6
CONTINUOUS
10
115.507
20
-128.799
11
115.579
21
-128.829
0
LINE
8
BLACK
6
CONTINUOUS
10
115.579
20
-128.829
11
115.583
21
-128.83
0
LINE
8
BLACK
6
CONTINUOUS
10
115.583
20
-128.83
11
115.583
21
-128.83
0
LINE
8
BLACK
6
CONTINUOUS
10
115.583
20
-128.83
11
115.721
21
-128.867
0
LINE
8
BLACK
6
CONTINUOUS
10
115.721
20
-128.867
11
115.843
21
-128.899
0
LINE
8
BLACK
6
CONTINUOUS
10
115.843
20
-128.899
11
116.114
21
-128.931
0
LINE
8
BLACK
6
CONTINUOUS
10
116.114
20
-128.931
11
116.387
21
-128.925
0
LINE
8
BLACK
6
CONTINUOUS
10
116.387
20
-128.925
11
116.391
21
-128.924
0
LINE
8
BLACK
6
CONTINUOUS
10
116.391
20
-128.924
11
116.652
21
-128.881
0
LINE
8
BLACK
6
CONTINUOUS
10
116.652
20
-128.881
11
116.652
21
-128.881
0
LINE
8
BLACK
6
CONTINUOUS
10
116.652
20
-128.881
11
116.656
21
-128.88
0
LINE
8
BLACK
6
CONTINUOUS
10
116.656
20
-128.88
11
116.661
21
-128.879
0
LINE
8
BLACK
6
CONTINUOUS
10
116.661
20
-128.879
11
116.661
21
-128.879
0
LINE
8
BLACK
6
CONTINUOUS
10
116.661
20
-128.879
11
116.912
21
-128.799
0
LINE
8
BLACK
6
CONTINUOUS
10
116.912
20
-128.799
11
116.912
21
-128.799
0
LINE
8
BLACK
6
CONTINUOUS
10
116.912
20
-128.799
11
116.917
21
-128.798
0
LINE
8
BLACK
6
CONTINUOUS
10
116.917
20
-128.798
11
117.163
21
-128.679
0
LINE
8
BLACK
6
CONTINUOUS
10
117.163
20
-128.679
11
117.167
21
-128.677
0
LINE
8
BLACK
6
CONTINUOUS
10
117.167
20
-128.677
11
117.386
21
-128.53
0
LINE
8
BLACK
6
CONTINUOUS
10
117.386
20
-128.53
11
117.386
21
-128.53
0
LINE
8
BLACK
6
CONTINUOUS
10
117.386
20
-128.53
11
117.39
21
-128.528
0
LINE
8
BLACK
6
CONTINUOUS
10
117.39
20
-128.528
11
117.593
21
-128.345
0
LINE
8
BLACK
6
CONTINUOUS
10
117.593
20
-128.345
11
117.708
21
-128.209
0
LINE
8
BLACK
6
CONTINUOUS
10
117.708
20
-128.209
11
117.766
21
-128.14
0
LINE
8
BLACK
6
CONTINUOUS
10
117.766
20
-128.14
11
117.766
21
-128.14
0
LINE
8
BLACK
6
CONTINUOUS
10
117.766
20
-128.14
11
117.769
21
-128.136
0
LINE
8
BLACK
6
CONTINUOUS
10
117.769
20
-128.136
11
117.914
21
-127.905
0
LINE
8
BLACK
6
CONTINUOUS
10
117.914
20
-127.905
11
117.93
21
-127.867
0
LINE
8
BLACK
6
CONTINUOUS
10
117.93
20
-127.867
11
118.022
21
-127.659
0
LINE
8
BLACK
6
CONTINUOUS
10
118.022
20
-127.659
11
118.024
21
-127.655
0
LINE
8
BLACK
6
CONTINUOUS
10
118.024
20
-127.655
11
118.027
21
-127.646
0
LINE
8
BLACK
6
CONTINUOUS
10
118.027
20
-127.646
11
118.058
21
-127.536
0
LINE
8
BLACK
6
CONTINUOUS
10
118.058
20
-127.536
11
118.098
21
-127.392
0
LINE
8
BLACK
6
CONTINUOUS
10
118.098
20
-127.392
11
118.122
21
-127.218
0
LINE
8
BLACK
6
CONTINUOUS
10
118.122
20
-127.218
11
118.134
21
-127.125
0
LINE
8
BLACK
6
CONTINUOUS
10
118.134
20
-127.125
11
118.134
21
-127.125
0
LINE
8
BLACK
6
CONTINUOUS
10
118.134
20
-127.125
11
118.135
21
-127.121
0
LINE
8
BLACK
6
CONTINUOUS
10
118.135
20
-127.121
11
118.136
21
-127.084
0
LINE
8
BLACK
6
CONTINUOUS
10
118.136
20
-127.084
11
118.138
21
-127.003
0
LINE
8
BLACK
6
CONTINUOUS
10
118.138
20
-127.003
11
118.138
21
-127.003
0
LINE
8
BLACK
6
CONTINUOUS
10
118.138
20
-127.003
11
118.138
21
-127
0
LINE
8
BLACK
6
CONTINUOUS
10
118.138
20
-127
11
118.119
21
-126.728
0
LINE
8
BLACK
6
CONTINUOUS
10
118.119
20
-126.728
11
118.115
21
-126.708
0
LINE
8
BLACK
6
CONTINUOUS
10
118.115
20
-126.708
11
118.098
21
-126.632
0
LINE
8
BLACK
6
CONTINUOUS
10
118.098
20
-126.632
11
118.062
21
-126.465
0
LINE
8
BLACK
6
CONTINUOUS
10
118.062
20
-126.465
11
118.062
21
-126.465
0
LINE
8
BLACK
6
CONTINUOUS
10
118.062
20
-126.465
11
118.062
21
-126.461
0
LINE
8
BLACK
6
CONTINUOUS
10
118.062
20
-126.461
11
117.967
21
-126.204
0
LINE
8
BLACK
6
CONTINUOUS
10
117.967
20
-126.204
11
117.94
21
-126.154
0
LINE
8
BLACK
6
CONTINUOUS
10
117.94
20
-126.154
11
117.907
21
-126.094
0
LINE
8
BLACK
6
CONTINUOUS
10
117.907
20
-126.094
11
117.839
21
-125.968
0
LINE
8
BLACK
6
CONTINUOUS
10
117.839
20
-125.968
11
117.837
21
-125.964
0
LINE
8
BLACK
6
CONTINUOUS
10
117.837
20
-125.964
11
117.675
21
-125.744
0
LINE
8
BLACK
6
CONTINUOUS
10
117.675
20
-125.744
11
117.64
21
-125.708
0
LINE
8
BLACK
6
CONTINUOUS
10
117.64
20
-125.708
11
117.566
21
-125.634
0
LINE
8
BLACK
6
CONTINUOUS
10
117.566
20
-125.634
11
117.486
21
-125.552
0
LINE
8
BLACK
6
CONTINUOUS
10
117.486
20
-125.552
11
117.484
21
-125.55
0
LINE
8
BLACK
6
CONTINUOUS
10
117.484
20
-125.55
11
117.266
21
-125.384
0
LINE
8
BLACK
6
CONTINUOUS
10
117.266
20
-125.384
11
117.167
21
-125.329
0
LINE
8
BLACK
6
CONTINUOUS
10
117.167
20
-125.329
11
117.032
21
-125.253
0
LINE
8
BLACK
6
CONTINUOUS
10
117.032
20
-125.253
11
117.032
21
-125.253
0
LINE
8
BLACK
6
CONTINUOUS
10
117.032
20
-125.253
11
117.028
21
-125.251
0
LINE
8
BLACK
6
CONTINUOUS
10
117.028
20
-125.251
11
117.024
21
-125.249
0
LINE
8
BLACK
6
CONTINUOUS
10
117.024
20
-125.249
11
117.024
21
-125.249
0
LINE
8
BLACK
6
CONTINUOUS
10
117.024
20
-125.249
11
116.778
21
-125.154
0
LINE
8
BLACK
6
CONTINUOUS
10
116.778
20
-125.154
11
116.778
21
-125.154
0
LINE
8
BLACK
6
CONTINUOUS
10
116.778
20
-125.154
11
116.773
21
-125.152
0
LINE
8
BLACK
6
CONTINUOUS
10
116.773
20
-125.152
11
116.769
21
-125.151
0
LINE
8
BLACK
6
CONTINUOUS
10
116.769
20
-125.151
11
116.769
21
-125.151
0
LINE
8
BLACK
6
CONTINUOUS
10
116.769
20
-125.151
11
116.675
21
-125.129
0
LINE
8
BLACK
6
CONTINUOUS
10
116.675
20
-125.129
11
116.507
21
-125.09
0
LINE
8
BLACK
6
CONTINUOUS
10
116.507
20
-125.09
11
116.235
21
-125.067
0
LINE
8
BLACK
6
CONTINUOUS
10
116.235
20
-125.067
11
116.231
21
-125.067
0
LINE
8
BLACK
6
CONTINUOUS
10
116.231
20
-125.067
11
116.231
21
-125.067
0
LINE
8
BLACK
6
CONTINUOUS
10
116.231
20
-125.067
11
115.967
21
-125.082
0
LINE
8
BLACK
6
CONTINUOUS
10
115.967
20
-125.082
11
115.967
21
-125.082
0
LINE
8
BLACK
6
CONTINUOUS
10
115.967
20
-125.082
11
115.963
21
-125.082
0
LINE
8
BLACK
6
CONTINUOUS
10
115.963
20
-125.082
11
115.857
21
-125.103
0
LINE
8
BLACK
6
CONTINUOUS
10
115.857
20
-125.103
11
115.699
21
-125.134
0
LINE
8
BLACK
6
CONTINUOUS
10
115.699
20
-125.134
11
115.699
21
-125.134
0
LINE
8
BLACK
6
CONTINUOUS
10
115.699
20
-125.134
11
115.695
21
-125.135
0
LINE
8
BLACK
6
CONTINUOUS
10
115.695
20
-125.135
11
115.691
21
-125.137
0
LINE
8
BLACK
6
CONTINUOUS
10
115.691
20
-125.137
11
115.441
21
-125.224
0
LINE
8
BLACK
6
CONTINUOUS
10
115.441
20
-125.224
11
115.441
21
-125.224
0
LINE
8
BLACK
6
CONTINUOUS
10
115.441
20
-125.224
11
115.437
21
-125.226
0
LINE
8
BLACK
6
CONTINUOUS
10
115.437
20
-125.226
11
115.433
21
-125.228
0
LINE
8
BLACK
6
CONTINUOUS
10
115.433
20
-125.228
11
115.433
21
-125.228
0
LINE
8
BLACK
6
CONTINUOUS
10
115.433
20
-125.228
11
115.296
21
-125.299
0
LINE
8
BLACK
6
CONTINUOUS
10
115.296
20
-125.299
11
115.195
21
-125.352
0
LINE
8
BLACK
6
CONTINUOUS
10
115.195
20
-125.352
11
115.191
21
-125.354
0
LINE
8
BLACK
6
CONTINUOUS
10
115.191
20
-125.354
11
115.191
21
-125.354
0
LINE
8
BLACK
6
CONTINUOUS
10
115.191
20
-125.354
11
115.146
21
-125.387
0
LINE
8
BLACK
6
CONTINUOUS
10
115.146
20
-125.387
11
114.973
21
-125.51
0
LINE
8
BLACK
6
CONTINUOUS
10
114.973
20
-125.51
11
114.775
21
-125.699
0
LINE
8
BLACK
6
CONTINUOUS
10
114.775
20
-125.699
11
114.772
21
-125.702
0
LINE
8
BLACK
6
CONTINUOUS
10
114.772
20
-125.702
11
114.772
21
-125.702
0
LINE
8
BLACK
6
CONTINUOUS
10
114.772
20
-125.702
11
114.743
21
-125.74
0
LINE
8
BLACK
6
CONTINUOUS
10
114.743
20
-125.74
11
114.606
21
-125.913
0
LINE
8
BLACK
6
CONTINUOUS
10
114.606
20
-125.913
11
114.574
21
-125.968
0
LINE
8
BLACK
6
CONTINUOUS
10
114.574
20
-125.968
11
114.471
21
-126.146
0
LINE
8
BLACK
6
CONTINUOUS
10
114.471
20
-126.146
11
114.471
21
-126.146
0
LINE
8
BLACK
6
CONTINUOUS
10
114.471
20
-126.146
11
114.469
21
-126.149
0
LINE
8
BLACK
6
CONTINUOUS
10
114.469
20
-126.149
11
114.467
21
-126.154
0
LINE
8
BLACK
6
CONTINUOUS
10
114.467
20
-126.154
11
114.368
21
-126.398
0
LINE
8
BLACK
6
CONTINUOUS
10
114.368
20
-126.398
11
114.368
21
-126.398
0
LINE
8
BLACK
6
CONTINUOUS
10
114.368
20
-126.398
11
114.366
21
-126.403
0
LINE
8
BLACK
6
CONTINUOUS
10
114.366
20
-126.403
11
114.3
21
-126.668
0
LINE
8
BLACK
6
CONTINUOUS
10
114.3
20
-126.668
11
114.273
21
-126.939
0
LINE
8
BLACK
6
CONTINUOUS
10
114.273
20
-126.939
11
114.273
21
-126.944
0
LINE
8
BLACK
6
CONTINUOUS
10
114.273
20
-126.944
11
114.275
21
-127
0
LINE
8
BLACK
6
CONTINUOUS
10
140.958
20
-123.173
11
141.088
21
-123.096
0
LINE
8
BLACK
6
CONTINUOUS
10
141.088
20
-123.096
11
141.294
21
-123.02
0
LINE
8
BLACK
6
CONTINUOUS
10
141.294
20
-123.02
11
141.511
21
-122.983
0
LINE
8
BLACK
6
CONTINUOUS
10
141.511
20
-122.983
11
141.73
21
-122.986
0
LINE
8
BLACK
6
CONTINUOUS
10
141.73
20
-122.986
11
141.946
21
-123.028
0
LINE
8
BLACK
6
CONTINUOUS
10
141.946
20
-123.028
11
142.15
21
-123.11
0
LINE
8
BLACK
6
CONTINUOUS
10
142.15
20
-123.11
11
142.251
21
-123.174
0
LINE
8
BLACK
6
CONTINUOUS
10
142.251
20
-123.174
11
142.607
21
-122.817
0
LINE
8
BLACK
6
CONTINUOUS
10
142.607
20
-122.817
11
142.614
21
-122.806
0
LINE
8
BLACK
6
CONTINUOUS
10
142.614
20
-122.806
11
142.604
21
-122.794
0
LINE
8
BLACK
6
CONTINUOUS
10
142.604
20
-122.794
11
142.478
21
-122.706
0
LINE
8
BLACK
6
CONTINUOUS
10
142.478
20
-122.706
11
142.47
21
-122.701
0
LINE
8
BLACK
6
CONTINUOUS
10
142.47
20
-122.701
11
142.251
21
-122.593
0
LINE
8
BLACK
6
CONTINUOUS
10
142.251
20
-122.593
11
142.242
21
-122.59
0
LINE
8
BLACK
6
CONTINUOUS
10
142.242
20
-122.59
11
142.009
21
-122.515
0
LINE
8
BLACK
6
CONTINUOUS
10
142.009
20
-122.515
11
142
21
-122.513
0
LINE
8
BLACK
6
CONTINUOUS
10
142
20
-122.513
11
141.759
21
-122.473
0
LINE
8
BLACK
6
CONTINUOUS
10
141.759
20
-122.473
11
141.75
21
-122.473
0
LINE
8
BLACK
6
CONTINUOUS
10
141.75
20
-122.473
11
141.505
21
-122.469
0
LINE
8
BLACK
6
CONTINUOUS
10
141.505
20
-122.469
11
141.496
21
-122.47
0
LINE
8
BLACK
6
CONTINUOUS
10
141.496
20
-122.47
11
141.254
21
-122.503
0
LINE
8
BLACK
6
CONTINUOUS
10
141.254
20
-122.503
11
141.244
21
-122.505
0
LINE
8
BLACK
6
CONTINUOUS
10
141.244
20
-122.505
11
141.01
21
-122.573
0
LINE
8
BLACK
6
CONTINUOUS
10
141.01
20
-122.573
11
141.001
21
-122.577
0
LINE
8
BLACK
6
CONTINUOUS
10
141.001
20
-122.577
11
140.779
21
-122.679
0
LINE
8
BLACK
6
CONTINUOUS
10
140.779
20
-122.679
11
140.771
21
-122.684
0
LINE
8
BLACK
6
CONTINUOUS
10
140.771
20
-122.684
11
140.603
21
-122.793
0
LINE
8
BLACK
6
CONTINUOUS
10
140.603
20
-122.793
11
140.594
21
-122.804
0
LINE
8
BLACK
6
CONTINUOUS
10
140.594
20
-122.804
11
140.599
21
-122.814
0
LINE
8
BLACK
6
CONTINUOUS
10
140.599
20
-122.814
11
140.958
21
-123.173
0
LINE
8
BLACK
6
CONTINUOUS
10
159.761
20
-126.323
11
159.831
21
-126.172
0
LINE
8
BLACK
6
CONTINUOUS
10
159.831
20
-126.172
11
159.832
21
-126.172
0
LINE
8
BLACK
6
CONTINUOUS
10
159.832
20
-126.172
11
159.834
21
-126.167
0
LINE
8
BLACK
6
CONTINUOUS
10
159.834
20
-126.167
11
159.854
21
-126.093
0
LINE
8
BLACK
6
CONTINUOUS
10
159.854
20
-126.093
11
159.888
21
-125.964
0
LINE
8
BLACK
6
CONTINUOUS
10
159.888
20
-125.964
11
159.888
21
-125.964
0
LINE
8
BLACK
6
CONTINUOUS
10
159.888
20
-125.964
11
159.889
21
-125.959
0
LINE
8
BLACK
6
CONTINUOUS
10
159.889
20
-125.959
11
159.908
21
-125.745
0
LINE
8
BLACK
6
CONTINUOUS
10
159.908
20
-125.745
11
159.889
21
-125.531
0
LINE
8
BLACK
6
CONTINUOUS
10
159.889
20
-125.531
11
159.886
21
-125.517
0
LINE
8
BLACK
6
CONTINUOUS
10
159.886
20
-125.517
11
159.835
21
-125.329
0
LINE
8
BLACK
6
CONTINUOUS
10
159.835
20
-125.329
11
159.835
21
-125.329
0
LINE
8
BLACK
6
CONTINUOUS
10
159.835
20
-125.329
11
159.834
21
-125.323
0
LINE
8
BLACK
6
CONTINUOUS
10
159.834
20
-125.323
11
159.831
21
-125.318
0
LINE
8
BLACK
6
CONTINUOUS
10
159.831
20
-125.318
11
159.745
21
-125.133
0
LINE
8
BLACK
6
CONTINUOUS
10
159.745
20
-125.133
11
159.745
21
-125.133
0
LINE
8
BLACK
6
CONTINUOUS
10
159.745
20
-125.133
11
159.743
21
-125.128
0
LINE
8
BLACK
6
CONTINUOUS
10
159.743
20
-125.128
11
159.62
21
-124.952
0
LINE
8
BLACK
6
CONTINUOUS
10
159.62
20
-124.952
11
159.468
21
-124.8
0
LINE
8
BLACK
6
CONTINUOUS
10
159.468
20
-124.8
11
159.292
21
-124.677
0
LINE
8
BLACK
6
CONTINUOUS
10
159.292
20
-124.677
11
159.287
21
-124.675
0
LINE
8
BLACK
6
CONTINUOUS
10
159.287
20
-124.675
11
159.287
21
-124.675
0
LINE
8
BLACK
6
CONTINUOUS
10
159.287
20
-124.675
11
159.103
21
-124.589
0
LINE
8
BLACK
6
CONTINUOUS
10
159.103
20
-124.589
11
159.05
21
-124.542
0
LINE
8
BLACK
6
CONTINUOUS
10
159.05
20
-124.542
11
159.031
21
-124.474
0
LINE
8
BLACK
6
CONTINUOUS
10
159.031
20
-124.474
11
159.051
21
-124.406
0
LINE
8
BLACK
6
CONTINUOUS
10
159.051
20
-124.406
11
159.103
21
-124.361
0
LINE
8
BLACK
6
CONTINUOUS
10
159.103
20
-124.361
11
159.287
21
-124.275
0
LINE
8
BLACK
6
CONTINUOUS
10
159.287
20
-124.275
11
159.287
21
-124.275
0
LINE
8
BLACK
6
CONTINUOUS
10
159.287
20
-124.275
11
159.292
21
-124.273
0
LINE
8
BLACK
6
CONTINUOUS
10
159.292
20
-124.273
11
159.344
21
-124.236
0
LINE
8
BLACK
6
CONTINUOUS
10
159.344
20
-124.236
11
159.416
21
-124.213
0
LINE
8
BLACK
6
CONTINUOUS
10
159.416
20
-124.213
11
170.738
21
-124.213
0
LINE
8
BLACK
6
CONTINUOUS
10
170.738
20
-124.213
11
170.752
21
-124.214
0
LINE
8
BLACK
6
CONTINUOUS
10
170.752
20
-124.214
11
170.783
21
-124.218
0
LINE
8
BLACK
6
CONTINUOUS
10
170.783
20
-124.218
11
170.783
21
-124.218
0
LINE
8
BLACK
6
CONTINUOUS
10
170.783
20
-124.218
11
170.789
21
-124.218
0
LINE
8
BLACK
6
CONTINUOUS
10
170.789
20
-124.218
11
170.816
21
-124.216
0
LINE
8
BLACK
6
CONTINUOUS
10
170.816
20
-124.216
11
170.839
21
-124.214
0
LINE
8
BLACK
6
CONTINUOUS
10
170.839
20
-124.214
11
170.844
21
-124.214
0
LINE
8
BLACK
6
CONTINUOUS
10
170.844
20
-124.214
11
170.847
21
-124.213
0
LINE
8
BLACK
6
CONTINUOUS
10
170.847
20
-124.213
11
170.85
21
-124.213
0
LINE
8
BLACK
6
CONTINUOUS
10
170.85
20
-124.213
11
170.862
21
-124.212
0
LINE
8
BLACK
6
CONTINUOUS
10
170.862
20
-124.212
11
170.893
21
-124.209
0
LINE
8
BLACK
6
CONTINUOUS
10
170.893
20
-124.209
11
170.894
21
-124.209
0
LINE
8
BLACK
6
CONTINUOUS
10
170.894
20
-124.209
11
170.938
21
-124.205
0
LINE
8
BLACK
6
CONTINUOUS
10
170.938
20
-124.205
11
170.986
21
-124.201
0
LINE
8
BLACK
6
CONTINUOUS
10
170.986
20
-124.201
11
170.992
21
-124.2
0
LINE
8
BLACK
6
CONTINUOUS
10
170.992
20
-124.2
11
170.997
21
-124.199
0
LINE
8
BLACK
6
CONTINUOUS
10
170.997
20
-124.199
11
171.086
21
-124.172
0
LINE
8
BLACK
6
CONTINUOUS
10
171.086
20
-124.172
11
171.087
21
-124.172
0
LINE
8
BLACK
6
CONTINUOUS
10
171.087
20
-124.172
11
171.17
21
-124.148
0
LINE
8
BLACK
6
CONTINUOUS
10
171.17
20
-124.148
11
171.17
21
-124.148
0
LINE
8
BLACK
6
CONTINUOUS
10
171.17
20
-124.148
11
171.176
21
-124.146
0
LINE
8
BLACK
6
CONTINUOUS
10
171.176
20
-124.146
11
171.181
21
-124.143
0
LINE
8
BLACK
6
CONTINUOUS
10
171.181
20
-124.143
11
171.186
21
-124.142
0
LINE
8
BLACK
6
CONTINUOUS
10
171.186
20
-124.142
11
171.209
21
-124.13
0
LINE
8
BLACK
6
CONTINUOUS
10
171.209
20
-124.13
11
171.268
21
-124.098
0
LINE
8
BLACK
6
CONTINUOUS
10
171.268
20
-124.098
11
171.269
21
-124.098
0
LINE
8
BLACK
6
CONTINUOUS
10
171.269
20
-124.098
11
171.346
21
-124.058
0
LINE
8
BLACK
6
CONTINUOUS
10
171.346
20
-124.058
11
171.352
21
-124.055
0
LINE
8
BLACK
6
CONTINUOUS
10
171.352
20
-124.055
11
171.356
21
-124.052
0
LINE
8
BLACK
6
CONTINUOUS
10
171.356
20
-124.052
11
171.361
21
-124.049
0
LINE
8
BLACK
6
CONTINUOUS
10
171.361
20
-124.049
11
171.433
21
-123.99
0
LINE
8
BLACK
6
CONTINUOUS
10
171.433
20
-123.99
11
171.434
21
-123.99
0
LINE
8
BLACK
6
CONTINUOUS
10
171.434
20
-123.99
11
171.473
21
-123.958
0
LINE
8
BLACK
6
CONTINUOUS
10
171.473
20
-123.958
11
171.475
21
-123.956
0
LINE
8
BLACK
6
CONTINUOUS
10
171.475
20
-123.956
11
171.476
21
-123.955
0
LINE
8
BLACK
6
CONTINUOUS
10
171.476
20
-123.955
11
171.481
21
-123.951
0
LINE
8
BLACK
6
CONTINUOUS
10
171.481
20
-123.951
11
171.514
21
-123.924
0
LINE
8
BLACK
6
CONTINUOUS
10
171.514
20
-123.924
11
171.543
21
-123.889
0
LINE
8
BLACK
6
CONTINUOUS
10
171.543
20
-123.889
11
171.551
21
-123.88
0
LINE
8
BLACK
6
CONTINUOUS
10
171.551
20
-123.88
11
173.389
21
-122.042
0
LINE
8
BLACK
6
CONTINUOUS
10
173.389
20
-122.042
11
173.4
21
-122.033
0
LINE
8
BLACK
6
CONTINUOUS
10
173.4
20
-122.033
11
173.424
21
-122.013
0
LINE
8
BLACK
6
CONTINUOUS
10
173.424
20
-122.013
11
173.429
21
-122.009
0
LINE
8
BLACK
6
CONTINUOUS
10
173.429
20
-122.009
11
173.461
21
-121.971
0
LINE
8
BLACK
6
CONTINUOUS
10
173.461
20
-121.971
11
173.464
21
-121.967
0
LINE
8
BLACK
6
CONTINUOUS
10
173.464
20
-121.967
11
173.466
21
-121.965
0
LINE
8
BLACK
6
CONTINUOUS
10
173.466
20
-121.965
11
173.468
21
-121.963
0
LINE
8
BLACK
6
CONTINUOUS
10
173.468
20
-121.963
11
173.496
21
-121.93
0
LINE
8
BLACK
6
CONTINUOUS
10
173.496
20
-121.93
11
173.496
21
-121.929
0
LINE
8
BLACK
6
CONTINUOUS
10
173.496
20
-121.929
11
173.522
21
-121.898
0
LINE
8
BLACK
6
CONTINUOUS
10
173.522
20
-121.898
11
173.556
21
-121.858
0
LINE
8
BLACK
6
CONTINUOUS
10
173.556
20
-121.858
11
173.559
21
-121.853
0
LINE
8
BLACK
6
CONTINUOUS
10
173.559
20
-121.853
11
173.562
21
-121.849
0
LINE
8
BLACK
6
CONTINUOUS
10
173.562
20
-121.849
11
173.606
21
-121.767
0
LINE
8
BLACK
6
CONTINUOUS
10
173.606
20
-121.767
11
173.607
21
-121.766
0
LINE
8
BLACK
6
CONTINUOUS
10
173.607
20
-121.766
11
173.648
21
-121.69
0
LINE
8
BLACK
6
CONTINUOUS
10
173.648
20
-121.69
11
173.648
21
-121.69
0
LINE
8
BLACK
6
CONTINUOUS
10
173.648
20
-121.69
11
173.651
21
-121.684
0
LINE
8
BLACK
6
CONTINUOUS
10
173.651
20
-121.684
11
173.653
21
-121.679
0
LINE
8
BLACK
6
CONTINUOUS
10
173.653
20
-121.679
11
173.656
21
-121.674
0
LINE
8
BLACK
6
CONTINUOUS
10
173.656
20
-121.674
11
173.683
21
-121.585
0
LINE
8
BLACK
6
CONTINUOUS
10
173.683
20
-121.585
11
173.683
21
-121.584
0
LINE
8
BLACK
6
CONTINUOUS
10
173.683
20
-121.584
11
173.684
21
-121.582
0
LINE
8
BLACK
6
CONTINUOUS
10
173.684
20
-121.582
11
173.711
21
-121.496
0
LINE
8
BLACK
6
CONTINUOUS
10
173.711
20
-121.496
11
173.712
21
-121.49
0
LINE
8
BLACK
6
CONTINUOUS
10
173.712
20
-121.49
11
173.713
21
-121.485
0
LINE
8
BLACK
6
CONTINUOUS
10
173.713
20
-121.485
11
173.723
21
-121.393
0
LINE
8
BLACK
6
CONTINUOUS
10
173.723
20
-121.393
11
173.723
21
-121.392
0
LINE
8
BLACK
6
CONTINUOUS
10
173.723
20
-121.392
11
173.728
21
-121.342
0
LINE
8
BLACK
6
CONTINUOUS
10
173.728
20
-121.342
11
173.728
21
-121.338
0
LINE
8
BLACK
6
CONTINUOUS
10
173.728
20
-121.338
11
173.729
21
-121.337
0
LINE
8
BLACK
6
CONTINUOUS
10
173.729
20
-121.337
11
173.729
21
-121.332
0
LINE
8
BLACK
6
CONTINUOUS
10
173.729
20
-121.332
11
173.733
21
-121.289
0
LINE
8
BLACK
6
CONTINUOUS
10
173.733
20
-121.289
11
173.729
21
-121.243
0
LINE
8
BLACK
6
CONTINUOUS
10
173.729
20
-121.243
11
173.728
21
-121.231
0
LINE
8
BLACK
6
CONTINUOUS
10
173.728
20
-121.231
11
173.728
21
-106.742
0
LINE
8
BLACK
6
CONTINUOUS
10
173.728
20
-106.742
11
173.729
21
-106.728
0
LINE
8
BLACK
6
CONTINUOUS
10
173.729
20
-106.728
11
173.733
21
-106.697
0
LINE
8
BLACK
6
CONTINUOUS
10
173.733
20
-106.697
11
173.733
21
-106.697
0
LINE
8
BLACK
6
CONTINUOUS
10
173.733
20
-106.697
11
173.733
21
-106.691
0
LINE
8
BLACK
6
CONTINUOUS
10
173.733
20
-106.691
11
173.73
21
-106.647
0
LINE
8
BLACK
6
CONTINUOUS
10
173.73
20
-106.647
11
173.729
21
-106.641
0
LINE
8
BLACK
6
CONTINUOUS
10
173.729
20
-106.641
11
173.729
21
-106.636
0
LINE
8
BLACK
6
CONTINUOUS
10
173.729
20
-106.636
11
173.728
21
-106.633
0
LINE
8
BLACK
6
CONTINUOUS
10
173.728
20
-106.633
11
173.728
21
-106.63
0
LINE
8
BLACK
6
CONTINUOUS
10
173.728
20
-106.63
11
173.725
21
-106.595
0
LINE
8
BLACK
6
CONTINUOUS
10
173.725
20
-106.595
11
173.724
21
-106.587
0
LINE
8
BLACK
6
CONTINUOUS
10
173.724
20
-106.587
11
173.724
21
-106.586
0
LINE
8
BLACK
6
CONTINUOUS
10
173.724
20
-106.586
11
173.717
21
-106.5
0
LINE
8
BLACK
6
CONTINUOUS
10
173.717
20
-106.5
11
173.716
21
-106.494
0
LINE
8
BLACK
6
CONTINUOUS
10
173.716
20
-106.494
11
173.715
21
-106.488
0
LINE
8
BLACK
6
CONTINUOUS
10
173.715
20
-106.488
11
173.714
21
-106.483
0
LINE
8
BLACK
6
CONTINUOUS
10
173.714
20
-106.483
11
173.687
21
-106.394
0
LINE
8
BLACK
6
CONTINUOUS
10
173.687
20
-106.394
11
173.687
21
-106.393
0
LINE
8
BLACK
6
CONTINUOUS
10
173.687
20
-106.393
11
173.663
21
-106.31
0
LINE
8
BLACK
6
CONTINUOUS
10
173.663
20
-106.31
11
173.663
21
-106.31
0
LINE
8
BLACK
6
CONTINUOUS
10
173.663
20
-106.31
11
173.661
21
-106.304
0
LINE
8
BLACK
6
CONTINUOUS
10
173.661
20
-106.304
11
173.658
21
-106.299
0
LINE
8
BLACK
6
CONTINUOUS
10
173.658
20
-106.299
11
173.657
21
-106.294
0
LINE
8
BLACK
6
CONTINUOUS
10
173.657
20
-106.294
11
173.623
21
-106.231
0
LINE
8
BLACK
6
CONTINUOUS
10
173.623
20
-106.231
11
173.613
21
-106.212
0
LINE
8
BLACK
6
CONTINUOUS
10
173.613
20
-106.212
11
173.613
21
-106.211
0
LINE
8
BLACK
6
CONTINUOUS
10
173.613
20
-106.211
11
173.573
21
-106.134
0
LINE
8
BLACK
6
CONTINUOUS
10
173.573
20
-106.134
11
173.57
21
-106.128
0
LINE
8
BLACK
6
CONTINUOUS
10
173.57
20
-106.128
11
173.567
21
-106.124
0
LINE
8
BLACK
6
CONTINUOUS
10
173.567
20
-106.124
11
173.564
21
-106.119
0
LINE
8
BLACK
6
CONTINUOUS
10
173.564
20
-106.119
11
173.505
21
-106.047
0
LINE
8
BLACK
6
CONTINUOUS
10
173.505
20
-106.047
11
173.505
21
-106.046
0
LINE
8
BLACK
6
CONTINUOUS
10
173.505
20
-106.046
11
173.473
21
-106.007
0
LINE
8
BLACK
6
CONTINUOUS
10
173.473
20
-106.007
11
173.471
21
-106.005
0
LINE
8
BLACK
6
CONTINUOUS
10
173.471
20
-106.005
11
173.47
21
-106.004
0
LINE
8
BLACK
6
CONTINUOUS
10
173.47
20
-106.004
11
173.466
21
-105.999
0
LINE
8
BLACK
6
CONTINUOUS
10
173.466
20
-105.999
11
173.439
21
-105.966
0
LINE
8
BLACK
6
CONTINUOUS
10
173.439
20
-105.966
11
173.404
21
-105.937
0
LINE
8
BLACK
6
CONTINUOUS
10
173.404
20
-105.937
11
173.395
21
-105.929
0
LINE
8
BLACK
6
CONTINUOUS
10
173.395
20
-105.929
11
172.362
21
-104.896
0
LINE
8
BLACK
6
CONTINUOUS
10
172.362
20
-104.896
11
172.353
21
-104.885
0
LINE
8
BLACK
6
CONTINUOUS
10
172.353
20
-104.885
11
172.333
21
-104.861
0
LINE
8
BLACK
6
CONTINUOUS
10
172.333
20
-104.861
11
172.329
21
-104.856
0
LINE
8
BLACK
6
CONTINUOUS
10
172.329
20
-104.856
11
172.291
21
-104.824
0
LINE
8
BLACK
6
CONTINUOUS
10
172.291
20
-104.824
11
172.287
21
-104.821
0
LINE
8
BLACK
6
CONTINUOUS
10
172.287
20
-104.821
11
172.285
21
-104.819
0
LINE
8
BLACK
6
CONTINUOUS
10
172.285
20
-104.819
11
172.283
21
-104.817
0
LINE
8
BLACK
6
CONTINUOUS
10
172.283
20
-104.817
11
172.25
21
-104.789
0
LINE
8
BLACK
6
CONTINUOUS
10
172.25
20
-104.789
11
172.249
21
-104.789
0
LINE
8
BLACK
6
CONTINUOUS
10
172.249
20
-104.789
11
172.178
21
-104.729
0
LINE
8
BLACK
6
CONTINUOUS
10
172.178
20
-104.729
11
172.173
21
-104.726
0
LINE
8
BLACK
6
CONTINUOUS
10
172.173
20
-104.726
11
172.169
21
-104.723
0
LINE
8
BLACK
6
CONTINUOUS
10
172.169
20
-104.723
11
172.087
21
-104.679
0
LINE
8
BLACK
6
CONTINUOUS
10
172.087
20
-104.679
11
172.086
21
-104.678
0
LINE
8
BLACK
6
CONTINUOUS
10
172.086
20
-104.678
11
172.01
21
-104.637
0
LINE
8
BLACK
6
CONTINUOUS
10
172.01
20
-104.637
11
172.01
21
-104.637
0
LINE
8
BLACK
6
CONTINUOUS
10
172.01
20
-104.637
11
172.004
21
-104.634
0
LINE
8
BLACK
6
CONTINUOUS
10
172.004
20
-104.634
11
171.999
21
-104.632
0
LINE
8
BLACK
6
CONTINUOUS
10
171.999
20
-104.632
11
171.994
21
-104.629
0
LINE
8
BLACK
6
CONTINUOUS
10
171.994
20
-104.629
11
171.905
21
-104.602
0
LINE
8
BLACK
6
CONTINUOUS
10
171.905
20
-104.602
11
171.904
21
-104.602
0
LINE
8
BLACK
6
CONTINUOUS
10
171.904
20
-104.602
11
171.816
21
-104.574
0
LINE
8
BLACK
6
CONTINUOUS
10
171.816
20
-104.574
11
171.81
21
-104.573
0
LINE
8
BLACK
6
CONTINUOUS
10
171.81
20
-104.573
11
171.805
21
-104.572
0
LINE
8
BLACK
6
CONTINUOUS
10
171.805
20
-104.572
11
171.713
21
-104.562
0
LINE
8
BLACK
6
CONTINUOUS
10
171.713
20
-104.562
11
171.712
21
-104.562
0
LINE
8
BLACK
6
CONTINUOUS
10
171.712
20
-104.562
11
171.678
21
-104.558
0
LINE
8
BLACK
6
CONTINUOUS
10
171.678
20
-104.558
11
171.665
21
-104.557
0
LINE
8
BLACK
6
CONTINUOUS
10
171.665
20
-104.557
11
171.665
21
-104.557
0
LINE
8
BLACK
6
CONTINUOUS
10
171.665
20
-104.557
11
171.662
21
-104.556
0
LINE
8
BLACK
6
CONTINUOUS
10
171.662
20
-104.556
11
171.658
21
-104.556
0
LINE
8
BLACK
6
CONTINUOUS
10
171.658
20
-104.556
11
171.657
21
-104.556
0
LINE
8
BLACK
6
CONTINUOUS
10
171.657
20
-104.556
11
171.652
21
-104.556
0
LINE
8
BLACK
6
CONTINUOUS
10
171.652
20
-104.556
11
171.622
21
-104.553
0
LINE
8
BLACK
6
CONTINUOUS
10
171.622
20
-104.553
11
171.615
21
-104.552
0
LINE
8
BLACK
6
CONTINUOUS
10
171.615
20
-104.552
11
171.615
21
-104.552
0
LINE
8
BLACK
6
CONTINUOUS
10
171.615
20
-104.552
11
171.609
21
-104.552
0
LINE
8
BLACK
6
CONTINUOUS
10
171.609
20
-104.552
11
171.566
21
-104.556
0
LINE
8
BLACK
6
CONTINUOUS
10
171.566
20
-104.556
11
171.563
21
-104.556
0
LINE
8
BLACK
6
CONTINUOUS
10
171.563
20
-104.556
11
171.551
21
-104.556
0
LINE
8
BLACK
6
CONTINUOUS
10
171.551
20
-104.556
11
169.109
21
-104.556
0
LINE
8
BLACK
6
CONTINUOUS
10
169.109
20
-104.556
11
169.041
21
-104.536
0
LINE
8
BLACK
6
CONTINUOUS
10
169.041
20
-104.536
11
169.031
21
-104.529
0
LINE
8
BLACK
6
CONTINUOUS
10
169.031
20
-104.529
11
168.856
21
-104.391
0
LINE
8
BLACK
6
CONTINUOUS
10
168.856
20
-104.391
11
168.856
21
-104.391
0
LINE
8
BLACK
6
CONTINUOUS
10
168.856
20
-104.391
11
168.852
21
-104.388
0
LINE
8
BLACK
6
CONTINUOUS
10
168.852
20
-104.388
11
168.848
21
-104.385
0
LINE
8
BLACK
6
CONTINUOUS
10
168.848
20
-104.385
11
168.848
21
-104.385
0
LINE
8
BLACK
6
CONTINUOUS
10
168.848
20
-104.385
11
168.654
21
-104.278
0
LINE
8
BLACK
6
CONTINUOUS
10
168.654
20
-104.278
11
168.654
21
-104.278
0
LINE
8
BLACK
6
CONTINUOUS
10
168.654
20
-104.278
11
168.649
21
-104.276
0
LINE
8
BLACK
6
CONTINUOUS
10
168.649
20
-104.276
11
168.644
21
-104.274
0
LINE
8
BLACK
6
CONTINUOUS
10
168.644
20
-104.274
11
168.644
21
-104.274
0
LINE
8
BLACK
6
CONTINUOUS
10
168.644
20
-104.274
11
168.436
21
-104.2
0
LINE
8
BLACK
6
CONTINUOUS
10
168.436
20
-104.2
11
168.436
21
-104.2
0
LINE
8
BLACK
6
CONTINUOUS
10
168.436
20
-104.2
11
168.431
21
-104.199
0
LINE
8
BLACK
6
CONTINUOUS
10
168.431
20
-104.199
11
168.426
21
-104.198
0
LINE
8
BLACK
6
CONTINUOUS
10
168.426
20
-104.198
11
168.426
21
-104.198
0
LINE
8
BLACK
6
CONTINUOUS
10
168.426
20
-104.198
11
168.208
21
-104.159
0
LINE
8
BLACK
6
CONTINUOUS
10
168.208
20
-104.159
11
168.208
21
-104.159
0
LINE
8
BLACK
6
CONTINUOUS
10
168.208
20
-104.159
11
168.203
21
-104.158
0
LINE
8
BLACK
6
CONTINUOUS
10
168.203
20
-104.158
11
168.13
21
-104.157
0
LINE
8
BLACK
6
CONTINUOUS
10
168.13
20
-104.157
11
167.977
21
-104.155
0
LINE
8
BLACK
6
CONTINUOUS
10
167.977
20
-104.155
11
167.977
21
-104.155
0
LINE
8
BLACK
6
CONTINUOUS
10
167.977
20
-104.155
11
167.971
21
-104.155
0
LINE
8
BLACK
6
CONTINUOUS
10
167.971
20
-104.155
11
167.742
21
-104.19
0
LINE
8
BLACK
6
CONTINUOUS
10
167.742
20
-104.19
11
167.522
21
-104.262
0
LINE
8
BLACK
6
CONTINUOUS
10
167.522
20
-104.262
11
167.518
21
-104.264
0
LINE
8
BLACK
6
CONTINUOUS
10
167.518
20
-104.264
11
167.518
21
-104.264
0
LINE
8
BLACK
6
CONTINUOUS
10
167.518
20
-104.264
11
167.344
21
-104.355
0
LINE
8
BLACK
6
CONTINUOUS
10
167.344
20
-104.355
11
167.317
21
-104.369
0
LINE
8
BLACK
6
CONTINUOUS
10
167.317
20
-104.369
11
167.313
21
-104.372
0
LINE
8
BLACK
6
CONTINUOUS
10
167.313
20
-104.372
11
167.313
21
-104.372
0
LINE
8
BLACK
6
CONTINUOUS
10
167.313
20
-104.372
11
167.136
21
-104.505
0
LINE
8
BLACK
6
CONTINUOUS
10
167.136
20
-104.505
11
167.132
21
-104.508
0
LINE
8
BLACK
6
CONTINUOUS
10
167.132
20
-104.508
11
166.972
21
-104.676
0
LINE
8
BLACK
6
CONTINUOUS
10
166.972
20
-104.676
11
166.969
21
-104.68
0
LINE
8
BLACK
6
CONTINUOUS
10
166.969
20
-104.68
11
166.969
21
-104.68
0
LINE
8
BLACK
6
CONTINUOUS
10
166.969
20
-104.68
11
166.939
21
-104.723
0
LINE
8
BLACK
6
CONTINUOUS
10
166.939
20
-104.723
11
166.841
21
-104.867
0
LINE
8
BLACK
6
CONTINUOUS
10
166.841
20
-104.867
11
166.744
21
-105.077
0
LINE
8
BLACK
6
CONTINUOUS
10
166.744
20
-105.077
11
166.682
21
-105.3
0
LINE
8
BLACK
6
CONTINUOUS
10
166.682
20
-105.3
11
166.657
21
-105.53
0
LINE
8
BLACK
6
CONTINUOUS
10
166.657
20
-105.53
11
166.657
21
-105.536
0
LINE
8
BLACK
6
CONTINUOUS
10
166.657
20
-105.536
11
166.657
21
-105.536
0
LINE
8
BLACK
6
CONTINUOUS
10
166.657
20
-105.536
11
166.666
21
-105.683
0
LINE
8
BLACK
6
CONTINUOUS
10
166.666
20
-105.683
11
166.67
21
-105.762
0
LINE
8
BLACK
6
CONTINUOUS
10
166.67
20
-105.762
11
166.672
21
-105.767
0
LINE
8
BLACK
6
CONTINUOUS
10
166.672
20
-105.767
11
166.672
21
-105.767
0
LINE
8
BLACK
6
CONTINUOUS
10
166.672
20
-105.767
11
166.7
21
-105.893
0
LINE
8
BLACK
6
CONTINUOUS
10
166.7
20
-105.893
11
166.721
21
-105.988
0
LINE
8
BLACK
6
CONTINUOUS
10
166.721
20
-105.988
11
166.723
21
-105.992
0
LINE
8
BLACK
6
CONTINUOUS
10
166.723
20
-105.992
11
166.723
21
-105.992
0
LINE
8
BLACK
6
CONTINUOUS
10
166.723
20
-105.992
11
166.798
21
-106.175
0
LINE
8
BLACK
6
CONTINUOUS
10
166.798
20
-106.175
11
166.808
21
-106.202
0
LINE
8
BLACK
6
CONTINUOUS
10
166.808
20
-106.202
11
166.93
21
-106.4
0
LINE
8
BLACK
6
CONTINUOUS
10
166.93
20
-106.4
11
167.081
21
-106.575
0
LINE
8
BLACK
6
CONTINUOUS
10
167.081
20
-106.575
11
167.259
21
-106.723
0
LINE
8
BLACK
6
CONTINUOUS
10
167.259
20
-106.723
11
167.459
21
-106.84
0
LINE
8
BLACK
6
CONTINUOUS
10
167.459
20
-106.84
11
167.676
21
-106.922
0
LINE
8
BLACK
6
CONTINUOUS
10
167.676
20
-106.922
11
167.681
21
-106.923
0
LINE
8
BLACK
6
CONTINUOUS
10
167.681
20
-106.923
11
167.681
21
-106.923
0
LINE
8
BLACK
6
CONTINUOUS
10
167.681
20
-106.923
11
167.733
21
-106.934
0
LINE
8
BLACK
6
CONTINUOUS
10
167.733
20
-106.934
11
167.903
21
-106.968
0
LINE
8
BLACK
6
CONTINUOUS
10
167.903
20
-106.968
11
168.033
21
-106.973
0
LINE
8
BLACK
6
CONTINUOUS
10
168.033
20
-106.973
11
168.129
21
-106.977
0
LINE
8
BLACK
6
CONTINUOUS
10
168.129
20
-106.977
11
168.129
21
-106.977
0
LINE
8
BLACK
6
CONTINUOUS
10
168.129
20
-106.977
11
168.134
21
-106.977
0
LINE
8
BLACK
6
CONTINUOUS
10
168.134
20
-106.977
11
168.139
21
-106.976
0
LINE
8
BLACK
6
CONTINUOUS
10
168.139
20
-106.976
11
168.139
21
-106.976
0
LINE
8
BLACK
6
CONTINUOUS
10
168.139
20
-106.976
11
168.243
21
-106.963
0
LINE
8
BLACK
6
CONTINUOUS
10
168.243
20
-106.963
11
168.364
21
-106.947
0
LINE
8
BLACK
6
CONTINUOUS
10
168.364
20
-106.947
11
168.369
21
-106.946
0
LINE
8
BLACK
6
CONTINUOUS
10
168.369
20
-106.946
11
168.369
21
-106.946
0
LINE
8
BLACK
6
CONTINUOUS
10
168.369
20
-106.946
11
168.581
21
-106.882
0
LINE
8
BLACK
6
CONTINUOUS
10
168.581
20
-106.882
11
168.586
21
-106.881
0
LINE
8
BLACK
6
CONTINUOUS
10
168.586
20
-106.881
11
168.61
21
-106.869
0
LINE
8
BLACK
6
CONTINUOUS
10
168.61
20
-106.869
11
168.789
21
-106.781
0
LINE
8
BLACK
6
CONTINUOUS
10
168.789
20
-106.781
11
168.789
21
-106.781
0
LINE
8
BLACK
6
CONTINUOUS
10
168.789
20
-106.781
11
168.794
21
-106.779
0
LINE
8
BLACK
6
CONTINUOUS
10
168.794
20
-106.779
11
168.982
21
-106.644
0
LINE
8
BLACK
6
CONTINUOUS
10
168.982
20
-106.644
11
168.986
21
-106.641
0
LINE
8
BLACK
6
CONTINUOUS
10
168.986
20
-106.641
11
168.986
21
-106.641
0
LINE
8
BLACK
6
CONTINUOUS
10
168.986
20
-106.641
11
169.017
21
-106.61
0
LINE
8
BLACK
6
CONTINUOUS
10
169.017
20
-106.61
11
169.079
21
-106.576
0
LINE
8
BLACK
6
CONTINUOUS
10
169.079
20
-106.576
11
169.106
21
-106.573
0
LINE
8
BLACK
6
CONTINUOUS
10
169.106
20
-106.573
11
171.135
21
-106.573
0
LINE
8
BLACK
6
CONTINUOUS
10
171.135
20
-106.573
11
171.203
21
-106.594
0
LINE
8
BLACK
6
CONTINUOUS
10
171.203
20
-106.594
11
171.224
21
-106.61
0
LINE
8
BLACK
6
CONTINUOUS
10
171.224
20
-106.61
11
171.675
21
-107.061
0
LINE
8
BLACK
6
CONTINUOUS
10
171.675
20
-107.061
11
171.709
21
-107.123
0
LINE
8
BLACK
6
CONTINUOUS
10
171.709
20
-107.123
11
171.712
21
-107.15
0
LINE
8
BLACK
6
CONTINUOUS
10
171.712
20
-107.15
11
171.712
21
-120.815
0
LINE
8
BLACK
6
CONTINUOUS
10
171.712
20
-120.815
11
171.691
21
-120.883
0
LINE
8
BLACK
6
CONTINUOUS
10
171.691
20
-120.883
11
171.675
21
-120.904
0
LINE
8
BLACK
6
CONTINUOUS
10
171.675
20
-120.904
11
170.419
21
-122.16
0
LINE
8
BLACK
6
CONTINUOUS
10
170.419
20
-122.16
11
170.357
21
-122.194
0
LINE
8
BLACK
6
CONTINUOUS
10
170.357
20
-122.194
11
170.33
21
-122.197
0
LINE
8
BLACK
6
CONTINUOUS
10
170.33
20
-122.197
11
159.416
21
-122.197
0
LINE
8
BLACK
6
CONTINUOUS
10
159.416
20
-122.197
11
159.344
21
-122.174
0
LINE
8
BLACK
6
CONTINUOUS
10
159.344
20
-122.174
11
159.292
21
-122.137
0
LINE
8
BLACK
6
CONTINUOUS
10
159.292
20
-122.137
11
159.287
21
-122.135
0
LINE
8
BLACK
6
CONTINUOUS
10
159.287
20
-122.135
11
159.287
21
-122.135
0
LINE
8
BLACK
6
CONTINUOUS
10
159.287
20
-122.135
11
159.103
21
-122.049
0
LINE
8
BLACK
6
CONTINUOUS
10
159.103
20
-122.049
11
159.05
21
-122.002
0
LINE
8
BLACK
6
CONTINUOUS
10
159.05
20
-122.002
11
159.031
21
-121.934
0
LINE
8
BLACK
6
CONTINUOUS
10
159.031
20
-121.934
11
159.051
21
-121.866
0
LINE
8
BLACK
6
CONTINUOUS
10
159.051
20
-121.866
11
159.103
21
-121.821
0
LINE
8
BLACK
6
CONTINUOUS
10
159.103
20
-121.821
11
159.287
21
-121.735
0
LINE
8
BLACK
6
CONTINUOUS
10
159.287
20
-121.735
11
159.287
21
-121.735
0
LINE
8
BLACK
6
CONTINUOUS
10
159.287
20
-121.735
11
159.292
21
-121.733
0
LINE
8
BLACK
6
CONTINUOUS
10
159.292
20
-121.733
11
159.468
21
-121.61
0
LINE
8
BLACK
6
CONTINUOUS
10
159.468
20
-121.61
11
159.62
21
-121.458
0
LINE
8
BLACK
6
CONTINUOUS
10
159.62
20
-121.458
11
159.743
21
-121.282
0
LINE
8
BLACK
6
CONTINUOUS
10
159.743
20
-121.282
11
159.757
21
-121.252
0
LINE
8
BLACK
6
CONTINUOUS
10
159.757
20
-121.252
11
159.831
21
-121.092
0
LINE
8
BLACK
6
CONTINUOUS
10
159.831
20
-121.092
11
159.832
21
-121.092
0
LINE
8
BLACK
6
CONTINUOUS
10
159.832
20
-121.092
11
159.834
21
-121.087
0
LINE
8
BLACK
6
CONTINUOUS
10
159.834
20
-121.087
11
159.889
21
-120.879
0
LINE
8
BLACK
6
CONTINUOUS
10
159.889
20
-120.879
11
159.908
21
-120.665
0
LINE
8
BLACK
6
CONTINUOUS
10
159.908
20
-120.665
11
159.889
21
-120.451
0
LINE
8
BLACK
6
CONTINUOUS
10
159.889
20
-120.451
11
159.888
21
-120.446
0
LINE
8
BLACK
6
CONTINUOUS
10
159.888
20
-120.446
11
159.835
21
-120.249
0
LINE
8
BLACK
6
CONTINUOUS
10
159.835
20
-120.249
11
159.835
21
-120.249
0
LINE
8
BLACK
6
CONTINUOUS
10
159.835
20
-120.249
11
159.834
21
-120.243
0
LINE
8
BLACK
6
CONTINUOUS
10
159.834
20
-120.243
11
159.803
21
-120.177
0
LINE
8
BLACK
6
CONTINUOUS
10
159.803
20
-120.177
11
159.745
21
-120.053
0
LINE
8
BLACK
6
CONTINUOUS
10
159.745
20
-120.053
11
159.745
21
-120.053
0
LINE
8
BLACK
6
CONTINUOUS
10
159.745
20
-120.053
11
159.743
21
-120.048
0
LINE
8
BLACK
6
CONTINUOUS
10
159.743
20
-120.048
11
159.706
21
-119.996
0
LINE
8
BLACK
6
CONTINUOUS
10
159.706
20
-119.996
11
159.683
21
-119.924
0
LINE
8
BLACK
6
CONTINUOUS
10
159.683
20
-119.924
11
159.683
21
-118.02
0
LINE
8
BLACK
6
CONTINUOUS
10
159.683
20
-118.02
11
159.704
21
-117.952
0
LINE
8
BLACK
6
CONTINUOUS
10
159.704
20
-117.952
11
159.72
21
-117.931
0
LINE
8
BLACK
6
CONTINUOUS
10
159.72
20
-117.931
11
160.401
21
-117.25
0
LINE
8
BLACK
6
CONTINUOUS
10
160.401
20
-117.25
11
160.463
21
-117.216
0
LINE
8
BLACK
6
CONTINUOUS
10
160.463
20
-117.216
11
160.49
21
-117.213
0
LINE
8
BLACK
6
CONTINUOUS
10
160.49
20
-117.213
11
163.584
21
-117.213
0
LINE
8
BLACK
6
CONTINUOUS
10
163.584
20
-117.213
11
163.657
21
-117.236
0
LINE
8
BLACK
6
CONTINUOUS
10
163.657
20
-117.236
11
163.808
21
-117.343
0
LINE
8
BLACK
6
CONTINUOUS
10
163.808
20
-117.343
11
163.813
21
-117.345
0
LINE
8
BLACK
6
CONTINUOUS
10
163.813
20
-117.345
11
163.813
21
-117.345
0
LINE
8
BLACK
6
CONTINUOUS
10
163.813
20
-117.345
11
164.011
21
-117.437
0
LINE
8
BLACK
6
CONTINUOUS
10
164.011
20
-117.437
11
164.016
21
-117.439
0
LINE
8
BLACK
6
CONTINUOUS
10
164.016
20
-117.439
11
164.021
21
-117.441
0
LINE
8
BLACK
6
CONTINUOUS
10
164.021
20
-117.441
11
164.021
21
-117.441
0
LINE
8
BLACK
6
CONTINUOUS
10
164.021
20
-117.441
11
164.232
21
-117.497
0
LINE
8
BLACK
6
CONTINUOUS
10
164.232
20
-117.497
11
164.232
21
-117.497
0
LINE
8
BLACK
6
CONTINUOUS
10
164.232
20
-117.497
11
164.237
21
-117.499
0
LINE
8
BLACK
6
CONTINUOUS
10
164.237
20
-117.499
11
164.465
21
-117.518
0
LINE
8
BLACK
6
CONTINUOUS
10
164.465
20
-117.518
11
164.693
21
-117.499
0
LINE
8
BLACK
6
CONTINUOUS
10
164.693
20
-117.499
11
164.698
21
-117.497
0
LINE
8
BLACK
6
CONTINUOUS
10
164.698
20
-117.497
11
164.698
21
-117.497
0
LINE
8
BLACK
6
CONTINUOUS
10
164.698
20
-117.497
11
164.909
21
-117.441
0
LINE
8
BLACK
6
CONTINUOUS
10
164.909
20
-117.441
11
164.909
21
-117.441
0
LINE
8
BLACK
6
CONTINUOUS
10
164.909
20
-117.441
11
164.914
21
-117.439
0
LINE
8
BLACK
6
CONTINUOUS
10
164.914
20
-117.439
11
164.919
21
-117.437
0
LINE
8
BLACK
6
CONTINUOUS
10
164.919
20
-117.437
11
165.117
21
-117.345
0
LINE
8
BLACK
6
CONTINUOUS
10
165.117
20
-117.345
11
165.117
21
-117.345
0
LINE
8
BLACK
6
CONTINUOUS
10
165.117
20
-117.345
11
165.122
21
-117.343
0
LINE
8
BLACK
6
CONTINUOUS
10
165.122
20
-117.343
11
165.253
21
-117.25
0
LINE
8
BLACK
6
CONTINUOUS
10
165.253
20
-117.25
11
165.305
21
-117.214
0
LINE
8
BLACK
6
CONTINUOUS
10
165.305
20
-117.214
11
165.305
21
-117.214
0
LINE
8
BLACK
6
CONTINUOUS
10
165.305
20
-117.214
11
165.309
21
-117.211
0
LINE
8
BLACK
6
CONTINUOUS
10
165.309
20
-117.211
11
165.471
21
-117.049
0
LINE
8
BLACK
6
CONTINUOUS
10
165.471
20
-117.049
11
165.486
21
-117.029
0
LINE
8
BLACK
6
CONTINUOUS
10
165.486
20
-117.029
11
165.594
21
-116.874
0
LINE
8
BLACK
6
CONTINUOUS
10
165.594
20
-116.874
11
165.603
21
-116.862
0
LINE
8
BLACK
6
CONTINUOUS
10
165.603
20
-116.862
11
165.605
21
-116.857
0
LINE
8
BLACK
6
CONTINUOUS
10
165.605
20
-116.857
11
165.605
21
-116.857
0
LINE
8
BLACK
6
CONTINUOUS
10
165.605
20
-116.857
11
165.697
21
-116.659
0
LINE
8
BLACK
6
CONTINUOUS
10
165.697
20
-116.659
11
165.697
21
-116.659
0
LINE
8
BLACK
6
CONTINUOUS
10
165.697
20
-116.659
11
165.699
21
-116.654
0
LINE
8
BLACK
6
CONTINUOUS
10
165.699
20
-116.654
11
165.702
21
-116.645
0
LINE
8
BLACK
6
CONTINUOUS
10
165.702
20
-116.645
11
165.757
21
-116.438
0
LINE
8
BLACK
6
CONTINUOUS
10
165.757
20
-116.438
11
165.757
21
-116.438
0
LINE
8
BLACK
6
CONTINUOUS
10
165.757
20
-116.438
11
165.759
21
-116.433
0
LINE
8
BLACK
6
CONTINUOUS
10
165.759
20
-116.433
11
165.778
21
-116.205
0
LINE
8
BLACK
6
CONTINUOUS
10
165.778
20
-116.205
11
165.759
21
-115.977
0
LINE
8
BLACK
6
CONTINUOUS
10
165.759
20
-115.977
11
165.746
21
-115.929
0
LINE
8
BLACK
6
CONTINUOUS
10
165.746
20
-115.929
11
165.701
21
-115.761
0
LINE
8
BLACK
6
CONTINUOUS
10
165.701
20
-115.761
11
165.701
21
-115.761
0
LINE
8
BLACK
6
CONTINUOUS
10
165.701
20
-115.761
11
165.699
21
-115.756
0
LINE
8
BLACK
6
CONTINUOUS
10
165.699
20
-115.756
11
165.669
21
-115.692
0
LINE
8
BLACK
6
CONTINUOUS
10
165.669
20
-115.692
11
165.605
21
-115.553
0
LINE
8
BLACK
6
CONTINUOUS
10
165.605
20
-115.553
11
165.605
21
-115.553
0
LINE
8
BLACK
6
CONTINUOUS
10
165.605
20
-115.553
11
165.603
21
-115.548
0
LINE
8
BLACK
6
CONTINUOUS
10
165.603
20
-115.548
11
165.52
21
-115.431
0
LINE
8
BLACK
6
CONTINUOUS
10
165.52
20
-115.431
11
165.474
21
-115.365
0
LINE
8
BLACK
6
CONTINUOUS
10
165.474
20
-115.365
11
165.474
21
-115.365
0
LINE
8
BLACK
6
CONTINUOUS
10
165.474
20
-115.365
11
165.471
21
-115.361
0
LINE
8
BLACK
6
CONTINUOUS
10
165.471
20
-115.361
11
165.309
21
-115.199
0
LINE
8
BLACK
6
CONTINUOUS
10
165.309
20
-115.199
11
165.305
21
-115.196
0
LINE
8
BLACK
6
CONTINUOUS
10
165.305
20
-115.196
11
165.305
21
-115.196
0
LINE
8
BLACK
6
CONTINUOUS
10
165.305
20
-115.196
11
165.201
21
-115.123
0
LINE
8
BLACK
6
CONTINUOUS
10
165.201
20
-115.123
11
165.122
21
-115.067
0
LINE
8
BLACK
6
CONTINUOUS
10
165.122
20
-115.067
11
165.117
21
-115.065
0
LINE
8
BLACK
6
CONTINUOUS
10
165.117
20
-115.065
11
165.117
21
-115.065
0
LINE
8
BLACK
6
CONTINUOUS
10
165.117
20
-115.065
11
164.919
21
-114.973
0
LINE
8
BLACK
6
CONTINUOUS
10
164.919
20
-114.973
11
164.919
21
-114.973
0
LINE
8
BLACK
6
CONTINUOUS
10
164.919
20
-114.973
11
164.914
21
-114.971
0
LINE
8
BLACK
6
CONTINUOUS
10
164.914
20
-114.971
11
164.909
21
-114.969
0
LINE
8
BLACK
6
CONTINUOUS
10
164.909
20
-114.969
11
164.909
21
-114.969
0
LINE
8
BLACK
6
CONTINUOUS
10
164.909
20
-114.969
11
164.698
21
-114.913
0
LINE
8
BLACK
6
CONTINUOUS
10
164.698
20
-114.913
11
164.698
21
-114.913
0
LINE
8
BLACK
6
CONTINUOUS
10
164.698
20
-114.913
11
164.693
21
-114.911
0
LINE
8
BLACK
6
CONTINUOUS
10
164.693
20
-114.911
11
164.465
21
-114.892
0
LINE
8
BLACK
6
CONTINUOUS
10
164.465
20
-114.892
11
164.237
21
-114.911
0
LINE
8
BLACK
6
CONTINUOUS
10
164.237
20
-114.911
11
164.232
21
-114.913
0
LINE
8
BLACK
6
CONTINUOUS
10
164.232
20
-114.913
11
164.232
21
-114.913
0
LINE
8
BLACK
6
CONTINUOUS
10
164.232
20
-114.913
11
164.021
21
-114.969
0
LINE
8
BLACK
6
CONTINUOUS
10
164.021
20
-114.969
11
164.021
21
-114.969
0
LINE
8
BLACK
6
CONTINUOUS
10
164.021
20
-114.969
11
164.016
21
-114.971
0
LINE
8
BLACK
6
CONTINUOUS
10
164.016
20
-114.971
11
164.011
21
-114.973
0
LINE
8
BLACK
6
CONTINUOUS
10
164.011
20
-114.973
11
164.011
21
-114.973
0
LINE
8
BLACK
6
CONTINUOUS
10
164.011
20
-114.973
11
163.813
21
-115.065
0
LINE
8
BLACK
6
CONTINUOUS
10
163.813
20
-115.065
11
163.813
21
-115.065
0
LINE
8
BLACK
6
CONTINUOUS
10
163.813
20
-115.065
11
163.808
21
-115.067
0
LINE
8
BLACK
6
CONTINUOUS
10
163.808
20
-115.067
11
163.666
21
-115.167
0
LINE
8
BLACK
6
CONTINUOUS
10
163.666
20
-115.167
11
163.657
21
-115.174
0
LINE
8
BLACK
6
CONTINUOUS
10
163.657
20
-115.174
11
163.584
21
-115.197
0
LINE
8
BLACK
6
CONTINUOUS
10
163.584
20
-115.197
11
160.082
21
-115.197
0
LINE
8
BLACK
6
CONTINUOUS
10
160.082
20
-115.197
11
160.068
21
-115.196
0
LINE
8
BLACK
6
CONTINUOUS
10
160.068
20
-115.196
11
160.037
21
-115.192
0
LINE
8
BLACK
6
CONTINUOUS
10
160.037
20
-115.192
11
160.037
21
-115.192
0
LINE
8
BLACK
6
CONTINUOUS
10
160.037
20
-115.192
11
160.031
21
-115.192
0
LINE
8
BLACK
6
CONTINUOUS
10
160.031
20
-115.192
11
160.016
21
-115.193
0
LINE
8
BLACK
6
CONTINUOUS
10
160.016
20
-115.193
11
159.981
21
-115.196
0
LINE
8
BLACK
6
CONTINUOUS
10
159.981
20
-115.196
11
159.976
21
-115.196
0
LINE
8
BLACK
6
CONTINUOUS
10
159.976
20
-115.196
11
159.973
21
-115.197
0
LINE
8
BLACK
6
CONTINUOUS
10
159.973
20
-115.197
11
159.97
21
-115.197
0
LINE
8
BLACK
6
CONTINUOUS
10
159.97
20
-115.197
11
159.948
21
-115.199
0
LINE
8
BLACK
6
CONTINUOUS
10
159.948
20
-115.199
11
159.927
21
-115.201
0
LINE
8
BLACK
6
CONTINUOUS
10
159.927
20
-115.201
11
159.926
21
-115.201
0
LINE
8
BLACK
6
CONTINUOUS
10
159.926
20
-115.201
11
159.894
21
-115.204
0
LINE
8
BLACK
6
CONTINUOUS
10
159.894
20
-115.204
11
159.834
21
-115.209
0
LINE
8
BLACK
6
CONTINUOUS
10
159.834
20
-115.209
11
159.828
21
-115.21
0
LINE
8
BLACK
6
CONTINUOUS
10
159.828
20
-115.21
11
159.823
21
-115.211
0
LINE
8
BLACK
6
CONTINUOUS
10
159.823
20
-115.211
11
159.734
21
-115.238
0
LINE
8
BLACK
6
CONTINUOUS
10
159.734
20
-115.238
11
159.733
21
-115.238
0
LINE
8
BLACK
6
CONTINUOUS
10
159.733
20
-115.238
11
159.644
21
-115.264
0
LINE
8
BLACK
6
CONTINUOUS
10
159.644
20
-115.264
11
159.639
21
-115.267
0
LINE
8
BLACK
6
CONTINUOUS
10
159.639
20
-115.267
11
159.634
21
-115.268
0
LINE
8
BLACK
6
CONTINUOUS
10
159.634
20
-115.268
11
159.628
21
-115.271
0
LINE
8
BLACK
6
CONTINUOUS
10
159.628
20
-115.271
11
159.628
21
-115.271
0
LINE
8
BLACK
6
CONTINUOUS
10
159.628
20
-115.271
11
159.552
21
-115.312
0
LINE
8
BLACK
6
CONTINUOUS
10
159.552
20
-115.312
11
159.551
21
-115.312
0
LINE
8
BLACK
6
CONTINUOUS
10
159.551
20
-115.312
11
159.519
21
-115.329
0
LINE
8
BLACK
6
CONTINUOUS
10
159.519
20
-115.329
11
159.468
21
-115.355
0
LINE
8
BLACK
6
CONTINUOUS
10
159.468
20
-115.355
11
159.464
21
-115.358
0
LINE
8
BLACK
6
CONTINUOUS
10
159.464
20
-115.358
11
159.459
21
-115.361
0
LINE
8
BLACK
6
CONTINUOUS
10
159.459
20
-115.361
11
159.387
21
-115.42
0
LINE
8
BLACK
6
CONTINUOUS
10
159.387
20
-115.42
11
159.386
21
-115.42
0
LINE
8
BLACK
6
CONTINUOUS
10
159.386
20
-115.42
11
159.347
21
-115.452
0
LINE
8
BLACK
6
CONTINUOUS
10
159.347
20
-115.452
11
159.345
21
-115.454
0
LINE
8
BLACK
6
CONTINUOUS
10
159.345
20
-115.454
11
159.344
21
-115.455
0
LINE
8
BLACK
6
CONTINUOUS
10
159.344
20
-115.455
11
159.339
21
-115.459
0
LINE
8
BLACK
6
CONTINUOUS
10
159.339
20
-115.459
11
159.306
21
-115.486
0
LINE
8
BLACK
6
CONTINUOUS
10
159.306
20
-115.486
11
159.302
21
-115.491
0
LINE
8
BLACK
6
CONTINUOUS
10
159.302
20
-115.491
11
159.302
21
-115.491
0
LINE
8
BLACK
6
CONTINUOUS
10
159.302
20
-115.491
11
159.277
21
-115.521
0
LINE
8
BLACK
6
CONTINUOUS
10
159.277
20
-115.521
11
159.269
21
-115.53
0
LINE
8
BLACK
6
CONTINUOUS
10
159.269
20
-115.53
11
158.006
21
-116.793
0
LINE
8
BLACK
6
CONTINUOUS
10
158.006
20
-116.793
11
157.995
21
-116.802
0
LINE
8
BLACK
6
CONTINUOUS
10
157.995
20
-116.802
11
157.966
21
-116.826
0
LINE
8
BLACK
6
CONTINUOUS
10
157.966
20
-116.826
11
157.962
21
-116.831
0
LINE
8
BLACK
6
CONTINUOUS
10
157.962
20
-116.831
11
157.934
21
-116.864
0
LINE
8
BLACK
6
CONTINUOUS
10
157.934
20
-116.864
11
157.931
21
-116.868
0
LINE
8
BLACK
6
CONTINUOUS
10
157.931
20
-116.868
11
157.929
21
-116.87
0
LINE
8
BLACK
6
CONTINUOUS
10
157.929
20
-116.87
11
157.927
21
-116.872
0
LINE
8
BLACK
6
CONTINUOUS
10
157.927
20
-116.872
11
157.899
21
-116.905
0
LINE
8
BLACK
6
CONTINUOUS
10
157.899
20
-116.905
11
157.899
21
-116.906
0
LINE
8
BLACK
6
CONTINUOUS
10
157.899
20
-116.906
11
157.839
21
-116.977
0
LINE
8
BLACK
6
CONTINUOUS
10
157.839
20
-116.977
11
157.836
21
-116.982
0
LINE
8
BLACK
6
CONTINUOUS
10
157.836
20
-116.982
11
157.833
21
-116.986
0
LINE
8
BLACK
6
CONTINUOUS
10
157.833
20
-116.986
11
157.81
21
-117.029
0
LINE
8
BLACK
6
CONTINUOUS
10
157.81
20
-117.029
11
157.789
21
-117.068
0
LINE
8
BLACK
6
CONTINUOUS
10
157.789
20
-117.068
11
157.788
21
-117.069
0
LINE
8
BLACK
6
CONTINUOUS
10
157.788
20
-117.069
11
157.747
21
-117.145
0
LINE
8
BLACK
6
CONTINUOUS
10
157.747
20
-117.145
11
157.747
21
-117.145
0
LINE
8
BLACK
6
CONTINUOUS
10
157.747
20
-117.145
11
157.744
21
-117.151
0
LINE
8
BLACK
6
CONTINUOUS
10
157.744
20
-117.151
11
157.742
21
-117.156
0
LINE
8
BLACK
6
CONTINUOUS
10
157.742
20
-117.156
11
157.739
21
-117.161
0
LINE
8
BLACK
6
CONTINUOUS
10
157.739
20
-117.161
11
157.712
21
-117.25
0
LINE
8
BLACK
6
CONTINUOUS
10
157.712
20
-117.25
11
157.712
21
-117.251
0
LINE
8
BLACK
6
CONTINUOUS
10
157.712
20
-117.251
11
157.684
21
-117.339
0
LINE
8
BLACK
6
CONTINUOUS
10
157.684
20
-117.339
11
157.683
21
-117.345
0
LINE
8
BLACK
6
CONTINUOUS
10
157.683
20
-117.345
11
157.682
21
-117.35
0
LINE
8
BLACK
6
CONTINUOUS
10
157.682
20
-117.35
11
157.68
21
-117.367
0
LINE
8
BLACK
6
CONTINUOUS
10
157.68
20
-117.367
11
157.672
21
-117.442
0
LINE
8
BLACK
6
CONTINUOUS
10
157.672
20
-117.442
11
157.672
21
-117.443
0
LINE
8
BLACK
6
CONTINUOUS
10
157.672
20
-117.443
11
157.666
21
-117.493
0
LINE
8
BLACK
6
CONTINUOUS
10
157.666
20
-117.493
11
157.666
21
-117.497
0
LINE
8
BLACK
6
CONTINUOUS
10
157.666
20
-117.497
11
157.666
21
-117.498
0
LINE
8
BLACK
6
CONTINUOUS
10
157.666
20
-117.498
11
157.666
21
-117.503
0
LINE
8
BLACK
6
CONTINUOUS
10
157.666
20
-117.503
11
157.662
21
-117.546
0
LINE
8
BLACK
6
CONTINUOUS
10
157.662
20
-117.546
11
157.662
21
-117.553
0
LINE
8
BLACK
6
CONTINUOUS
10
157.662
20
-117.553
11
157.666
21
-117.592
0
LINE
8
BLACK
6
CONTINUOUS
10
157.666
20
-117.592
11
157.666
21
-117.604
0
LINE
8
BLACK
6
CONTINUOUS
10
157.666
20
-117.604
11
157.666
21
-119.924
0
LINE
8
BLACK
6
CONTINUOUS
10
157.666
20
-119.924
11
157.644
21
-119.996
0
LINE
8
BLACK
6
CONTINUOUS
10
157.644
20
-119.996
11
157.607
21
-120.048
0
LINE
8
BLACK
6
CONTINUOUS
10
157.607
20
-120.048
11
157.605
21
-120.053
0
LINE
8
BLACK
6
CONTINUOUS
10
157.605
20
-120.053
11
157.605
21
-120.053
0
LINE
8
BLACK
6
CONTINUOUS
10
157.605
20
-120.053
11
157.547
21
-120.177
0
LINE
8
BLACK
6
CONTINUOUS
10
157.547
20
-120.177
11
157.516
21
-120.243
0
LINE
8
BLACK
6
CONTINUOUS
10
157.516
20
-120.243
11
157.515
21
-120.249
0
LINE
8
BLACK
6
CONTINUOUS
10
157.515
20
-120.249
11
157.515
21
-120.249
0
LINE
8
BLACK
6
CONTINUOUS
10
157.515
20
-120.249
11
157.462
21
-120.446
0
LINE
8
BLACK
6
CONTINUOUS
10
157.462
20
-120.446
11
157.461
21
-120.451
0
LINE
8
BLACK
6
CONTINUOUS
10
157.461
20
-120.451
11
157.442
21
-120.665
0
LINE
8
BLACK
6
CONTINUOUS
10
157.442
20
-120.665
11
157.461
21
-120.879
0
LINE
8
BLACK
6
CONTINUOUS
10
157.461
20
-120.879
11
157.516
21
-121.087
0
LINE
8
BLACK
6
CONTINUOUS
10
157.516
20
-121.087
11
157.518
21
-121.092
0
LINE
8
BLACK
6
CONTINUOUS
10
157.518
20
-121.092
11
157.519
21
-121.092
0
LINE
8
BLACK
6
CONTINUOUS
10
157.519
20
-121.092
11
157.593
21
-121.252
0
LINE
8
BLACK
6
CONTINUOUS
10
157.593
20
-121.252
11
157.607
21
-121.282
0
LINE
8
BLACK
6
CONTINUOUS
10
157.607
20
-121.282
11
157.73
21
-121.458
0
LINE
8
BLACK
6
CONTINUOUS
10
157.73
20
-121.458
11
157.882
21
-121.61
0
LINE
8
BLACK
6
CONTINUOUS
10
157.882
20
-121.61
11
158.058
21
-121.733
0
LINE
8
BLACK
6
CONTINUOUS
10
158.058
20
-121.733
11
158.063
21
-121.735
0
LINE
8
BLACK
6
CONTINUOUS
10
158.063
20
-121.735
11
158.063
21
-121.735
0
LINE
8
BLACK
6
CONTINUOUS
10
158.063
20
-121.735
11
158.247
21
-121.821
0
LINE
8
BLACK
6
CONTINUOUS
10
158.247
20
-121.821
11
158.3
21
-121.868
0
LINE
8
BLACK
6
CONTINUOUS
10
158.3
20
-121.868
11
158.319
21
-121.936
0
LINE
8
BLACK
6
CONTINUOUS
10
158.319
20
-121.936
11
158.299
21
-122.004
0
LINE
8
BLACK
6
CONTINUOUS
10
158.299
20
-122.004
11
158.247
21
-122.049
0
LINE
8
BLACK
6
CONTINUOUS
10
158.247
20
-122.049
11
158.063
21
-122.135
0
LINE
8
BLACK
6
CONTINUOUS
10
158.063
20
-122.135
11
158.063
21
-122.135
0
LINE
8
BLACK
6
CONTINUOUS
10
158.063
20
-122.135
11
158.058
21
-122.137
0
LINE
8
BLACK
6
CONTINUOUS
10
158.058
20
-122.137
11
157.882
21
-122.26
0
LINE
8
BLACK
6
CONTINUOUS
10
157.882
20
-122.26
11
157.73
21
-122.412
0
LINE
8
BLACK
6
CONTINUOUS
10
157.73
20
-122.412
11
157.607
21
-122.588
0
LINE
8
BLACK
6
CONTINUOUS
10
157.607
20
-122.588
11
157.605
21
-122.593
0
LINE
8
BLACK
6
CONTINUOUS
10
157.605
20
-122.593
11
157.605
21
-122.593
0
LINE
8
BLACK
6
CONTINUOUS
10
157.605
20
-122.593
11
157.524
21
-122.766
0
LINE
8
BLACK
6
CONTINUOUS
10
157.524
20
-122.766
11
157.516
21
-122.783
0
LINE
8
BLACK
6
CONTINUOUS
10
157.516
20
-122.783
11
157.515
21
-122.789
0
LINE
8
BLACK
6
CONTINUOUS
10
157.515
20
-122.789
11
157.515
21
-122.789
0
LINE
8
BLACK
6
CONTINUOUS
10
157.515
20
-122.789
11
157.472
21
-122.949
0
LINE
8
BLACK
6
CONTINUOUS
10
157.472
20
-122.949
11
157.461
21
-122.991
0
LINE
8
BLACK
6
CONTINUOUS
10
157.461
20
-122.991
11
157.442
21
-123.205
0
LINE
8
BLACK
6
CONTINUOUS
10
157.442
20
-123.205
11
157.461
21
-123.419
0
LINE
8
BLACK
6
CONTINUOUS
10
157.461
20
-123.419
11
157.462
21
-123.424
0
LINE
8
BLACK
6
CONTINUOUS
10
157.462
20
-123.424
11
157.462
21
-123.424
0
LINE
8
BLACK
6
CONTINUOUS
10
157.462
20
-123.424
11
157.465
21
-123.438
0
LINE
8
BLACK
6
CONTINUOUS
10
157.465
20
-123.438
11
157.516
21
-123.627
0
LINE
8
BLACK
6
CONTINUOUS
10
157.516
20
-123.627
11
157.518
21
-123.632
0
LINE
8
BLACK
6
CONTINUOUS
10
157.518
20
-123.632
11
157.519
21
-123.632
0
LINE
8
BLACK
6
CONTINUOUS
10
157.519
20
-123.632
11
157.604
21
-123.815
0
LINE
8
BLACK
6
CONTINUOUS
10
157.604
20
-123.815
11
157.607
21
-123.822
0
LINE
8
BLACK
6
CONTINUOUS
10
157.607
20
-123.822
11
157.73
21
-123.998
0
LINE
8
BLACK
6
CONTINUOUS
10
157.73
20
-123.998
11
157.882
21
-124.15
0
LINE
8
BLACK
6
CONTINUOUS
10
157.882
20
-124.15
11
158.058
21
-124.273
0
LINE
8
BLACK
6
CONTINUOUS
10
158.058
20
-124.273
11
158.063
21
-124.275
0
LINE
8
BLACK
6
CONTINUOUS
10
158.063
20
-124.275
11
158.063
21
-124.275
0
LINE
8
BLACK
6
CONTINUOUS
10
158.063
20
-124.275
11
158.247
21
-124.361
0
LINE
8
BLACK
6
CONTINUOUS
10
158.247
20
-124.361
11
158.3
21
-124.408
0
LINE
8
BLACK
6
CONTINUOUS
10
158.3
20
-124.408
11
158.319
21
-124.476
0
LINE
8
BLACK
6
CONTINUOUS
10
158.319
20
-124.476
11
158.299
21
-124.544
0
LINE
8
BLACK
6
CONTINUOUS
10
158.299
20
-124.544
11
158.247
21
-124.589
0
LINE
8
BLACK
6
CONTINUOUS
10
158.247
20
-124.589
11
158.063
21
-124.675
0
LINE
8
BLACK
6
CONTINUOUS
10
158.063
20
-124.675
11
158.063
21
-124.675
0
LINE
8
BLACK
6
CONTINUOUS
10
158.063
20
-124.675
11
158.058
21
-124.677
0
LINE
8
BLACK
6
CONTINUOUS
10
158.058
20
-124.677
11
158.006
21
-124.714
0
LINE
8
BLACK
6
CONTINUOUS
10
158.006
20
-124.714
11
157.934
21
-124.736
0
LINE
8
BLACK
6
CONTINUOUS
10
157.934
20
-124.736
11
157.33
21
-124.736
0
LINE
8
BLACK
6
CONTINUOUS
10
157.33
20
-124.736
11
157.262
21
-124.716
0
LINE
8
BLACK
6
CONTINUOUS
10
157.262
20
-124.716
11
157.241
21
-124.7
0
LINE
8
BLACK
6
CONTINUOUS
10
157.241
20
-124.7
11
154.715
21
-122.174
0
LINE
8
BLACK
6
CONTINUOUS
10
154.715
20
-122.174
11
154.681
21
-122.112
0
LINE
8
BLACK
6
CONTINUOUS
10
154.681
20
-122.112
11
154.678
21
-122.085
0
LINE
8
BLACK
6
CONTINUOUS
10
154.678
20
-122.085
11
154.678
21
-117.086
0
LINE
8
BLACK
6
CONTINUOUS
10
154.678
20
-117.086
11
154.701
21
-117.013
0
LINE
8
BLACK
6
CONTINUOUS
10
154.701
20
-117.013
11
154.72
21
-116.986
0
LINE
8
BLACK
6
CONTINUOUS
10
154.72
20
-116.986
11
154.808
21
-116.862
0
LINE
8
BLACK
6
CONTINUOUS
10
154.808
20
-116.862
11
154.81
21
-116.857
0
LINE
8
BLACK
6
CONTINUOUS
10
154.81
20
-116.857
11
154.81
21
-116.857
0
LINE
8
BLACK
6
CONTINUOUS
10
154.81
20
-116.857
11
154.902
21
-116.659
0
LINE
8
BLACK
6
CONTINUOUS
10
154.902
20
-116.659
11
154.902
21
-116.659
0
LINE
8
BLACK
6
CONTINUOUS
10
154.902
20
-116.659
11
154.904
21
-116.654
0
LINE
8
BLACK
6
CONTINUOUS
10
154.904
20
-116.654
11
154.907
21
-116.645
0
LINE
8
BLACK
6
CONTINUOUS
10
154.907
20
-116.645
11
154.962
21
-116.438
0
LINE
8
BLACK
6
CONTINUOUS
10
154.962
20
-116.438
11
154.962
21
-116.438
0
LINE
8
BLACK
6
CONTINUOUS
10
154.962
20
-116.438
11
154.964
21
-116.433
0
LINE
8
BLACK
6
CONTINUOUS
10
154.964
20
-116.433
11
154.983
21
-116.205
0
LINE
8
BLACK
6
CONTINUOUS
10
154.983
20
-116.205
11
154.964
21
-115.977
0
LINE
8
BLACK
6
CONTINUOUS
10
154.964
20
-115.977
11
154.951
21
-115.929
0
LINE
8
BLACK
6
CONTINUOUS
10
154.951
20
-115.929
11
154.906
21
-115.761
0
LINE
8
BLACK
6
CONTINUOUS
10
154.906
20
-115.761
11
154.906
21
-115.761
0
LINE
8
BLACK
6
CONTINUOUS
10
154.906
20
-115.761
11
154.904
21
-115.756
0
LINE
8
BLACK
6
CONTINUOUS
10
154.904
20
-115.756
11
154.874
21
-115.692
0
LINE
8
BLACK
6
CONTINUOUS
10
154.874
20
-115.692
11
154.81
21
-115.553
0
LINE
8
BLACK
6
CONTINUOUS
10
154.81
20
-115.553
11
154.81
21
-115.553
0
LINE
8
BLACK
6
CONTINUOUS
10
154.81
20
-115.553
11
154.808
21
-115.548
0
LINE
8
BLACK
6
CONTINUOUS
10
154.808
20
-115.548
11
154.725
21
-115.431
0
LINE
8
BLACK
6
CONTINUOUS
10
154.725
20
-115.431
11
154.679
21
-115.365
0
LINE
8
BLACK
6
CONTINUOUS
10
154.679
20
-115.365
11
154.679
21
-115.365
0
LINE
8
BLACK
6
CONTINUOUS
10
154.679
20
-115.365
11
154.676
21
-115.361
0
LINE
8
BLACK
6
CONTINUOUS
10
154.676
20
-115.361
11
154.514
21
-115.199
0
LINE
8
BLACK
6
CONTINUOUS
10
154.514
20
-115.199
11
154.51
21
-115.196
0
LINE
8
BLACK
6
CONTINUOUS
10
154.51
20
-115.196
11
154.51
21
-115.196
0
LINE
8
BLACK
6
CONTINUOUS
10
154.51
20
-115.196
11
154.406
21
-115.123
0
LINE
8
BLACK
6
CONTINUOUS
10
154.406
20
-115.123
11
154.327
21
-115.067
0
LINE
8
BLACK
6
CONTINUOUS
10
154.327
20
-115.067
11
154.322
21
-115.065
0
LINE
8
BLACK
6
CONTINUOUS
10
154.322
20
-115.065
11
154.322
21
-115.065
0
LINE
8
BLACK
6
CONTINUOUS
10
154.322
20
-115.065
11
154.124
21
-114.973
0
LINE
8
BLACK
6
CONTINUOUS
10
154.124
20
-114.973
11
154.124
21
-114.973
0
LINE
8
BLACK
6
CONTINUOUS
10
154.124
20
-114.973
11
154.119
21
-114.971
0
LINE
8
BLACK
6
CONTINUOUS
10
154.119
20
-114.971
11
154.114
21
-114.969
0
LINE
8
BLACK
6
CONTINUOUS
10
154.114
20
-114.969
11
154.114
21
-114.969
0
LINE
8
BLACK
6
CONTINUOUS
10
154.114
20
-114.969
11
153.903
21
-114.913
0
LINE
8
BLACK
6
CONTINUOUS
10
153.903
20
-114.913
11
153.903
21
-114.913
0
LINE
8
BLACK
6
CONTINUOUS
10
153.903
20
-114.913
11
153.898
21
-114.911
0
LINE
8
BLACK
6
CONTINUOUS
10
153.898
20
-114.911
11
153.67
21
-114.892
0
LINE
8
BLACK
6
CONTINUOUS
10
153.67
20
-114.892
11
153.442
21
-114.911
0
LINE
8
BLACK
6
CONTINUOUS
10
153.442
20
-114.911
11
153.437
21
-114.913
0
LINE
8
BLACK
6
CONTINUOUS
10
153.437
20
-114.913
11
153.437
21
-114.913
0
LINE
8
BLACK
6
CONTINUOUS
10
153.437
20
-114.913
11
153.226
21
-114.969
0
LINE
8
BLACK
6
CONTINUOUS
10
153.226
20
-114.969
11
153.226
21
-114.969
0
LINE
8
BLACK
6
CONTINUOUS
10
153.226
20
-114.969
11
153.221
21
-114.971
0
LINE
8
BLACK
6
CONTINUOUS
10
153.221
20
-114.971
11
153.216
21
-114.973
0
LINE
8
BLACK
6
CONTINUOUS
10
153.216
20
-114.973
11
153.216
21
-114.973
0
LINE
8
BLACK
6
CONTINUOUS
10
153.216
20
-114.973
11
153.018
21
-115.065
0
LINE
8
BLACK
6
CONTINUOUS
10
153.018
20
-115.065
11
153.018
21
-115.065
0
LINE
8
BLACK
6
CONTINUOUS
10
153.018
20
-115.065
11
153.013
21
-115.067
0
LINE
8
BLACK
6
CONTINUOUS
10
153.013
20
-115.067
11
152.934
21
-115.123
0
LINE
8
BLACK
6
CONTINUOUS
10
152.934
20
-115.123
11
152.83
21
-115.196
0
LINE
8
BLACK
6
CONTINUOUS
10
152.83
20
-115.196
11
152.83
21
-115.196
0
LINE
8
BLACK
6
CONTINUOUS
10
152.83
20
-115.196
11
152.826
21
-115.199
0
LINE
8
BLACK
6
CONTINUOUS
10
152.826
20
-115.199
11
152.664
21
-115.361
0
LINE
8
BLACK
6
CONTINUOUS
10
152.664
20
-115.361
11
152.661
21
-115.365
0
LINE
8
BLACK
6
CONTINUOUS
10
152.661
20
-115.365
11
152.661
21
-115.365
0
LINE
8
BLACK
6
CONTINUOUS
10
152.661
20
-115.365
11
152.615
21
-115.431
0
LINE
8
BLACK
6
CONTINUOUS
10
152.615
20
-115.431
11
152.532
21
-115.548
0
LINE
8
BLACK
6
CONTINUOUS
10
152.532
20
-115.548
11
152.53
21
-115.553
0
LINE
8
BLACK
6
CONTINUOUS
10
152.53
20
-115.553
11
152.53
21
-115.553
0
LINE
8
BLACK
6
CONTINUOUS
10
152.53
20
-115.553
11
152.466
21
-115.692
0
LINE
8
BLACK
6
CONTINUOUS
10
152.466
20
-115.692
11
152.436
21
-115.756
0
LINE
8
BLACK
6
CONTINUOUS
10
152.436
20
-115.756
11
152.434
21
-115.761
0
LINE
8
BLACK
6
CONTINUOUS
10
152.434
20
-115.761
11
152.434
21
-115.761
0
LINE
8
BLACK
6
CONTINUOUS
10
152.434
20
-115.761
11
152.389
21
-115.929
0
LINE
8
BLACK
6
CONTINUOUS
10
152.389
20
-115.929
11
152.376
21
-115.977
0
LINE
8
BLACK
6
CONTINUOUS
10
152.376
20
-115.977
11
152.357
21
-116.205
0
LINE
8
BLACK
6
CONTINUOUS
10
152.357
20
-116.205
11
152.376
21
-116.433
0
LINE
8
BLACK
6
CONTINUOUS
10
152.376
20
-116.433
11
152.378
21
-116.438
0
LINE
8
BLACK
6
CONTINUOUS
10
152.378
20
-116.438
11
152.378
21
-116.438
0
LINE
8
BLACK
6
CONTINUOUS
10
152.378
20
-116.438
11
152.433
21
-116.645
0
LINE
8
BLACK
6
CONTINUOUS
10
152.433
20
-116.645
11
152.436
21
-116.654
0
LINE
8
BLACK
6
CONTINUOUS
10
152.436
20
-116.654
11
152.438
21
-116.659
0
LINE
8
BLACK
6
CONTINUOUS
10
152.438
20
-116.659
11
152.438
21
-116.659
0
LINE
8
BLACK
6
CONTINUOUS
10
152.438
20
-116.659
11
152.53
21
-116.857
0
LINE
8
BLACK
6
CONTINUOUS
10
152.53
20
-116.857
11
152.53
21
-116.857
0
LINE
8
BLACK
6
CONTINUOUS
10
152.53
20
-116.857
11
152.532
21
-116.862
0
LINE
8
BLACK
6
CONTINUOUS
10
152.532
20
-116.862
11
152.62
21
-116.986
0
LINE
8
BLACK
6
CONTINUOUS
10
152.62
20
-116.986
11
152.639
21
-117.013
0
LINE
8
BLACK
6
CONTINUOUS
10
152.639
20
-117.013
11
152.661
21
-117.086
0
LINE
8
BLACK
6
CONTINUOUS
10
152.661
20
-117.086
11
152.661
21
-122.493
0
LINE
8
BLACK
6
CONTINUOUS
10
152.661
20
-122.493
11
152.661
21
-122.507
0
LINE
8
BLACK
6
CONTINUOUS
10
152.661
20
-122.507
11
152.657
21
-122.544
0
LINE
8
BLACK
6
CONTINUOUS
10
152.657
20
-122.544
11
152.658
21
-122.559
0
LINE
8
BLACK
6
CONTINUOUS
10
152.658
20
-122.559
11
152.661
21
-122.594
0
LINE
8
BLACK
6
CONTINUOUS
10
152.661
20
-122.594
11
152.661
21
-122.599
0
LINE
8
BLACK
6
CONTINUOUS
10
152.661
20
-122.599
11
152.661
21
-122.602
0
LINE
8
BLACK
6
CONTINUOUS
10
152.661
20
-122.602
11
152.661
21
-122.605
0
LINE
8
BLACK
6
CONTINUOUS
10
152.661
20
-122.605
11
152.662
21
-122.608
0
LINE
8
BLACK
6
CONTINUOUS
10
152.662
20
-122.608
11
152.666
21
-122.648
0
LINE
8
BLACK
6
CONTINUOUS
10
152.666
20
-122.648
11
152.666
21
-122.649
0
LINE
8
BLACK
6
CONTINUOUS
10
152.666
20
-122.649
11
152.668
21
-122.679
0
LINE
8
BLACK
6
CONTINUOUS
10
152.668
20
-122.679
11
152.674
21
-122.741
0
LINE
8
BLACK
6
CONTINUOUS
10
152.674
20
-122.741
11
152.675
21
-122.747
0
LINE
8
BLACK
6
CONTINUOUS
10
152.675
20
-122.747
11
152.676
21
-122.752
0
LINE
8
BLACK
6
CONTINUOUS
10
152.676
20
-122.752
11
152.703
21
-122.841
0
LINE
8
BLACK
6
CONTINUOUS
10
152.703
20
-122.841
11
152.703
21
-122.842
0
LINE
8
BLACK
6
CONTINUOUS
10
152.703
20
-122.842
11
152.707
21
-122.855
0
LINE
8
BLACK
6
CONTINUOUS
10
152.707
20
-122.855
11
152.729
21
-122.931
0
LINE
8
BLACK
6
CONTINUOUS
10
152.729
20
-122.931
11
152.732
21
-122.936
0
LINE
8
BLACK
6
CONTINUOUS
10
152.732
20
-122.936
11
152.733
21
-122.941
0
LINE
8
BLACK
6
CONTINUOUS
10
152.733
20
-122.941
11
152.736
21
-122.947
0
LINE
8
BLACK
6
CONTINUOUS
10
152.736
20
-122.947
11
152.777
21
-123.023
0
LINE
8
BLACK
6
CONTINUOUS
10
152.777
20
-123.023
11
152.777
21
-123.024
0
LINE
8
BLACK
6
CONTINUOUS
10
152.777
20
-123.024
11
152.784
21
-123.037
0
LINE
8
BLACK
6
CONTINUOUS
10
152.784
20
-123.037
11
152.82
21
-123.107
0
LINE
8
BLACK
6
CONTINUOUS
10
152.82
20
-123.107
11
152.823
21
-123.111
0
LINE
8
BLACK
6
CONTINUOUS
10
152.823
20
-123.111
11
152.826
21
-123.116
0
LINE
8
BLACK
6
CONTINUOUS
10
152.826
20
-123.116
11
152.83
21
-123.121
0
LINE
8
BLACK
6
CONTINUOUS
10
152.83
20
-123.121
11
152.832
21
-123.123
0
LINE
8
BLACK
6
CONTINUOUS
10
152.832
20
-123.123
11
152.885
21
-123.188
0
LINE
8
BLACK
6
CONTINUOUS
10
152.885
20
-123.188
11
152.885
21
-123.189
0
LINE
8
BLACK
6
CONTINUOUS
10
152.885
20
-123.189
11
152.917
21
-123.228
0
LINE
8
BLACK
6
CONTINUOUS
10
152.917
20
-123.228
11
152.919
21
-123.23
0
LINE
8
BLACK
6
CONTINUOUS
10
152.919
20
-123.23
11
152.92
21
-123.231
0
LINE
8
BLACK
6
CONTINUOUS
10
152.92
20
-123.231
11
152.924
21
-123.236
0
LINE
8
BLACK
6
CONTINUOUS
10
152.924
20
-123.236
11
152.951
21
-123.269
0
LINE
8
BLACK
6
CONTINUOUS
10
152.951
20
-123.269
11
152.956
21
-123.273
0
LINE
8
BLACK
6
CONTINUOUS
10
152.956
20
-123.273
11
152.956
21
-123.273
0
LINE
8
BLACK
6
CONTINUOUS
10
152.956
20
-123.273
11
152.986
21
-123.298
0
LINE
8
BLACK
6
CONTINUOUS
10
152.986
20
-123.298
11
152.995
21
-123.306
0
LINE
8
BLACK
6
CONTINUOUS
10
152.995
20
-123.306
11
156.103
21
-126.414
0
LINE
8
BLACK
6
CONTINUOUS
10
156.103
20
-126.414
11
156.112
21
-126.425
0
LINE
8
BLACK
6
CONTINUOUS
10
156.112
20
-126.425
11
156.136
21
-126.454
0
LINE
8
BLACK
6
CONTINUOUS
10
156.136
20
-126.454
11
156.174
21
-126.486
0
LINE
8
BLACK
6
CONTINUOUS
10
156.174
20
-126.486
11
156.178
21
-126.489
0
LINE
8
BLACK
6
CONTINUOUS
10
156.178
20
-126.489
11
156.18
21
-126.491
0
LINE
8
BLACK
6
CONTINUOUS
10
156.18
20
-126.491
11
156.182
21
-126.493
0
LINE
8
BLACK
6
CONTINUOUS
10
156.182
20
-126.493
11
156.184
21
-126.495
0
LINE
8
BLACK
6
CONTINUOUS
10
156.184
20
-126.495
11
156.184
21
-126.495
0
LINE
8
BLACK
6
CONTINUOUS
10
156.184
20
-126.495
11
156.215
21
-126.521
0
LINE
8
BLACK
6
CONTINUOUS
10
156.215
20
-126.521
11
156.216
21
-126.521
0
LINE
8
BLACK
6
CONTINUOUS
10
156.216
20
-126.521
11
156.287
21
-126.581
0
LINE
8
BLACK
6
CONTINUOUS
10
156.287
20
-126.581
11
156.292
21
-126.584
0
LINE
8
BLACK
6
CONTINUOUS
10
156.292
20
-126.584
11
156.296
21
-126.587
0
LINE
8
BLACK
6
CONTINUOUS
10
156.296
20
-126.587
11
156.375
21
-126.629
0
LINE
8
BLACK
6
CONTINUOUS
10
156.375
20
-126.629
11
156.378
21
-126.631
0
LINE
8
BLACK
6
CONTINUOUS
10
156.378
20
-126.631
11
156.379
21
-126.632
0
LINE
8
BLACK
6
CONTINUOUS
10
156.379
20
-126.632
11
156.461
21
-126.676
0
LINE
8
BLACK
6
CONTINUOUS
10
156.461
20
-126.676
11
156.466
21
-126.678
0
LINE
8
BLACK
6
CONTINUOUS
10
156.466
20
-126.678
11
156.471
21
-126.681
0
LINE
8
BLACK
6
CONTINUOUS
10
156.471
20
-126.681
11
156.56
21
-126.708
0
LINE
8
BLACK
6
CONTINUOUS
10
156.56
20
-126.708
11
156.561
21
-126.708
0
LINE
8
BLACK
6
CONTINUOUS
10
156.561
20
-126.708
11
156.649
21
-126.736
0
LINE
8
BLACK
6
CONTINUOUS
10
156.649
20
-126.736
11
156.655
21
-126.737
0
LINE
8
BLACK
6
CONTINUOUS
10
156.655
20
-126.737
11
156.66
21
-126.738
0
LINE
8
BLACK
6
CONTINUOUS
10
156.66
20
-126.738
11
156.752
21
-126.748
0
LINE
8
BLACK
6
CONTINUOUS
10
156.752
20
-126.748
11
156.753
21
-126.748
0
LINE
8
BLACK
6
CONTINUOUS
10
156.753
20
-126.748
11
156.787
21
-126.752
0
LINE
8
BLACK
6
CONTINUOUS
10
156.787
20
-126.752
11
156.8
21
-126.753
0
LINE
8
BLACK
6
CONTINUOUS
10
156.8
20
-126.753
11
156.8
21
-126.753
0
LINE
8
BLACK
6
CONTINUOUS
10
156.8
20
-126.753
11
156.803
21
-126.753
0
LINE
8
BLACK
6
CONTINUOUS
10
156.803
20
-126.753
11
156.807
21
-126.753
0
LINE
8
BLACK
6
CONTINUOUS
10
156.807
20
-126.753
11
156.808
21
-126.754
0
LINE
8
BLACK
6
CONTINUOUS
10
156.808
20
-126.754
11
156.813
21
-126.754
0
LINE
8
BLACK
6
CONTINUOUS
10
156.813
20
-126.754
11
156.843
21
-126.757
0
LINE
8
BLACK
6
CONTINUOUS
10
156.843
20
-126.757
11
156.85
21
-126.758
0
LINE
8
BLACK
6
CONTINUOUS
10
156.85
20
-126.758
11
156.85
21
-126.758
0
LINE
8
BLACK
6
CONTINUOUS
10
156.85
20
-126.758
11
156.856
21
-126.758
0
LINE
8
BLACK
6
CONTINUOUS
10
156.856
20
-126.758
11
156.902
21
-126.754
0
LINE
8
BLACK
6
CONTINUOUS
10
156.902
20
-126.754
11
156.914
21
-126.753
0
LINE
8
BLACK
6
CONTINUOUS
10
156.914
20
-126.753
11
157.934
21
-126.753
0
LINE
8
BLACK
6
CONTINUOUS
10
157.934
20
-126.753
11
158.006
21
-126.776
0
LINE
8
BLACK
6
CONTINUOUS
10
158.006
20
-126.776
11
158.058
21
-126.813
0
LINE
8
BLACK
6
CONTINUOUS
10
158.058
20
-126.813
11
158.063
21
-126.815
0
LINE
8
BLACK
6
CONTINUOUS
10
158.063
20
-126.815
11
158.063
21
-126.815
0
LINE
8
BLACK
6
CONTINUOUS
10
158.063
20
-126.815
11
158.248
21
-126.901
0
LINE
8
BLACK
6
CONTINUOUS
10
158.248
20
-126.901
11
158.253
21
-126.904
0
LINE
8
BLACK
6
CONTINUOUS
10
158.253
20
-126.904
11
158.259
21
-126.905
0
LINE
8
BLACK
6
CONTINUOUS
10
158.259
20
-126.905
11
158.259
21
-126.905
0
LINE
8
BLACK
6
CONTINUOUS
10
158.259
20
-126.905
11
158.456
21
-126.958
0
LINE
8
BLACK
6
CONTINUOUS
10
158.456
20
-126.958
11
158.456
21
-126.958
0
LINE
8
BLACK
6
CONTINUOUS
10
158.456
20
-126.958
11
158.461
21
-126.959
0
LINE
8
BLACK
6
CONTINUOUS
10
158.461
20
-126.959
11
158.675
21
-126.978
0
LINE
8
BLACK
6
CONTINUOUS
10
158.675
20
-126.978
11
158.889
21
-126.959
0
LINE
8
BLACK
6
CONTINUOUS
10
158.889
20
-126.959
11
158.894
21
-126.958
0
LINE
8
BLACK
6
CONTINUOUS
10
158.894
20
-126.958
11
158.894
21
-126.958
0
LINE
8
BLACK
6
CONTINUOUS
10
158.894
20
-126.958
11
159.091
21
-126.905
0
LINE
8
BLACK
6
CONTINUOUS
10
159.091
20
-126.905
11
159.091
21
-126.905
0
LINE
8
BLACK
6
CONTINUOUS
10
159.091
20
-126.905
11
159.097
21
-126.904
0
LINE
8
BLACK
6
CONTINUOUS
10
159.097
20
-126.904
11
159.102
21
-126.901
0
LINE
8
BLACK
6
CONTINUOUS
10
159.102
20
-126.901
11
159.287
21
-126.815
0
LINE
8
BLACK
6
CONTINUOUS
10
159.287
20
-126.815
11
159.287
21
-126.815
0
LINE
8
BLACK
6
CONTINUOUS
10
159.287
20
-126.815
11
159.292
21
-126.813
0
LINE
8
BLACK
6
CONTINUOUS
10
159.292
20
-126.813
11
159.468
21
-126.69
0
LINE
8
BLACK
6
CONTINUOUS
10
159.468
20
-126.69
11
159.62
21
-126.538
0
LINE
8
BLACK
6
CONTINUOUS
10
159.62
20
-126.538
11
159.741
21
-126.365
0
LINE
8
BLACK
6
CONTINUOUS
10
159.741
20
-126.365
11
159.743
21
-126.362
0
LINE
8
BLACK
6
CONTINUOUS
10
159.743
20
-126.362
11
159.761
21
-126.323
0
LINE
8
BLACK
6
CONTINUOUS
10
191.007
20
-121.157
11
190.858
21
-121.059
0
LINE
8
BLACK
6
CONTINUOUS
10
190.858
20
-121.059
11
190.734
21
-120.931
0
LINE
8
BLACK
6
CONTINUOUS
10
190.734
20
-120.931
11
190.642
21
-120.779
0
LINE
8
BLACK
6
CONTINUOUS
10
190.642
20
-120.779
11
190.615
21
-120.697
0
LINE
8
BLACK
6
CONTINUOUS
10
190.615
20
-120.697
11
190.1
21
-120.697
0
LINE
8
BLACK
6
CONTINUOUS
10
190.1
20
-120.697
11
190.087
21
-120.701
0
LINE
8
BLACK
6
CONTINUOUS
10
190.087
20
-120.701
11
190.085
21
-120.71
0
LINE
8
BLACK
6
CONTINUOUS
10
190.085
20
-120.71
11
190.133
21
-120.887
0
LINE
8
BLACK
6
CONTINUOUS
10
190.133
20
-120.887
11
190.137
21
-120.897
0
LINE
8
BLACK
6
CONTINUOUS
10
190.137
20
-120.897
11
190.229
21
-121.095
0
LINE
8
BLACK
6
CONTINUOUS
10
190.229
20
-121.095
11
190.234
21
-121.104
0
LINE
8
BLACK
6
CONTINUOUS
10
190.234
20
-121.104
11
190.359
21
-121.283
0
LINE
8
BLACK
6
CONTINUOUS
10
190.359
20
-121.283
11
190.366
21
-121.291
0
LINE
8
BLACK
6
CONTINUOUS
10
190.366
20
-121.291
11
190.52
21
-121.445
0
LINE
8
BLACK
6
CONTINUOUS
10
190.52
20
-121.445
11
190.529
21
-121.452
0
LINE
8
BLACK
6
CONTINUOUS
10
190.529
20
-121.452
11
190.707
21
-121.577
0
LINE
8
BLACK
6
CONTINUOUS
10
190.707
20
-121.577
11
190.716
21
-121.582
0
LINE
8
BLACK
6
CONTINUOUS
10
190.716
20
-121.582
11
190.914
21
-121.675
0
LINE
8
BLACK
6
CONTINUOUS
10
190.914
20
-121.675
11
190.924
21
-121.678
0
LINE
8
BLACK
6
CONTINUOUS
10
190.924
20
-121.678
11
191.097
21
-121.724
0
LINE
8
BLACK
6
CONTINUOUS
10
191.097
20
-121.724
11
191.111
21
-121.724
0
LINE
8
BLACK
6
CONTINUOUS
10
191.111
20
-121.724
11
191.114
21
-121.716
0
LINE
8
BLACK
6
CONTINUOUS
10
191.114
20
-121.716
11
191.114
21
-121.197
0
LINE
8
BLACK
6
CONTINUOUS
10
191.114
20
-121.197
11
191.007
21
-121.157
0
LINE
8
BLACK
6
CONTINUOUS
10
178.641
20
-120.078
11
178.689
21
-120.318
0
LINE
8
BLACK
6
CONTINUOUS
10
178.689
20
-120.318
11
178.691
21
-120.327
0
LINE
8
BLACK
6
CONTINUOUS
10
178.691
20
-120.327
11
178.774
21
-120.557
0
LINE
8
BLACK
6
CONTINUOUS
10
178.774
20
-120.557
11
178.778
21
-120.566
0
LINE
8
BLACK
6
CONTINUOUS
10
178.778
20
-120.566
11
178.893
21
-120.781
0
LINE
8
BLACK
6
CONTINUOUS
10
178.893
20
-120.781
11
178.898
21
-120.789
0
LINE
8
BLACK
6
CONTINUOUS
10
178.898
20
-120.789
11
178.955
21
-120.865
0
LINE
8
BLACK
6
CONTINUOUS
10
178.955
20
-120.865
11
178.966
21
-120.874
0
LINE
8
BLACK
6
CONTINUOUS
10
178.966
20
-120.874
11
178.979
21
-120.867
0
LINE
8
BLACK
6
CONTINUOUS
10
178.979
20
-120.867
11
179.334
21
-120.512
0
LINE
8
BLACK
6
CONTINUOUS
10
179.334
20
-120.512
11
179.301
21
-120.465
0
LINE
8
BLACK
6
CONTINUOUS
10
179.301
20
-120.465
11
179.209
21
-120.266
0
LINE
8
BLACK
6
CONTINUOUS
10
179.209
20
-120.266
11
179.155
21
-120.053
0
LINE
8
BLACK
6
CONTINUOUS
10
179.155
20
-120.053
11
179.14
21
-119.834
0
LINE
8
BLACK
6
CONTINUOUS
10
179.14
20
-119.834
11
179.166
21
-119.615
0
LINE
8
BLACK
6
CONTINUOUS
10
179.166
20
-119.615
11
179.231
21
-119.406
0
LINE
8
BLACK
6
CONTINUOUS
10
179.231
20
-119.406
11
179.331
21
-119.216
0
LINE
8
BLACK
6
CONTINUOUS
10
179.331
20
-119.216
11
178.977
21
-118.861
0
LINE
8
BLACK
6
CONTINUOUS
10
178.977
20
-118.861
11
178.964
21
-118.854
0
LINE
8
BLACK
6
CONTINUOUS
10
178.964
20
-118.854
11
178.953
21
-118.861
0
LINE
8
BLACK
6
CONTINUOUS
10
178.953
20
-118.861
11
178.949
21
-118.867
0
LINE
8
BLACK
6
CONTINUOUS
10
178.949
20
-118.867
11
178.943
21
-118.874
0
LINE
8
BLACK
6
CONTINUOUS
10
178.943
20
-118.874
11
178.816
21
-119.083
0
LINE
8
BLACK
6
CONTINUOUS
10
178.816
20
-119.083
11
178.812
21
-119.092
0
LINE
8
BLACK
6
CONTINUOUS
10
178.812
20
-119.092
11
178.718
21
-119.317
0
LINE
8
BLACK
6
CONTINUOUS
10
178.718
20
-119.317
11
178.715
21
-119.326
0
LINE
8
BLACK
6
CONTINUOUS
10
178.715
20
-119.326
11
178.654
21
-119.563
0
LINE
8
BLACK
6
CONTINUOUS
10
178.654
20
-119.563
11
178.653
21
-119.572
0
LINE
8
BLACK
6
CONTINUOUS
10
178.653
20
-119.572
11
178.628
21
-119.815
0
LINE
8
BLACK
6
CONTINUOUS
10
178.628
20
-119.815
11
178.628
21
-119.825
0
LINE
8
BLACK
6
CONTINUOUS
10
178.628
20
-119.825
11
178.64
21
-120.069
0
LINE
8
BLACK
6
CONTINUOUS
10
178.64
20
-120.069
11
178.641
21
-120.078
0
LINE
8
BLACK
6
CONTINUOUS
10
190.095
20
-120.189
11
190.614
21
-120.189
0
LINE
8
BLACK
6
CONTINUOUS
10
190.614
20
-120.189
11
190.651
21
-120.087
0
LINE
8
BLACK
6
CONTINUOUS
10
190.651
20
-120.087
11
190.748
21
-119.937
0
LINE
8
BLACK
6
CONTINUOUS
10
190.748
20
-119.937
11
190.875
21
-119.813
0
LINE
8
BLACK
6
CONTINUOUS
10
190.875
20
-119.813
11
191.027
21
-119.719
0
LINE
8
BLACK
6
CONTINUOUS
10
191.027
20
-119.719
11
191.114
21
-119.69
0
LINE
8
BLACK
6
CONTINUOUS
10
191.114
20
-119.69
11
191.114
21
-119.175
0
LINE
8
BLACK
6
CONTINUOUS
10
191.114
20
-119.175
11
191.11
21
-119.162
0
LINE
8
BLACK
6
CONTINUOUS
10
191.11
20
-119.162
11
191.101
21
-119.16
0
LINE
8
BLACK
6
CONTINUOUS
10
191.101
20
-119.16
11
190.924
21
-119.208
0
LINE
8
BLACK
6
CONTINUOUS
10
190.924
20
-119.208
11
190.914
21
-119.212
0
LINE
8
BLACK
6
CONTINUOUS
10
190.914
20
-119.212
11
190.716
21
-119.304
0
LINE
8
BLACK
6
CONTINUOUS
10
190.716
20
-119.304
11
190.707
21
-119.309
0
LINE
8
BLACK
6
CONTINUOUS
10
190.707
20
-119.309
11
190.529
21
-119.434
0
LINE
8
BLACK
6
CONTINUOUS
10
190.529
20
-119.434
11
190.52
21
-119.441
0
LINE
8
BLACK
6
CONTINUOUS
10
190.52
20
-119.441
11
190.366
21
-119.595
0
LINE
8
BLACK
6
CONTINUOUS
10
190.366
20
-119.595
11
190.359
21
-119.604
0
LINE
8
BLACK
6
CONTINUOUS
10
190.359
20
-119.604
11
190.234
21
-119.782
0
LINE
8
BLACK
6
CONTINUOUS
10
190.234
20
-119.782
11
190.229
21
-119.792
0
LINE
8
BLACK
6
CONTINUOUS
10
190.229
20
-119.792
11
190.137
21
-119.989
0
LINE
8
BLACK
6
CONTINUOUS
10
190.137
20
-119.989
11
190.133
21
-119.999
0
LINE
8
BLACK
6
CONTINUOUS
10
190.133
20
-119.999
11
190.087
21
-120.172
0
LINE
8
BLACK
6
CONTINUOUS
10
190.087
20
-120.172
11
190.087
21
-120.186
0
LINE
8
BLACK
6
CONTINUOUS
10
190.087
20
-120.186
11
190.095
21
-120.189
0
LINE
8
BLACK
6
CONTINUOUS
10
181.847
20
-120.678
11
181.948
21
-120.455
0
LINE
8
BLACK
6
CONTINUOUS
10
181.948
20
-120.455
11
181.951
21
-120.446
0
LINE
8
BLACK
6
CONTINUOUS
10
181.951
20
-120.446
11
182.017
21
-120.211
0
LINE
8
BLACK
6
CONTINUOUS
10
182.017
20
-120.211
11
182.019
21
-120.202
0
LINE
8
BLACK
6
CONTINUOUS
10
182.019
20
-120.202
11
182.023
21
-120.172
0
LINE
8
BLACK
6
CONTINUOUS
10
182.023
20
-120.172
11
182.05
21
-119.958
0
LINE
8
BLACK
6
CONTINUOUS
10
182.05
20
-119.958
11
182.051
21
-119.951
0
LINE
8
BLACK
6
CONTINUOUS
10
182.051
20
-119.951
11
182.053
21
-119.868
0
LINE
8
BLACK
6
CONTINUOUS
10
182.053
20
-119.868
11
182.053
21
-119.862
0
LINE
8
BLACK
6
CONTINUOUS
10
182.053
20
-119.862
11
182.034
21
-119.616
0
LINE
8
BLACK
6
CONTINUOUS
10
182.034
20
-119.616
11
182.033
21
-119.607
0
LINE
8
BLACK
6
CONTINUOUS
10
182.033
20
-119.607
11
181.979
21
-119.369
0
LINE
8
BLACK
6
CONTINUOUS
10
181.979
20
-119.369
11
181.976
21
-119.36
0
LINE
8
BLACK
6
CONTINUOUS
10
181.976
20
-119.36
11
181.888
21
-119.132
0
LINE
8
BLACK
6
CONTINUOUS
10
181.888
20
-119.132
11
181.884
21
-119.124
0
LINE
8
BLACK
6
CONTINUOUS
10
181.884
20
-119.124
11
181.762
21
-118.911
0
LINE
8
BLACK
6
CONTINUOUS
10
181.762
20
-118.911
11
181.757
21
-118.904
0
LINE
8
BLACK
6
CONTINUOUS
10
181.757
20
-118.904
11
181.726
21
-118.864
0
LINE
8
BLACK
6
CONTINUOUS
10
181.726
20
-118.864
11
181.714
21
-118.855
0
LINE
8
BLACK
6
CONTINUOUS
10
181.714
20
-118.855
11
181.702
21
-118.862
0
LINE
8
BLACK
6
CONTINUOUS
10
181.702
20
-118.862
11
181.347
21
-119.217
0
LINE
8
BLACK
6
CONTINUOUS
10
181.347
20
-119.217
11
181.363
21
-119.238
0
LINE
8
BLACK
6
CONTINUOUS
10
181.363
20
-119.238
11
181.46
21
-119.435
0
LINE
8
BLACK
6
CONTINUOUS
10
181.46
20
-119.435
11
181.52
21
-119.646
0
LINE
8
BLACK
6
CONTINUOUS
10
181.52
20
-119.646
11
181.54
21
-119.865
0
LINE
8
BLACK
6
CONTINUOUS
10
181.54
20
-119.865
11
181.538
21
-119.928
0
LINE
8
BLACK
6
CONTINUOUS
10
181.538
20
-119.928
11
181.507
21
-120.145
0
LINE
8
BLACK
6
CONTINUOUS
10
181.507
20
-120.145
11
181.436
21
-120.353
0
LINE
8
BLACK
6
CONTINUOUS
10
181.436
20
-120.353
11
181.347
21
-120.513
0
LINE
8
BLACK
6
CONTINUOUS
10
181.347
20
-120.513
11
181.704
21
-120.87
0
LINE
8
BLACK
6
CONTINUOUS
10
181.704
20
-120.87
11
181.716
21
-120.876
0
LINE
8
BLACK
6
CONTINUOUS
10
181.716
20
-120.876
11
181.724
21
-120.87
0
LINE
8
BLACK
6
CONTINUOUS
10
181.724
20
-120.87
11
181.828
21
-120.71
0
LINE
8
BLACK
6
CONTINUOUS
10
181.828
20
-120.71
11
181.843
21
-120.686
0
LINE
8
BLACK
6
CONTINUOUS
10
181.843
20
-120.686
11
181.847
21
-120.678
0
LINE
8
BLACK
6
CONTINUOUS
10
179.693
20
-118.859
11
179.823
21
-118.782
0
LINE
8
BLACK
6
CONTINUOUS
10
179.823
20
-118.782
11
180.029
21
-118.706
0
LINE
8
BLACK
6
CONTINUOUS
10
180.029
20
-118.706
11
180.246
21
-118.669
0
LINE
8
BLACK
6
CONTINUOUS
10
180.246
20
-118.669
11
180.465
21
-118.672
0
LINE
8
BLACK
6
CONTINUOUS
10
180.465
20
-118.672
11
180.681
21
-118.714
0
LINE
8
BLACK
6
CONTINUOUS
10
180.681
20
-118.714
11
180.885
21
-118.796
0
LINE
8
BLACK
6
CONTINUOUS
10
180.885
20
-118.796
11
180.986
21
-118.86
0
LINE
8
BLACK
6
CONTINUOUS
10
180.986
20
-118.86
11
181.342
21
-118.503
0
LINE
8
BLACK
6
CONTINUOUS
10
181.342
20
-118.503
11
181.349
21
-118.492
0
LINE
8
BLACK
6
CONTINUOUS
10
181.349
20
-118.492
11
181.339
21
-118.479
0
LINE
8
BLACK
6
CONTINUOUS
10
181.339
20
-118.479
11
181.213
21
-118.392
0
LINE
8
BLACK
6
CONTINUOUS
10
181.213
20
-118.392
11
181.205
21
-118.387
0
LINE
8
BLACK
6
CONTINUOUS
10
181.205
20
-118.387
11
180.986
21
-118.279
0
LINE
8
BLACK
6
CONTINUOUS
10
180.986
20
-118.279
11
180.977
21
-118.275
0
LINE
8
BLACK
6
CONTINUOUS
10
180.977
20
-118.275
11
180.744
21
-118.201
0
LINE
8
BLACK
6
CONTINUOUS
10
180.744
20
-118.201
11
180.735
21
-118.199
0
LINE
8
BLACK
6
CONTINUOUS
10
180.735
20
-118.199
11
180.494
21
-118.159
0
LINE
8
BLACK
6
CONTINUOUS
10
180.494
20
-118.159
11
180.485
21
-118.159
0
LINE
8
BLACK
6
CONTINUOUS
10
180.485
20
-118.159
11
180.24
21
-118.155
0
LINE
8
BLACK
6
CONTINUOUS
10
180.24
20
-118.155
11
180.231
21
-118.156
0
LINE
8
BLACK
6
CONTINUOUS
10
180.231
20
-118.156
11
179.989
21
-118.189
0
LINE
8
BLACK
6
CONTINUOUS
10
179.989
20
-118.189
11
179.979
21
-118.191
0
LINE
8
BLACK
6
CONTINUOUS
10
179.979
20
-118.191
11
179.745
21
-118.259
0
LINE
8
BLACK
6
CONTINUOUS
10
179.745
20
-118.259
11
179.736
21
-118.263
0
LINE
8
BLACK
6
CONTINUOUS
10
179.736
20
-118.263
11
179.514
21
-118.365
0
LINE
8
BLACK
6
CONTINUOUS
10
179.514
20
-118.365
11
179.506
21
-118.37
0
LINE
8
BLACK
6
CONTINUOUS
10
179.506
20
-118.37
11
179.338
21
-118.479
0
LINE
8
BLACK
6
CONTINUOUS
10
179.338
20
-118.479
11
179.329
21
-118.49
0
LINE
8
BLACK
6
CONTINUOUS
10
179.329
20
-118.49
11
179.334
21
-118.5
0
LINE
8
BLACK
6
CONTINUOUS
10
179.334
20
-118.5
11
179.693
21
-118.859
0
LINE
8
BLACK
6
CONTINUOUS
10
201.295
20
-117.1
11
201.303
21
-117.105
0
LINE
8
BLACK
6
CONTINUOUS
10
201.303
20
-117.105
11
201.533
21
-117.226
0
LINE
8
BLACK
6
CONTINUOUS
10
201.533
20
-117.226
11
201.541
21
-117.229
0
LINE
8
BLACK
6
CONTINUOUS
10
201.541
20
-117.229
11
201.786
21
-117.315
0
LINE
8
BLACK
6
CONTINUOUS
10
201.786
20
-117.315
11
201.795
21
-117.317
0
LINE
8
BLACK
6
CONTINUOUS
10
201.795
20
-117.317
11
202.05
21
-117.366
0
LINE
8
BLACK
6
CONTINUOUS
10
202.05
20
-117.366
11
202.059
21
-117.367
0
LINE
8
BLACK
6
CONTINUOUS
10
202.059
20
-117.367
11
202.319
21
-117.377
0
LINE
8
BLACK
6
CONTINUOUS
10
202.319
20
-117.377
11
202.328
21
-117.376
0
LINE
8
BLACK
6
CONTINUOUS
10
202.328
20
-117.376
11
202.586
21
-117.348
0
LINE
8
BLACK
6
CONTINUOUS
10
202.586
20
-117.348
11
202.595
21
-117.347
0
LINE
8
BLACK
6
CONTINUOUS
10
202.595
20
-117.347
11
202.846
21
-117.28
0
LINE
8
BLACK
6
CONTINUOUS
10
202.846
20
-117.28
11
202.855
21
-117.277
0
LINE
8
BLACK
6
CONTINUOUS
10
202.855
20
-117.277
11
203.093
21
-117.175
0
LINE
8
BLACK
6
CONTINUOUS
10
203.093
20
-117.175
11
203.101
21
-117.171
0
LINE
8
BLACK
6
CONTINUOUS
10
203.101
20
-117.171
11
203.322
21
-117.034
0
LINE
8
BLACK
6
CONTINUOUS
10
203.322
20
-117.034
11
203.329
21
-117.029
0
LINE
8
BLACK
6
CONTINUOUS
10
203.329
20
-117.029
11
203.335
21
-117.024
0
LINE
8
BLACK
6
CONTINUOUS
10
203.335
20
-117.024
11
203.343
21
-117.011
0
LINE
8
BLACK
6
CONTINUOUS
10
203.343
20
-117.011
11
203.337
21
-117.001
0
LINE
8
BLACK
6
CONTINUOUS
10
203.337
20
-117.001
11
202.979
21
-116.643
0
LINE
8
BLACK
6
CONTINUOUS
10
202.979
20
-116.643
11
202.91
21
-116.691
0
LINE
8
BLACK
6
CONTINUOUS
10
202.91
20
-116.691
11
202.705
21
-116.787
0
LINE
8
BLACK
6
CONTINUOUS
10
202.705
20
-116.787
11
202.486
21
-116.845
0
LINE
8
BLACK
6
CONTINUOUS
10
202.486
20
-116.845
11
202.26
21
-116.865
0
LINE
8
BLACK
6
CONTINUOUS
10
202.26
20
-116.865
11
202.034
21
-116.845
0
LINE
8
BLACK
6
CONTINUOUS
10
202.034
20
-116.845
11
201.815
21
-116.787
0
LINE
8
BLACK
6
CONTINUOUS
10
201.815
20
-116.787
11
201.61
21
-116.691
0
LINE
8
BLACK
6
CONTINUOUS
10
201.61
20
-116.691
11
201.541
21
-116.643
0
LINE
8
BLACK
6
CONTINUOUS
10
201.541
20
-116.643
11
201.186
21
-116.998
0
LINE
8
BLACK
6
CONTINUOUS
10
201.186
20
-116.998
11
201.18
21
-117.01
0
LINE
8
BLACK
6
CONTINUOUS
10
201.18
20
-117.01
11
201.189
21
-117.021
0
LINE
8
BLACK
6
CONTINUOUS
10
201.189
20
-117.021
11
201.295
21
-117.1
0
LINE
8
BLACK
6
CONTINUOUS
10
194.517
20
-116.457
11
194.526
21
-116.462
0
LINE
8
BLACK
6
CONTINUOUS
10
194.526
20
-116.462
11
194.724
21
-116.555
0
LINE
8
BLACK
6
CONTINUOUS
10
194.724
20
-116.555
11
194.734
21
-116.558
0
LINE
8
BLACK
6
CONTINUOUS
10
194.734
20
-116.558
11
194.945
21
-116.615
0
LINE
8
BLACK
6
CONTINUOUS
10
194.945
20
-116.615
11
194.955
21
-116.617
0
LINE
8
BLACK
6
CONTINUOUS
10
194.955
20
-116.617
11
195.173
21
-116.636
0
LINE
8
BLACK
6
CONTINUOUS
10
195.173
20
-116.636
11
195.183
21
-116.636
0
LINE
8
BLACK
6
CONTINUOUS
10
195.183
20
-116.636
11
195.401
21
-116.617
0
LINE
8
BLACK
6
CONTINUOUS
10
195.401
20
-116.617
11
195.411
21
-116.615
0
LINE
8
BLACK
6
CONTINUOUS
10
195.411
20
-116.615
11
195.622
21
-116.558
0
LINE
8
BLACK
6
CONTINUOUS
10
195.622
20
-116.558
11
195.632
21
-116.555
0
LINE
8
BLACK
6
CONTINUOUS
10
195.632
20
-116.555
11
195.83
21
-116.462
0
LINE
8
BLACK
6
CONTINUOUS
10
195.83
20
-116.462
11
195.839
21
-116.457
0
LINE
8
BLACK
6
CONTINUOUS
10
195.839
20
-116.457
11
195.891
21
-116.421
0
LINE
8
BLACK
6
CONTINUOUS
10
195.891
20
-116.421
11
195.899
21
-116.41
0
LINE
8
BLACK
6
CONTINUOUS
10
195.899
20
-116.41
11
195.892
21
-116.397
0
LINE
8
BLACK
6
CONTINUOUS
10
195.892
20
-116.397
11
195.533
21
-116.037
0
LINE
8
BLACK
6
CONTINUOUS
10
195.533
20
-116.037
11
195.508
21
-116.052
0
LINE
8
BLACK
6
CONTINUOUS
10
195.508
20
-116.052
11
195.339
21
-116.107
0
LINE
8
BLACK
6
CONTINUOUS
10
195.339
20
-116.107
11
195.161
21
-116.123
0
LINE
8
BLACK
6
CONTINUOUS
10
195.161
20
-116.123
11
194.984
21
-116.099
0
LINE
8
BLACK
6
CONTINUOUS
10
194.984
20
-116.099
11
194.822
21
-116.039
0
LINE
8
BLACK
6
CONTINUOUS
10
194.822
20
-116.039
11
194.463
21
-116.397
0
LINE
8
BLACK
6
CONTINUOUS
10
194.463
20
-116.397
11
194.456
21
-116.409
0
LINE
8
BLACK
6
CONTINUOUS
10
194.456
20
-116.409
11
194.466
21
-116.421
0
LINE
8
BLACK
6
CONTINUOUS
10
194.466
20
-116.421
11
194.517
21
-116.457
0
LINE
8
BLACK
6
CONTINUOUS
10
193.886
20
-115.556
11
193.943
21
-115.767
0
LINE
8
BLACK
6
CONTINUOUS
10
193.943
20
-115.767
11
193.947
21
-115.777
0
LINE
8
BLACK
6
CONTINUOUS
10
193.947
20
-115.777
11
194.039
21
-115.975
0
LINE
8
BLACK
6
CONTINUOUS
10
194.039
20
-115.975
11
194.044
21
-115.984
0
LINE
8
BLACK
6
CONTINUOUS
10
194.044
20
-115.984
11
194.081
21
-116.036
0
LINE
8
BLACK
6
CONTINUOUS
10
194.081
20
-116.036
11
194.091
21
-116.044
0
LINE
8
BLACK
6
CONTINUOUS
10
194.091
20
-116.044
11
194.104
21
-116.037
0
LINE
8
BLACK
6
CONTINUOUS
10
194.104
20
-116.037
11
194.464
21
-115.678
0
LINE
8
BLACK
6
CONTINUOUS
10
194.464
20
-115.678
11
194.452
21
-115.659
0
LINE
8
BLACK
6
CONTINUOUS
10
194.452
20
-115.659
11
194.395
21
-115.489
0
LINE
8
BLACK
6
CONTINUOUS
10
194.395
20
-115.489
11
194.378
21
-115.312
0
LINE
8
BLACK
6
CONTINUOUS
10
194.378
20
-115.312
11
194.4
21
-115.135
0
LINE
8
BLACK
6
CONTINUOUS
10
194.4
20
-115.135
11
194.461
21
-114.967
0
LINE
8
BLACK
6
CONTINUOUS
10
194.461
20
-114.967
11
194.462
21
-114.966
0
LINE
8
BLACK
6
CONTINUOUS
10
194.462
20
-114.966
11
194.104
21
-114.608
0
LINE
8
BLACK
6
CONTINUOUS
10
194.104
20
-114.608
11
194.092
21
-114.602
0
LINE
8
BLACK
6
CONTINUOUS
10
194.092
20
-114.602
11
194.08
21
-114.611
0
LINE
8
BLACK
6
CONTINUOUS
10
194.08
20
-114.611
11
194.044
21
-114.662
0
LINE
8
BLACK
6
CONTINUOUS
10
194.044
20
-114.662
11
194.039
21
-114.672
0
LINE
8
BLACK
6
CONTINUOUS
10
194.039
20
-114.672
11
193.947
21
-114.869
0
LINE
8
BLACK
6
CONTINUOUS
10
193.947
20
-114.869
11
193.943
21
-114.879
0
LINE
8
BLACK
6
CONTINUOUS
10
193.943
20
-114.879
11
193.886
21
-115.09
0
LINE
8
BLACK
6
CONTINUOUS
10
193.886
20
-115.09
11
193.884
21
-115.101
0
LINE
8
BLACK
6
CONTINUOUS
10
193.884
20
-115.101
11
193.865
21
-115.318
0
LINE
8
BLACK
6
CONTINUOUS
10
193.865
20
-115.318
11
193.865
21
-115.329
0
LINE
8
BLACK
6
CONTINUOUS
10
193.865
20
-115.329
11
193.884
21
-115.546
0
LINE
8
BLACK
6
CONTINUOUS
10
193.884
20
-115.546
11
193.886
21
-115.556
0
LINE
8
BLACK
6
CONTINUOUS
10
170.041
20
-110.75
11
170.059
21
-110.748
0
LINE
8
BLACK
6
CONTINUOUS
10
170.059
20
-110.748
11
170.069
21
-110.745
0
LINE
8
BLACK
6
CONTINUOUS
10
170.069
20
-110.745
11
170.281
21
-110.682
0
LINE
8
BLACK
6
CONTINUOUS
10
170.281
20
-110.682
11
170.29
21
-110.678
0
LINE
8
BLACK
6
CONTINUOUS
10
170.29
20
-110.678
11
170.489
21
-110.581
0
LINE
8
BLACK
6
CONTINUOUS
10
170.489
20
-110.581
11
170.498
21
-110.576
0
LINE
8
BLACK
6
CONTINUOUS
10
170.498
20
-110.576
11
170.678
21
-110.447
0
LINE
8
BLACK
6
CONTINUOUS
10
170.678
20
-110.447
11
170.686
21
-110.44
0
LINE
8
BLACK
6
CONTINUOUS
10
170.686
20
-110.44
11
170.842
21
-110.284
0
LINE
8
BLACK
6
CONTINUOUS
10
170.842
20
-110.284
11
170.849
21
-110.276
0
LINE
8
BLACK
6
CONTINUOUS
10
170.849
20
-110.276
11
170.978
21
-110.097
0
LINE
8
BLACK
6
CONTINUOUS
10
170.978
20
-110.097
11
170.983
21
-110.088
0
LINE
8
BLACK
6
CONTINUOUS
10
170.983
20
-110.088
11
171.081
21
-109.89
0
LINE
8
BLACK
6
CONTINUOUS
10
171.081
20
-109.89
11
171.085
21
-109.88
0
LINE
8
BLACK
6
CONTINUOUS
10
171.085
20
-109.88
11
171.149
21
-109.669
0
LINE
8
BLACK
6
CONTINUOUS
10
171.149
20
-109.669
11
171.152
21
-109.658
0
LINE
8
BLACK
6
CONTINUOUS
10
171.152
20
-109.658
11
171.154
21
-109.637
0
LINE
8
BLACK
6
CONTINUOUS
10
171.154
20
-109.637
11
171.152
21
-109.623
0
LINE
8
BLACK
6
CONTINUOUS
10
171.152
20
-109.623
11
171.139
21
-109.619
0
LINE
8
BLACK
6
CONTINUOUS
10
171.139
20
-109.619
11
170.629
21
-109.619
0
LINE
8
BLACK
6
CONTINUOUS
10
170.629
20
-109.619
11
170.592
21
-109.731
0
LINE
8
BLACK
6
CONTINUOUS
10
170.592
20
-109.731
11
170.498
21
-109.894
0
LINE
8
BLACK
6
CONTINUOUS
10
170.498
20
-109.894
11
170.372
21
-110.034
0
LINE
8
BLACK
6
CONTINUOUS
10
170.372
20
-110.034
11
170.22
21
-110.144
0
LINE
8
BLACK
6
CONTINUOUS
10
170.22
20
-110.144
11
170.048
21
-110.221
0
LINE
8
BLACK
6
CONTINUOUS
10
170.048
20
-110.221
11
170.024
21
-110.226
0
LINE
8
BLACK
6
CONTINUOUS
10
170.024
20
-110.226
11
170.024
21
-110.734
0
LINE
8
BLACK
6
CONTINUOUS
10
170.024
20
-110.734
11
170.028
21
-110.748
0
LINE
8
BLACK
6
CONTINUOUS
10
170.028
20
-110.748
11
170.041
21
-110.75
0
LINE
8
BLACK
6
CONTINUOUS
10
196.491
20
-115.318
11
196.472
21
-115.101
0
LINE
8
BLACK
6
CONTINUOUS
10
196.472
20
-115.101
11
196.47
21
-115.09
0
LINE
8
BLACK
6
CONTINUOUS
10
196.47
20
-115.09
11
196.413
21
-114.879
0
LINE
8
BLACK
6
CONTINUOUS
10
196.413
20
-114.879
11
196.409
21
-114.869
0
LINE
8
BLACK
6
CONTINUOUS
10
196.409
20
-114.869
11
196.317
21
-114.672
0
LINE
8
BLACK
6
CONTINUOUS
10
196.317
20
-114.672
11
196.312
21
-114.662
0
LINE
8
BLACK
6
CONTINUOUS
10
196.312
20
-114.662
11
196.275
21
-114.61
0
LINE
8
BLACK
6
CONTINUOUS
10
196.275
20
-114.61
11
196.265
21
-114.602
0
LINE
8
BLACK
6
CONTINUOUS
10
196.265
20
-114.602
11
196.252
21
-114.609
0
LINE
8
BLACK
6
CONTINUOUS
10
196.252
20
-114.609
11
195.893
21
-114.967
0
LINE
8
BLACK
6
CONTINUOUS
10
195.893
20
-114.967
11
195.899
21
-114.977
0
LINE
8
BLACK
6
CONTINUOUS
10
195.899
20
-114.977
11
195.958
21
-115.146
0
LINE
8
BLACK
6
CONTINUOUS
10
195.958
20
-115.146
11
195.978
21
-115.323
0
LINE
8
BLACK
6
CONTINUOUS
10
195.978
20
-115.323
11
195.978
21
-115.345
0
LINE
8
BLACK
6
CONTINUOUS
10
195.978
20
-115.345
11
195.953
21
-115.522
0
LINE
8
BLACK
6
CONTINUOUS
10
195.953
20
-115.522
11
195.893
21
-115.679
0
LINE
8
BLACK
6
CONTINUOUS
10
195.893
20
-115.679
11
196.252
21
-116.038
0
LINE
8
BLACK
6
CONTINUOUS
10
196.252
20
-116.038
11
196.264
21
-116.045
0
LINE
8
BLACK
6
CONTINUOUS
10
196.264
20
-116.045
11
196.276
21
-116.035
0
LINE
8
BLACK
6
CONTINUOUS
10
196.276
20
-116.035
11
196.312
21
-115.984
0
LINE
8
BLACK
6
CONTINUOUS
10
196.312
20
-115.984
11
196.317
21
-115.975
0
LINE
8
BLACK
6
CONTINUOUS
10
196.317
20
-115.975
11
196.409
21
-115.777
0
LINE
8
BLACK
6
CONTINUOUS
10
196.409
20
-115.777
11
196.413
21
-115.767
0
LINE
8
BLACK
6
CONTINUOUS
10
196.413
20
-115.767
11
196.47
21
-115.556
0
LINE
8
BLACK
6
CONTINUOUS
10
196.47
20
-115.556
11
196.472
21
-115.546
0
LINE
8
BLACK
6
CONTINUOUS
10
196.472
20
-115.546
11
196.474
21
-115.522
0
LINE
8
BLACK
6
CONTINUOUS
10
196.474
20
-115.522
11
196.491
21
-115.329
0
LINE
8
BLACK
6
CONTINUOUS
10
196.491
20
-115.329
11
196.491
21
-115.318
0
LINE
8
BLACK
6
CONTINUOUS
10
201.541
20
-114.487
11
201.61
21
-114.439
0
LINE
8
BLACK
6
CONTINUOUS
10
201.61
20
-114.439
11
201.815
21
-114.343
0
LINE
8
BLACK
6
CONTINUOUS
10
201.815
20
-114.343
11
202.034
21
-114.285
0
LINE
8
BLACK
6
CONTINUOUS
10
202.034
20
-114.285
11
202.26
21
-114.265
0
LINE
8
BLACK
6
CONTINUOUS
10
202.26
20
-114.265
11
202.486
21
-114.285
0
LINE
8
BLACK
6
CONTINUOUS
10
202.486
20
-114.285
11
202.705
21
-114.343
0
LINE
8
BLACK
6
CONTINUOUS
10
202.705
20
-114.343
11
202.91
21
-114.439
0
LINE
8
BLACK
6
CONTINUOUS
10
202.91
20
-114.439
11
202.979
21
-114.487
0
LINE
8
BLACK
6
CONTINUOUS
10
202.979
20
-114.487
11
203.334
21
-114.131
0
LINE
8
BLACK
6
CONTINUOUS
10
203.334
20
-114.131
11
203.341
21
-114.12
0
LINE
8
BLACK
6
CONTINUOUS
10
203.341
20
-114.12
11
203.331
21
-114.108
0
LINE
8
BLACK
6
CONTINUOUS
10
203.331
20
-114.108
11
203.184
21
-114.005
0
LINE
8
BLACK
6
CONTINUOUS
10
203.184
20
-114.005
11
203.176
21
-114.001
0
LINE
8
BLACK
6
CONTINUOUS
10
203.176
20
-114.001
11
202.943
21
-113.886
0
LINE
8
BLACK
6
CONTINUOUS
10
202.943
20
-113.886
11
202.935
21
-113.883
0
LINE
8
BLACK
6
CONTINUOUS
10
202.935
20
-113.883
11
202.688
21
-113.803
0
LINE
8
BLACK
6
CONTINUOUS
10
202.688
20
-113.803
11
202.679
21
-113.801
0
LINE
8
BLACK
6
CONTINUOUS
10
202.679
20
-113.801
11
202.423
21
-113.76
0
LINE
8
BLACK
6
CONTINUOUS
10
202.423
20
-113.76
11
202.413
21
-113.759
0
LINE
8
BLACK
6
CONTINUOUS
10
202.413
20
-113.759
11
202.154
21
-113.755
0
LINE
8
BLACK
6
CONTINUOUS
10
202.154
20
-113.755
11
202.145
21
-113.756
0
LINE
8
BLACK
6
CONTINUOUS
10
202.145
20
-113.756
11
201.888
21
-113.791
0
LINE
8
BLACK
6
CONTINUOUS
10
201.888
20
-113.791
11
201.879
21
-113.793
0
LINE
8
BLACK
6
CONTINUOUS
10
201.879
20
-113.793
11
201.63
21
-113.865
0
LINE
8
BLACK
6
CONTINUOUS
10
201.63
20
-113.865
11
201.621
21
-113.869
0
LINE
8
BLACK
6
CONTINUOUS
10
201.621
20
-113.869
11
201.385
21
-113.977
0
LINE
8
BLACK
6
CONTINUOUS
10
201.385
20
-113.977
11
201.377
21
-113.982
0
LINE
8
BLACK
6
CONTINUOUS
10
201.377
20
-113.982
11
201.186
21
-114.107
0
LINE
8
BLACK
6
CONTINUOUS
10
201.186
20
-114.107
11
201.177
21
-114.118
0
LINE
8
BLACK
6
CONTINUOUS
10
201.177
20
-114.118
11
201.182
21
-114.127
0
LINE
8
BLACK
6
CONTINUOUS
10
201.182
20
-114.127
11
201.541
21
-114.487
0
LINE
8
BLACK
6
CONTINUOUS
10
204.537
20
-100.51
11
204.545
21
-100.515
0
LINE
8
BLACK
6
CONTINUOUS
10
204.545
20
-100.515
11
204.761
21
-100.629
0
LINE
8
BLACK
6
CONTINUOUS
10
204.761
20
-100.629
11
204.77
21
-100.632
0
LINE
8
BLACK
6
CONTINUOUS
10
204.77
20
-100.632
11
205.001
21
-100.713
0
LINE
8
BLACK
6
CONTINUOUS
10
205.001
20
-100.713
11
205.01
21
-100.715
0
LINE
8
BLACK
6
CONTINUOUS
10
205.01
20
-100.715
11
205.25
21
-100.761
0
LINE
8
BLACK
6
CONTINUOUS
10
205.25
20
-100.761
11
205.259
21
-100.762
0
LINE
8
BLACK
6
CONTINUOUS
10
205.259
20
-100.762
11
205.504
21
-100.772
0
LINE
8
BLACK
6
CONTINUOUS
10
205.504
20
-100.772
11
205.513
21
-100.771
0
LINE
8
BLACK
6
CONTINUOUS
10
205.513
20
-100.771
11
205.756
21
-100.745
0
LINE
8
BLACK
6
CONTINUOUS
10
205.756
20
-100.745
11
205.765
21
-100.743
0
LINE
8
BLACK
6
CONTINUOUS
10
205.765
20
-100.743
11
206.002
21
-100.681
0
LINE
8
BLACK
6
CONTINUOUS
10
206.002
20
-100.681
11
206.01
21
-100.678
0
LINE
8
BLACK
6
CONTINUOUS
10
206.01
20
-100.678
11
206.235
21
-100.581
0
LINE
8
BLACK
6
CONTINUOUS
10
206.235
20
-100.581
11
206.243
21
-100.577
0
LINE
8
BLACK
6
CONTINUOUS
10
206.243
20
-100.577
11
206.451
21
-100.448
0
LINE
8
BLACK
6
CONTINUOUS
10
206.451
20
-100.448
11
206.453
21
-100.447
0
LINE
8
BLACK
6
CONTINUOUS
10
206.453
20
-100.447
11
206.461
21
-100.436
0
LINE
8
BLACK
6
CONTINUOUS
10
206.461
20
-100.436
11
206.455
21
-100.425
0
LINE
8
BLACK
6
CONTINUOUS
10
206.455
20
-100.425
11
206.096
21
-100.067
0
LINE
8
BLACK
6
CONTINUOUS
10
206.096
20
-100.067
11
205.937
21
-100.156
0
LINE
8
BLACK
6
CONTINUOUS
10
205.937
20
-100.156
11
205.729
21
-100.227
0
LINE
8
BLACK
6
CONTINUOUS
10
205.729
20
-100.227
11
205.511
21
-100.258
0
LINE
8
BLACK
6
CONTINUOUS
10
205.511
20
-100.258
11
205.292
21
-100.25
0
LINE
8
BLACK
6
CONTINUOUS
10
205.292
20
-100.25
11
205.078
21
-100.201
0
LINE
8
BLACK
6
CONTINUOUS
10
205.078
20
-100.201
11
204.876
21
-100.115
0
LINE
8
BLACK
6
CONTINUOUS
10
204.876
20
-100.115
11
204.802
21
-100.065
0
LINE
8
BLACK
6
CONTINUOUS
10
204.802
20
-100.065
11
204.447
21
-100.421
0
LINE
8
BLACK
6
CONTINUOUS
10
204.447
20
-100.421
11
204.44
21
-100.433
0
LINE
8
BLACK
6
CONTINUOUS
10
204.44
20
-100.433
11
204.449
21
-100.445
0
LINE
8
BLACK
6
CONTINUOUS
10
204.449
20
-100.445
11
204.537
21
-100.51
0
LINE
8
BLACK
6
CONTINUOUS
10
194.823
20
-114.608
11
194.837
21
-114.599
0
LINE
8
BLACK
6
CONTINUOUS
10
194.837
20
-114.599
11
195.006
21
-114.542
0
LINE
8
BLACK
6
CONTINUOUS
10
195.006
20
-114.542
11
195.184
21
-114.523
0
LINE
8
BLACK
6
CONTINUOUS
10
195.184
20
-114.523
11
195.361
21
-114.544
0
LINE
8
BLACK
6
CONTINUOUS
10
195.361
20
-114.544
11
195.529
21
-114.604
0
LINE
8
BLACK
6
CONTINUOUS
10
195.529
20
-114.604
11
195.534
21
-114.608
0
LINE
8
BLACK
6
CONTINUOUS
10
195.534
20
-114.608
11
195.893
21
-114.249
0
LINE
8
BLACK
6
CONTINUOUS
10
195.893
20
-114.249
11
195.9
21
-114.237
0
LINE
8
BLACK
6
CONTINUOUS
10
195.9
20
-114.237
11
195.89
21
-114.225
0
LINE
8
BLACK
6
CONTINUOUS
10
195.89
20
-114.225
11
195.839
21
-114.189
0
LINE
8
BLACK
6
CONTINUOUS
10
195.839
20
-114.189
11
195.83
21
-114.184
0
LINE
8
BLACK
6
CONTINUOUS
10
195.83
20
-114.184
11
195.688
21
-114.118
0
LINE
8
BLACK
6
CONTINUOUS
10
195.688
20
-114.118
11
195.632
21
-114.092
0
LINE
8
BLACK
6
CONTINUOUS
10
195.632
20
-114.092
11
195.622
21
-114.088
0
LINE
8
BLACK
6
CONTINUOUS
10
195.622
20
-114.088
11
195.411
21
-114.031
0
LINE
8
BLACK
6
CONTINUOUS
10
195.411
20
-114.031
11
195.401
21
-114.03
0
LINE
8
BLACK
6
CONTINUOUS
10
195.401
20
-114.03
11
195.183
21
-114.011
0
LINE
8
BLACK
6
CONTINUOUS
10
195.183
20
-114.011
11
195.173
21
-114.011
0
LINE
8
BLACK
6
CONTINUOUS
10
195.173
20
-114.011
11
194.955
21
-114.03
0
LINE
8
BLACK
6
CONTINUOUS
10
194.955
20
-114.03
11
194.945
21
-114.031
0
LINE
8
BLACK
6
CONTINUOUS
10
194.945
20
-114.031
11
194.734
21
-114.088
0
LINE
8
BLACK
6
CONTINUOUS
10
194.734
20
-114.088
11
194.724
21
-114.092
0
LINE
8
BLACK
6
CONTINUOUS
10
194.724
20
-114.092
11
194.526
21
-114.184
0
LINE
8
BLACK
6
CONTINUOUS
10
194.526
20
-114.184
11
194.517
21
-114.189
0
LINE
8
BLACK
6
CONTINUOUS
10
194.517
20
-114.189
11
194.465
21
-114.226
0
LINE
8
BLACK
6
CONTINUOUS
10
194.465
20
-114.226
11
194.457
21
-114.236
0
LINE
8
BLACK
6
CONTINUOUS
10
194.457
20
-114.236
11
194.464
21
-114.25
0
LINE
8
BLACK
6
CONTINUOUS
10
194.464
20
-114.25
11
194.823
21
-114.608
0
LINE
8
BLACK
6
CONTINUOUS
10
128.577
20
-112.267
11
128.428
21
-112.169
0
LINE
8
BLACK
6
CONTINUOUS
10
128.428
20
-112.169
11
128.304
21
-112.041
0
LINE
8
BLACK
6
CONTINUOUS
10
128.304
20
-112.041
11
128.212
21
-111.889
0
LINE
8
BLACK
6
CONTINUOUS
10
128.212
20
-111.889
11
128.185
21
-111.807
0
LINE
8
BLACK
6
CONTINUOUS
10
128.185
20
-111.807
11
127.67
21
-111.807
0
LINE
8
BLACK
6
CONTINUOUS
10
127.67
20
-111.807
11
127.657
21
-111.811
0
LINE
8
BLACK
6
CONTINUOUS
10
127.657
20
-111.811
11
127.655
21
-111.82
0
LINE
8
BLACK
6
CONTINUOUS
10
127.655
20
-111.82
11
127.703
21
-111.997
0
LINE
8
BLACK
6
CONTINUOUS
10
127.703
20
-111.997
11
127.707
21
-112.007
0
LINE
8
BLACK
6
CONTINUOUS
10
127.707
20
-112.007
11
127.799
21
-112.205
0
LINE
8
BLACK
6
CONTINUOUS
10
127.799
20
-112.205
11
127.804
21
-112.214
0
LINE
8
BLACK
6
CONTINUOUS
10
127.804
20
-112.214
11
127.929
21
-112.393
0
LINE
8
BLACK
6
CONTINUOUS
10
127.929
20
-112.393
11
127.936
21
-112.401
0
LINE
8
BLACK
6
CONTINUOUS
10
127.936
20
-112.401
11
128.09
21
-112.555
0
LINE
8
BLACK
6
CONTINUOUS
10
128.09
20
-112.555
11
128.099
21
-112.562
0
LINE
8
BLACK
6
CONTINUOUS
10
128.099
20
-112.562
11
128.277
21
-112.687
0
LINE
8
BLACK
6
CONTINUOUS
10
128.277
20
-112.687
11
128.286
21
-112.692
0
LINE
8
BLACK
6
CONTINUOUS
10
128.286
20
-112.692
11
128.484
21
-112.785
0
LINE
8
BLACK
6
CONTINUOUS
10
128.484
20
-112.785
11
128.494
21
-112.788
0
LINE
8
BLACK
6
CONTINUOUS
10
128.494
20
-112.788
11
128.667
21
-112.834
0
LINE
8
BLACK
6
CONTINUOUS
10
128.667
20
-112.834
11
128.681
21
-112.834
0
LINE
8
BLACK
6
CONTINUOUS
10
128.681
20
-112.834
11
128.684
21
-112.826
0
LINE
8
BLACK
6
CONTINUOUS
10
128.684
20
-112.826
11
128.684
21
-112.307
0
LINE
8
BLACK
6
CONTINUOUS
10
128.684
20
-112.307
11
128.577
21
-112.267
0
LINE
8
BLACK
6
CONTINUOUS
10
129.205
20
-112.836
11
129.382
21
-112.788
0
LINE
8
BLACK
6
CONTINUOUS
10
129.382
20
-112.788
11
129.392
21
-112.785
0
LINE
8
BLACK
6
CONTINUOUS
10
129.392
20
-112.785
11
129.571
21
-112.701
0
LINE
8
BLACK
6
CONTINUOUS
10
129.571
20
-112.701
11
129.59
21
-112.692
0
LINE
8
BLACK
6
CONTINUOUS
10
129.59
20
-112.692
11
129.599
21
-112.687
0
LINE
8
BLACK
6
CONTINUOUS
10
129.599
20
-112.687
11
129.777
21
-112.562
0
LINE
8
BLACK
6
CONTINUOUS
10
129.777
20
-112.562
11
129.786
21
-112.555
0
LINE
8
BLACK
6
CONTINUOUS
10
129.786
20
-112.555
11
129.94
21
-112.401
0
LINE
8
BLACK
6
CONTINUOUS
10
129.94
20
-112.401
11
129.947
21
-112.393
0
LINE
8
BLACK
6
CONTINUOUS
10
129.947
20
-112.393
11
130.072
21
-112.214
0
LINE
8
BLACK
6
CONTINUOUS
10
130.072
20
-112.214
11
130.077
21
-112.205
0
LINE
8
BLACK
6
CONTINUOUS
10
130.077
20
-112.205
11
130.169
21
-112.007
0
LINE
8
BLACK
6
CONTINUOUS
10
130.169
20
-112.007
11
130.173
21
-111.997
0
LINE
8
BLACK
6
CONTINUOUS
10
130.173
20
-111.997
11
130.219
21
-111.825
0
LINE
8
BLACK
6
CONTINUOUS
10
130.219
20
-111.825
11
130.219
21
-111.81
0
LINE
8
BLACK
6
CONTINUOUS
10
130.219
20
-111.81
11
130.211
21
-111.807
0
LINE
8
BLACK
6
CONTINUOUS
10
130.211
20
-111.807
11
129.692
21
-111.807
0
LINE
8
BLACK
6
CONTINUOUS
10
129.692
20
-111.807
11
129.65
21
-111.919
0
LINE
8
BLACK
6
CONTINUOUS
10
129.65
20
-111.919
11
129.551
21
-112.067
0
LINE
8
BLACK
6
CONTINUOUS
10
129.551
20
-112.067
11
129.422
21
-112.19
0
LINE
8
BLACK
6
CONTINUOUS
10
129.422
20
-112.19
11
129.268
21
-112.282
0
LINE
8
BLACK
6
CONTINUOUS
10
129.268
20
-112.282
11
129.192
21
-112.306
0
LINE
8
BLACK
6
CONTINUOUS
10
129.192
20
-112.306
11
129.192
21
-112.821
0
LINE
8
BLACK
6
CONTINUOUS
10
129.192
20
-112.821
11
129.196
21
-112.835
0
LINE
8
BLACK
6
CONTINUOUS
10
129.196
20
-112.835
11
129.205
21
-112.836
0
LINE
8
BLACK
6
CONTINUOUS
10
127.665
20
-111.299
11
128.184
21
-111.299
0
LINE
8
BLACK
6
CONTINUOUS
10
128.184
20
-111.299
11
128.221
21
-111.197
0
LINE
8
BLACK
6
CONTINUOUS
10
128.221
20
-111.197
11
128.318
21
-111.047
0
LINE
8
BLACK
6
CONTINUOUS
10
128.318
20
-111.047
11
128.445
21
-110.923
0
LINE
8
BLACK
6
CONTINUOUS
10
128.445
20
-110.923
11
128.597
21
-110.829
0
LINE
8
BLACK
6
CONTINUOUS
10
128.597
20
-110.829
11
128.684
21
-110.8
0
LINE
8
BLACK
6
CONTINUOUS
10
128.684
20
-110.8
11
128.684
21
-110.285
0
LINE
8
BLACK
6
CONTINUOUS
10
128.684
20
-110.285
11
128.68
21
-110.272
0
LINE
8
BLACK
6
CONTINUOUS
10
128.68
20
-110.272
11
128.671
21
-110.27
0
LINE
8
BLACK
6
CONTINUOUS
10
128.671
20
-110.27
11
128.494
21
-110.318
0
LINE
8
BLACK
6
CONTINUOUS
10
128.494
20
-110.318
11
128.484
21
-110.322
0
LINE
8
BLACK
6
CONTINUOUS
10
128.484
20
-110.322
11
128.286
21
-110.414
0
LINE
8
BLACK
6
CONTINUOUS
10
128.286
20
-110.414
11
128.277
21
-110.419
0
LINE
8
BLACK
6
CONTINUOUS
10
128.277
20
-110.419
11
128.099
21
-110.544
0
LINE
8
BLACK
6
CONTINUOUS
10
128.099
20
-110.544
11
128.09
21
-110.551
0
LINE
8
BLACK
6
CONTINUOUS
10
128.09
20
-110.551
11
127.936
21
-110.705
0
LINE
8
BLACK
6
CONTINUOUS
10
127.936
20
-110.705
11
127.929
21
-110.714
0
LINE
8
BLACK
6
CONTINUOUS
10
127.929
20
-110.714
11
127.804
21
-110.892
0
LINE
8
BLACK
6
CONTINUOUS
10
127.804
20
-110.892
11
127.799
21
-110.902
0
LINE
8
BLACK
6
CONTINUOUS
10
127.799
20
-110.902
11
127.707
21
-111.099
0
LINE
8
BLACK
6
CONTINUOUS
10
127.707
20
-111.099
11
127.703
21
-111.109
0
LINE
8
BLACK
6
CONTINUOUS
10
127.703
20
-111.109
11
127.657
21
-111.282
0
LINE
8
BLACK
6
CONTINUOUS
10
127.657
20
-111.282
11
127.657
21
-111.296
0
LINE
8
BLACK
6
CONTINUOUS
10
127.657
20
-111.296
11
127.665
21
-111.299
0
LINE
8
BLACK
6
CONTINUOUS
10
122.083
20
-109.939
11
122.091
21
-109.941
0
LINE
8
BLACK
6
CONTINUOUS
10
122.091
20
-109.941
11
123.168
21
-109.941
0
LINE
8
BLACK
6
CONTINUOUS
10
123.168
20
-109.941
11
123.174
21
-109.941
0
LINE
8
BLACK
6
CONTINUOUS
10
123.174
20
-109.941
11
123.225
21
-109.935
0
LINE
8
BLACK
6
CONTINUOUS
10
123.225
20
-109.935
11
123.241
21
-109.932
0
LINE
8
BLACK
6
CONTINUOUS
10
123.241
20
-109.932
11
123.361
21
-109.886
0
LINE
8
BLACK
6
CONTINUOUS
10
123.361
20
-109.886
11
123.377
21
-109.878
0
LINE
8
BLACK
6
CONTINUOUS
10
123.377
20
-109.878
11
123.479
21
-109.801
0
LINE
8
BLACK
6
CONTINUOUS
10
123.479
20
-109.801
11
123.491
21
-109.789
0
LINE
8
BLACK
6
CONTINUOUS
10
123.491
20
-109.789
11
123.568
21
-109.687
0
LINE
8
BLACK
6
CONTINUOUS
10
123.568
20
-109.687
11
123.576
21
-109.671
0
LINE
8
BLACK
6
CONTINUOUS
10
123.576
20
-109.671
11
123.621
21
-109.551
0
LINE
8
BLACK
6
CONTINUOUS
10
123.621
20
-109.551
11
123.625
21
-109.535
0
LINE
8
BLACK
6
CONTINUOUS
10
123.625
20
-109.535
11
123.631
21
-109.485
0
LINE
8
BLACK
6
CONTINUOUS
10
123.631
20
-109.485
11
123.631
21
-109.478
0
LINE
8
BLACK
6
CONTINUOUS
10
123.631
20
-109.478
11
123.631
21
-108.405
0
LINE
8
BLACK
6
CONTINUOUS
10
123.631
20
-108.405
11
123.627
21
-108.39
0
LINE
8
BLACK
6
CONTINUOUS
10
123.627
20
-108.39
11
123.625
21
-108.389
0
LINE
8
BLACK
6
CONTINUOUS
10
123.625
20
-108.389
11
123.617
21
-108.387
0
LINE
8
BLACK
6
CONTINUOUS
10
123.617
20
-108.387
11
123.123
21
-108.387
0
LINE
8
BLACK
6
CONTINUOUS
10
123.123
20
-108.387
11
123.123
21
-109.433
0
LINE
8
BLACK
6
CONTINUOUS
10
123.123
20
-109.433
11
122.077
21
-109.433
0
LINE
8
BLACK
6
CONTINUOUS
10
122.077
20
-109.433
11
122.077
21
-109.923
0
LINE
8
BLACK
6
CONTINUOUS
10
122.077
20
-109.923
11
122.081
21
-109.938
0
LINE
8
BLACK
6
CONTINUOUS
10
122.081
20
-109.938
11
122.083
21
-109.939
0
LINE
8
BLACK
6
CONTINUOUS
10
169.492
20
-110.221
11
169.32
21
-110.144
0
LINE
8
BLACK
6
CONTINUOUS
10
169.32
20
-110.144
11
169.168
21
-110.034
0
LINE
8
BLACK
6
CONTINUOUS
10
169.168
20
-110.034
11
169.042
21
-109.894
0
LINE
8
BLACK
6
CONTINUOUS
10
169.042
20
-109.894
11
168.948
21
-109.731
0
LINE
8
BLACK
6
CONTINUOUS
10
168.948
20
-109.731
11
168.911
21
-109.619
0
LINE
8
BLACK
6
CONTINUOUS
10
168.911
20
-109.619
11
168.402
21
-109.619
0
LINE
8
BLACK
6
CONTINUOUS
10
168.402
20
-109.619
11
168.388
21
-109.623
0
LINE
8
BLACK
6
CONTINUOUS
10
168.388
20
-109.623
11
168.387
21
-109.633
0
LINE
8
BLACK
6
CONTINUOUS
10
168.387
20
-109.633
11
168.421
21
-109.782
0
LINE
8
BLACK
6
CONTINUOUS
10
168.421
20
-109.782
11
168.424
21
-109.792
0
LINE
8
BLACK
6
CONTINUOUS
10
168.424
20
-109.792
11
168.507
21
-109.997
0
LINE
8
BLACK
6
CONTINUOUS
10
168.507
20
-109.997
11
168.512
21
-110.006
0
LINE
8
BLACK
6
CONTINUOUS
10
168.512
20
-110.006
11
168.627
21
-110.195
0
LINE
8
BLACK
6
CONTINUOUS
10
168.627
20
-110.195
11
168.633
21
-110.203
0
LINE
8
BLACK
6
CONTINUOUS
10
168.633
20
-110.203
11
168.778
21
-110.371
0
LINE
8
BLACK
6
CONTINUOUS
10
168.778
20
-110.371
11
168.785
21
-110.378
0
LINE
8
BLACK
6
CONTINUOUS
10
168.785
20
-110.378
11
168.956
21
-110.519
0
LINE
8
BLACK
6
CONTINUOUS
10
168.956
20
-110.519
11
168.964
21
-110.525
0
LINE
8
BLACK
6
CONTINUOUS
10
168.964
20
-110.525
11
169.155
21
-110.637
0
LINE
8
BLACK
6
CONTINUOUS
10
169.155
20
-110.637
11
169.164
21
-110.641
0
LINE
8
BLACK
6
CONTINUOUS
10
169.164
20
-110.641
11
169.371
21
-110.72
0
LINE
8
BLACK
6
CONTINUOUS
10
169.371
20
-110.72
11
169.381
21
-110.723
0
LINE
8
BLACK
6
CONTINUOUS
10
169.381
20
-110.723
11
169.498
21
-110.747
0
LINE
8
BLACK
6
CONTINUOUS
10
169.498
20
-110.747
11
169.512
21
-110.745
0
LINE
8
BLACK
6
CONTINUOUS
10
169.512
20
-110.745
11
169.516
21
-110.735
0
LINE
8
BLACK
6
CONTINUOUS
10
169.516
20
-110.735
11
169.516
21
-110.226
0
LINE
8
BLACK
6
CONTINUOUS
10
169.516
20
-110.226
11
169.492
21
-110.221
0
LINE
8
BLACK
6
CONTINUOUS
10
166.092
20
-110.221
11
165.92
21
-110.144
0
LINE
8
BLACK
6
CONTINUOUS
10
165.92
20
-110.144
11
165.768
21
-110.034
0
LINE
8
BLACK
6
CONTINUOUS
10
165.768
20
-110.034
11
165.642
21
-109.894
0
LINE
8
BLACK
6
CONTINUOUS
10
165.642
20
-109.894
11
165.548
21
-109.731
0
LINE
8
BLACK
6
CONTINUOUS
10
165.548
20
-109.731
11
165.511
21
-109.619
0
LINE
8
BLACK
6
CONTINUOUS
10
165.511
20
-109.619
11
165.002
21
-109.619
0
LINE
8
BLACK
6
CONTINUOUS
10
165.002
20
-109.619
11
164.988
21
-109.623
0
LINE
8
BLACK
6
CONTINUOUS
10
164.988
20
-109.623
11
164.987
21
-109.633
0
LINE
8
BLACK
6
CONTINUOUS
10
164.987
20
-109.633
11
165.021
21
-109.782
0
LINE
8
BLACK
6
CONTINUOUS
10
165.021
20
-109.782
11
165.024
21
-109.792
0
LINE
8
BLACK
6
CONTINUOUS
10
165.024
20
-109.792
11
165.107
21
-109.997
0
LINE
8
BLACK
6
CONTINUOUS
10
165.107
20
-109.997
11
165.112
21
-110.006
0
LINE
8
BLACK
6
CONTINUOUS
10
165.112
20
-110.006
11
165.227
21
-110.195
0
LINE
8
BLACK
6
CONTINUOUS
10
165.227
20
-110.195
11
165.233
21
-110.203
0
LINE
8
BLACK
6
CONTINUOUS
10
165.233
20
-110.203
11
165.378
21
-110.371
0
LINE
8
BLACK
6
CONTINUOUS
10
165.378
20
-110.371
11
165.385
21
-110.378
0
LINE
8
BLACK
6
CONTINUOUS
10
165.385
20
-110.378
11
165.556
21
-110.519
0
LINE
8
BLACK
6
CONTINUOUS
10
165.556
20
-110.519
11
165.564
21
-110.525
0
LINE
8
BLACK
6
CONTINUOUS
10
165.564
20
-110.525
11
165.755
21
-110.637
0
LINE
8
BLACK
6
CONTINUOUS
10
165.755
20
-110.637
11
165.764
21
-110.641
0
LINE
8
BLACK
6
CONTINUOUS
10
165.764
20
-110.641
11
165.971
21
-110.72
0
LINE
8
BLACK
6
CONTINUOUS
10
165.971
20
-110.72
11
165.981
21
-110.723
0
LINE
8
BLACK
6
CONTINUOUS
10
165.981
20
-110.723
11
166.098
21
-110.747
0
LINE
8
BLACK
6
CONTINUOUS
10
166.098
20
-110.747
11
166.112
21
-110.745
0
LINE
8
BLACK
6
CONTINUOUS
10
166.112
20
-110.745
11
166.116
21
-110.735
0
LINE
8
BLACK
6
CONTINUOUS
10
166.116
20
-110.735
11
166.116
21
-110.226
0
LINE
8
BLACK
6
CONTINUOUS
10
166.116
20
-110.226
11
166.092
21
-110.221
0
LINE
8
BLACK
6
CONTINUOUS
10
163.17
20
-126.581
11
163.171
21
-126.593
0
LINE
8
BLACK
6
CONTINUOUS
10
163.171
20
-126.593
11
163.173
21
-126.598
0
LINE
8
BLACK
6
CONTINUOUS
10
163.173
20
-126.598
11
163.173
21
-126.598
0
LINE
8
BLACK
6
CONTINUOUS
10
163.173
20
-126.598
11
163.215
21
-126.754
0
LINE
8
BLACK
6
CONTINUOUS
10
163.215
20
-126.754
11
163.231
21
-126.814
0
LINE
8
BLACK
6
CONTINUOUS
10
163.231
20
-126.814
11
163.233
21
-126.819
0
LINE
8
BLACK
6
CONTINUOUS
10
163.233
20
-126.819
11
163.233
21
-126.819
0
LINE
8
BLACK
6
CONTINUOUS
10
163.233
20
-126.819
11
163.325
21
-127.017
0
LINE
8
BLACK
6
CONTINUOUS
10
163.325
20
-127.017
11
163.325
21
-127.017
0
LINE
8
BLACK
6
CONTINUOUS
10
163.325
20
-127.017
11
163.327
21
-127.022
0
LINE
8
BLACK
6
CONTINUOUS
10
163.327
20
-127.022
11
163.395
21
-127.118
0
LINE
8
BLACK
6
CONTINUOUS
10
163.395
20
-127.118
11
163.445
21
-127.189
0
LINE
8
BLACK
6
CONTINUOUS
10
163.445
20
-127.189
11
163.459
21
-127.209
0
LINE
8
BLACK
6
CONTINUOUS
10
163.459
20
-127.209
11
163.621
21
-127.371
0
LINE
8
BLACK
6
CONTINUOUS
10
163.621
20
-127.371
11
163.625
21
-127.374
0
LINE
8
BLACK
6
CONTINUOUS
10
163.625
20
-127.374
11
163.625
21
-127.374
0
LINE
8
BLACK
6
CONTINUOUS
10
163.625
20
-127.374
11
163.657
21
-127.396
0
LINE
8
BLACK
6
CONTINUOUS
10
163.657
20
-127.396
11
163.808
21
-127.503
0
LINE
8
BLACK
6
CONTINUOUS
10
163.808
20
-127.503
11
163.813
21
-127.505
0
LINE
8
BLACK
6
CONTINUOUS
10
163.813
20
-127.505
11
163.813
21
-127.505
0
LINE
8
BLACK
6
CONTINUOUS
10
163.813
20
-127.505
11
164.01
21
-127.596
0
LINE
8
BLACK
6
CONTINUOUS
10
164.01
20
-127.596
11
164.016
21
-127.599
0
LINE
8
BLACK
6
CONTINUOUS
10
164.016
20
-127.599
11
164.021
21
-127.601
0
LINE
8
BLACK
6
CONTINUOUS
10
164.021
20
-127.601
11
164.021
21
-127.601
0
LINE
8
BLACK
6
CONTINUOUS
10
164.021
20
-127.601
11
164.232
21
-127.657
0
LINE
8
BLACK
6
CONTINUOUS
10
164.232
20
-127.657
11
164.232
21
-127.657
0
LINE
8
BLACK
6
CONTINUOUS
10
164.232
20
-127.657
11
164.237
21
-127.659
0
LINE
8
BLACK
6
CONTINUOUS
10
164.237
20
-127.659
11
164.465
21
-127.678
0
LINE
8
BLACK
6
CONTINUOUS
10
164.465
20
-127.678
11
164.693
21
-127.659
0
LINE
8
BLACK
6
CONTINUOUS
10
164.693
20
-127.659
11
164.698
21
-127.657
0
LINE
8
BLACK
6
CONTINUOUS
10
164.698
20
-127.657
11
164.698
21
-127.657
0
LINE
8
BLACK
6
CONTINUOUS
10
164.698
20
-127.657
11
164.909
21
-127.601
0
LINE
8
BLACK
6
CONTINUOUS
10
164.909
20
-127.601
11
164.909
21
-127.601
0
LINE
8
BLACK
6
CONTINUOUS
10
164.909
20
-127.601
11
164.914
21
-127.599
0
LINE
8
BLACK
6
CONTINUOUS
10
164.914
20
-127.599
11
164.92
21
-127.596
0
LINE
8
BLACK
6
CONTINUOUS
10
164.92
20
-127.596
11
165.117
21
-127.505
0
LINE
8
BLACK
6
CONTINUOUS
10
165.117
20
-127.505
11
165.117
21
-127.505
0
LINE
8
BLACK
6
CONTINUOUS
10
165.117
20
-127.505
11
165.122
21
-127.503
0
LINE
8
BLACK
6
CONTINUOUS
10
165.122
20
-127.503
11
165.273
21
-127.396
0
LINE
8
BLACK
6
CONTINUOUS
10
165.273
20
-127.396
11
165.346
21
-127.373
0
LINE
8
BLACK
6
CONTINUOUS
10
165.346
20
-127.373
11
172.023
21
-127.373
0
LINE
8
BLACK
6
CONTINUOUS
10
172.023
20
-127.373
11
172.037
21
-127.374
0
LINE
8
BLACK
6
CONTINUOUS
10
172.037
20
-127.374
11
172.068
21
-127.378
0
LINE
8
BLACK
6
CONTINUOUS
10
172.068
20
-127.378
11
172.068
21
-127.378
0
LINE
8
BLACK
6
CONTINUOUS
10
172.068
20
-127.378
11
172.074
21
-127.378
0
LINE
8
BLACK
6
CONTINUOUS
10
172.074
20
-127.378
11
172.101
21
-127.376
0
LINE
8
BLACK
6
CONTINUOUS
10
172.101
20
-127.376
11
172.124
21
-127.374
0
LINE
8
BLACK
6
CONTINUOUS
10
172.124
20
-127.374
11
172.129
21
-127.374
0
LINE
8
BLACK
6
CONTINUOUS
10
172.129
20
-127.374
11
172.132
21
-127.373
0
LINE
8
BLACK
6
CONTINUOUS
10
172.132
20
-127.373
11
172.135
21
-127.373
0
LINE
8
BLACK
6
CONTINUOUS
10
172.135
20
-127.373
11
172.147
21
-127.372
0
LINE
8
BLACK
6
CONTINUOUS
10
172.147
20
-127.372
11
172.178
21
-127.369
0
LINE
8
BLACK
6
CONTINUOUS
10
172.178
20
-127.369
11
172.179
21
-127.369
0
LINE
8
BLACK
6
CONTINUOUS
10
172.179
20
-127.369
11
172.223
21
-127.365
0
LINE
8
BLACK
6
CONTINUOUS
10
172.223
20
-127.365
11
172.271
21
-127.361
0
LINE
8
BLACK
6
CONTINUOUS
10
172.271
20
-127.361
11
172.277
21
-127.36
0
LINE
8
BLACK
6
CONTINUOUS
10
172.277
20
-127.36
11
172.282
21
-127.359
0
LINE
8
BLACK
6
CONTINUOUS
10
172.282
20
-127.359
11
172.371
21
-127.332
0
LINE
8
BLACK
6
CONTINUOUS
10
172.371
20
-127.332
11
172.372
21
-127.332
0
LINE
8
BLACK
6
CONTINUOUS
10
172.372
20
-127.332
11
172.455
21
-127.308
0
LINE
8
BLACK
6
CONTINUOUS
10
172.455
20
-127.308
11
172.455
21
-127.308
0
LINE
8
BLACK
6
CONTINUOUS
10
172.455
20
-127.308
11
172.461
21
-127.306
0
LINE
8
BLACK
6
CONTINUOUS
10
172.461
20
-127.306
11
172.466
21
-127.303
0
LINE
8
BLACK
6
CONTINUOUS
10
172.466
20
-127.303
11
172.471
21
-127.302
0
LINE
8
BLACK
6
CONTINUOUS
10
172.471
20
-127.302
11
172.477
21
-127.299
0
LINE
8
BLACK
6
CONTINUOUS
10
172.477
20
-127.299
11
172.553
21
-127.258
0
LINE
8
BLACK
6
CONTINUOUS
10
172.553
20
-127.258
11
172.554
21
-127.258
0
LINE
8
BLACK
6
CONTINUOUS
10
172.554
20
-127.258
11
172.631
21
-127.218
0
LINE
8
BLACK
6
CONTINUOUS
10
172.631
20
-127.218
11
172.637
21
-127.215
0
LINE
8
BLACK
6
CONTINUOUS
10
172.637
20
-127.215
11
172.641
21
-127.212
0
LINE
8
BLACK
6
CONTINUOUS
10
172.641
20
-127.212
11
172.646
21
-127.209
0
LINE
8
BLACK
6
CONTINUOUS
10
172.646
20
-127.209
11
172.718
21
-127.15
0
LINE
8
BLACK
6
CONTINUOUS
10
172.718
20
-127.15
11
172.719
21
-127.15
0
LINE
8
BLACK
6
CONTINUOUS
10
172.719
20
-127.15
11
172.758
21
-127.118
0
LINE
8
BLACK
6
CONTINUOUS
10
172.758
20
-127.118
11
172.76
21
-127.116
0
LINE
8
BLACK
6
CONTINUOUS
10
172.76
20
-127.116
11
172.761
21
-127.115
0
LINE
8
BLACK
6
CONTINUOUS
10
172.761
20
-127.115
11
172.766
21
-127.111
0
LINE
8
BLACK
6
CONTINUOUS
10
172.766
20
-127.111
11
172.799
21
-127.084
0
LINE
8
BLACK
6
CONTINUOUS
10
172.799
20
-127.084
11
172.828
21
-127.049
0
LINE
8
BLACK
6
CONTINUOUS
10
172.828
20
-127.049
11
172.836
21
-127.04
0
LINE
8
BLACK
6
CONTINUOUS
10
172.836
20
-127.04
11
172.937
21
-126.939
0
LINE
8
BLACK
6
CONTINUOUS
10
172.937
20
-126.939
11
176.564
21
-123.312
0
LINE
8
BLACK
6
CONTINUOUS
10
176.564
20
-123.312
11
176.575
21
-123.303
0
LINE
8
BLACK
6
CONTINUOUS
10
176.575
20
-123.303
11
176.599
21
-123.283
0
LINE
8
BLACK
6
CONTINUOUS
10
176.599
20
-123.283
11
176.604
21
-123.279
0
LINE
8
BLACK
6
CONTINUOUS
10
176.604
20
-123.279
11
176.636
21
-123.241
0
LINE
8
BLACK
6
CONTINUOUS
10
176.636
20
-123.241
11
176.639
21
-123.237
0
LINE
8
BLACK
6
CONTINUOUS
10
176.639
20
-123.237
11
176.641
21
-123.235
0
LINE
8
BLACK
6
CONTINUOUS
10
176.641
20
-123.235
11
176.643
21
-123.233
0
LINE
8
BLACK
6
CONTINUOUS
10
176.643
20
-123.233
11
176.671
21
-123.2
0
LINE
8
BLACK
6
CONTINUOUS
10
176.671
20
-123.2
11
176.671
21
-123.199
0
LINE
8
BLACK
6
CONTINUOUS
10
176.671
20
-123.199
11
176.68
21
-123.189
0
LINE
8
BLACK
6
CONTINUOUS
10
176.68
20
-123.189
11
176.731
21
-123.128
0
LINE
8
BLACK
6
CONTINUOUS
10
176.731
20
-123.128
11
176.734
21
-123.123
0
LINE
8
BLACK
6
CONTINUOUS
10
176.734
20
-123.123
11
176.737
21
-123.119
0
LINE
8
BLACK
6
CONTINUOUS
10
176.737
20
-123.119
11
176.781
21
-123.037
0
LINE
8
BLACK
6
CONTINUOUS
10
176.781
20
-123.037
11
176.782
21
-123.036
0
LINE
8
BLACK
6
CONTINUOUS
10
176.782
20
-123.036
11
176.823
21
-122.96
0
LINE
8
BLACK
6
CONTINUOUS
10
176.823
20
-122.96
11
176.823
21
-122.96
0
LINE
8
BLACK
6
CONTINUOUS
10
176.823
20
-122.96
11
176.826
21
-122.954
0
LINE
8
BLACK
6
CONTINUOUS
10
176.826
20
-122.954
11
176.828
21
-122.949
0
LINE
8
BLACK
6
CONTINUOUS
10
176.828
20
-122.949
11
176.831
21
-122.944
0
LINE
8
BLACK
6
CONTINUOUS
10
176.831
20
-122.944
11
176.858
21
-122.856
0
LINE
8
BLACK
6
CONTINUOUS
10
176.858
20
-122.856
11
176.858
21
-122.854
0
LINE
8
BLACK
6
CONTINUOUS
10
176.858
20
-122.854
11
176.862
21
-122.842
0
LINE
8
BLACK
6
CONTINUOUS
10
176.862
20
-122.842
11
176.886
21
-122.766
0
LINE
8
BLACK
6
CONTINUOUS
10
176.886
20
-122.766
11
176.887
21
-122.76
0
LINE
8
BLACK
6
CONTINUOUS
10
176.887
20
-122.76
11
176.888
21
-122.755
0
LINE
8
BLACK
6
CONTINUOUS
10
176.888
20
-122.755
11
176.898
21
-122.663
0
LINE
8
BLACK
6
CONTINUOUS
10
176.898
20
-122.663
11
176.898
21
-122.662
0
LINE
8
BLACK
6
CONTINUOUS
10
176.898
20
-122.662
11
176.903
21
-122.612
0
LINE
8
BLACK
6
CONTINUOUS
10
176.903
20
-122.612
11
176.903
21
-122.608
0
LINE
8
BLACK
6
CONTINUOUS
10
176.903
20
-122.608
11
176.904
21
-122.607
0
LINE
8
BLACK
6
CONTINUOUS
10
176.904
20
-122.607
11
176.904
21
-122.602
0
LINE
8
BLACK
6
CONTINUOUS
10
176.904
20
-122.602
11
176.905
21
-122.59
0
LINE
8
BLACK
6
CONTINUOUS
10
176.905
20
-122.59
11
176.908
21
-122.559
0
LINE
8
BLACK
6
CONTINUOUS
10
176.908
20
-122.559
11
176.904
21
-122.513
0
LINE
8
BLACK
6
CONTINUOUS
10
176.904
20
-122.513
11
176.903
21
-122.501
0
LINE
8
BLACK
6
CONTINUOUS
10
176.903
20
-122.501
11
176.903
21
-117.28
0
LINE
8
BLACK
6
CONTINUOUS
10
176.903
20
-117.28
11
176.924
21
-117.212
0
LINE
8
BLACK
6
CONTINUOUS
10
176.924
20
-117.212
11
176.94
21
-117.191
0
LINE
8
BLACK
6
CONTINUOUS
10
176.94
20
-117.191
11
177.722
21
-116.409
0
LINE
8
BLACK
6
CONTINUOUS
10
177.722
20
-116.409
11
178.803
21
-115.329
0
LINE
8
BLACK
6
CONTINUOUS
10
178.803
20
-115.329
11
180.021
21
-114.11
0
LINE
8
BLACK
6
CONTINUOUS
10
180.021
20
-114.11
11
180.083
21
-114.076
0
LINE
8
BLACK
6
CONTINUOUS
10
180.083
20
-114.076
11
180.11
21
-114.073
0
LINE
8
BLACK
6
CONTINUOUS
10
180.11
20
-114.073
11
181.588
21
-114.073
0
LINE
8
BLACK
6
CONTINUOUS
10
181.588
20
-114.073
11
181.65
21
-114.067
0
LINE
8
BLACK
6
CONTINUOUS
10
181.65
20
-114.067
11
181.787
21
-114.016
0
LINE
8
BLACK
6
CONTINUOUS
10
181.787
20
-114.016
11
181.903
21
-113.928
0
LINE
8
BLACK
6
CONTINUOUS
10
181.903
20
-113.928
11
181.991
21
-113.812
0
LINE
8
BLACK
6
CONTINUOUS
10
181.991
20
-113.812
11
182.042
21
-113.675
0
LINE
8
BLACK
6
CONTINUOUS
10
182.042
20
-113.675
11
182.048
21
-113.613
0
LINE
8
BLACK
6
CONTINUOUS
10
182.048
20
-113.613
11
182.048
21
-111.117
0
LINE
8
BLACK
6
CONTINUOUS
10
182.048
20
-111.117
11
182.042
21
-111.055
0
LINE
8
BLACK
6
CONTINUOUS
10
182.042
20
-111.055
11
181.991
21
-110.918
0
LINE
8
BLACK
6
CONTINUOUS
10
181.991
20
-110.918
11
181.903
21
-110.802
0
LINE
8
BLACK
6
CONTINUOUS
10
181.903
20
-110.802
11
181.896
21
-110.796
0
LINE
8
BLACK
6
CONTINUOUS
10
181.896
20
-110.796
11
181.89
21
-110.79
0
LINE
8
BLACK
6
CONTINUOUS
10
181.89
20
-110.79
11
181.891
21
-110.788
0
LINE
8
BLACK
6
CONTINUOUS
10
181.891
20
-110.788
11
181.856
21
-110.742
0
LINE
8
BLACK
6
CONTINUOUS
10
181.856
20
-110.742
11
181.849
21
-110.698
0
LINE
8
BLACK
6
CONTINUOUS
10
181.849
20
-110.698
11
181.849
21
-108.627
0
LINE
8
BLACK
6
CONTINUOUS
10
181.849
20
-108.627
11
181.869
21
-108.559
0
LINE
8
BLACK
6
CONTINUOUS
10
181.869
20
-108.559
11
181.885
21
-108.538
0
LINE
8
BLACK
6
CONTINUOUS
10
181.885
20
-108.538
11
185.93
21
-104.494
0
LINE
8
BLACK
6
CONTINUOUS
10
185.93
20
-104.494
11
185.932
21
-104.491
0
LINE
8
BLACK
6
CONTINUOUS
10
185.932
20
-104.491
11
186.001
21
-104.426
0
LINE
8
BLACK
6
CONTINUOUS
10
186.001
20
-104.426
11
186.001
21
-104.426
0
LINE
8
BLACK
6
CONTINUOUS
10
186.001
20
-104.426
11
186.005
21
-104.423
0
LINE
8
BLACK
6
CONTINUOUS
10
186.005
20
-104.423
11
186.052
21
-104.36
0
LINE
8
BLACK
6
CONTINUOUS
10
186.052
20
-104.36
11
186.057
21
-104.355
0
LINE
8
BLACK
6
CONTINUOUS
10
186.057
20
-104.355
11
186.104
21
-104.299
0
LINE
8
BLACK
6
CONTINUOUS
10
186.104
20
-104.299
11
186.104
21
-104.299
0
LINE
8
BLACK
6
CONTINUOUS
10
186.104
20
-104.299
11
186.107
21
-104.295
0
LINE
8
BLACK
6
CONTINUOUS
10
186.107
20
-104.295
11
186.11
21
-104.291
0
LINE
8
BLACK
6
CONTINUOUS
10
186.11
20
-104.291
11
186.11
21
-104.291
0
LINE
8
BLACK
6
CONTINUOUS
10
186.11
20
-104.291
11
186.124
21
-104.267
0
LINE
8
BLACK
6
CONTINUOUS
10
186.124
20
-104.267
11
186.132
21
-104.256
0
LINE
8
BLACK
6
CONTINUOUS
10
186.132
20
-104.256
11
186.152
21
-104.23
0
LINE
8
BLACK
6
CONTINUOUS
10
186.152
20
-104.23
11
186.189
21
-104.161
0
LINE
8
BLACK
6
CONTINUOUS
10
186.189
20
-104.161
11
186.193
21
-104.155
0
LINE
8
BLACK
6
CONTINUOUS
10
186.193
20
-104.155
11
186.231
21
-104.092
0
LINE
8
BLACK
6
CONTINUOUS
10
186.231
20
-104.092
11
186.233
21
-104.088
0
LINE
8
BLACK
6
CONTINUOUS
10
186.233
20
-104.088
11
186.235
21
-104.083
0
LINE
8
BLACK
6
CONTINUOUS
10
186.235
20
-104.083
11
186.235
21
-104.083
0
LINE
8
BLACK
6
CONTINUOUS
10
186.235
20
-104.083
11
186.246
21
-104.057
0
LINE
8
BLACK
6
CONTINUOUS
10
186.246
20
-104.057
11
186.251
21
-104.045
0
LINE
8
BLACK
6
CONTINUOUS
10
186.251
20
-104.045
11
186.264
21
-104.02
0
LINE
8
BLACK
6
CONTINUOUS
10
186.264
20
-104.02
11
186.264
21
-104.02
0
LINE
8
BLACK
6
CONTINUOUS
10
186.264
20
-104.02
11
186.267
21
-104.016
0
LINE
8
BLACK
6
CONTINUOUS
10
186.267
20
-104.016
11
186.292
21
-103.942
0
LINE
8
BLACK
6
CONTINUOUS
10
186.292
20
-103.942
11
186.295
21
-103.935
0
LINE
8
BLACK
6
CONTINUOUS
10
186.295
20
-103.935
11
186.303
21
-103.914
0
LINE
8
BLACK
6
CONTINUOUS
10
186.303
20
-103.914
11
186.317
21
-103.88
0
LINE
8
BLACK
6
CONTINUOUS
10
186.317
20
-103.88
11
186.322
21
-103.867
0
LINE
8
BLACK
6
CONTINUOUS
10
186.322
20
-103.867
11
186.322
21
-103.867
0
LINE
8
BLACK
6
CONTINUOUS
10
186.322
20
-103.867
11
186.324
21
-103.863
0
LINE
8
BLACK
6
CONTINUOUS
10
186.324
20
-103.863
11
186.331
21
-103.831
0
LINE
8
BLACK
6
CONTINUOUS
10
186.331
20
-103.831
11
186.335
21
-103.817
0
LINE
8
BLACK
6
CONTINUOUS
10
186.335
20
-103.817
11
186.344
21
-103.791
0
LINE
8
BLACK
6
CONTINUOUS
10
186.344
20
-103.791
11
186.346
21
-103.786
0
LINE
8
BLACK
6
CONTINUOUS
10
186.346
20
-103.786
11
186.347
21
-103.781
0
LINE
8
BLACK
6
CONTINUOUS
10
186.347
20
-103.781
11
186.347
21
-103.781
0
LINE
8
BLACK
6
CONTINUOUS
10
186.347
20
-103.781
11
186.359
21
-103.709
0
LINE
8
BLACK
6
CONTINUOUS
10
186.359
20
-103.709
11
186.361
21
-103.702
0
LINE
8
BLACK
6
CONTINUOUS
10
186.361
20
-103.702
11
186.377
21
-103.631
0
LINE
8
BLACK
6
CONTINUOUS
10
186.377
20
-103.631
11
186.377
21
-103.631
0
LINE
8
BLACK
6
CONTINUOUS
10
186.377
20
-103.631
11
186.378
21
-103.626
0
LINE
8
BLACK
6
CONTINUOUS
10
186.378
20
-103.626
11
186.38
21
-103.593
0
LINE
8
BLACK
6
CONTINUOUS
10
186.38
20
-103.593
11
186.382
21
-103.58
0
LINE
8
BLACK
6
CONTINUOUS
10
186.382
20
-103.58
11
186.386
21
-103.555
0
LINE
8
BLACK
6
CONTINUOUS
10
186.386
20
-103.555
11
186.387
21
-103.551
0
LINE
8
BLACK
6
CONTINUOUS
10
186.387
20
-103.551
11
186.387
21
-103.551
0
LINE
8
BLACK
6
CONTINUOUS
10
186.387
20
-103.551
11
186.387
21
-103.547
0
LINE
8
BLACK
6
CONTINUOUS
10
186.387
20
-103.547
11
186.388
21
-103.538
0
LINE
8
BLACK
6
CONTINUOUS
10
186.388
20
-103.538
11
186.388
21
-103.519
0
LINE
8
BLACK
6
CONTINUOUS
10
186.388
20
-103.519
11
186.388
21
-103.519
0
LINE
8
BLACK
6
CONTINUOUS
10
186.388
20
-103.519
11
186.388
21
-103.518
0
LINE
8
BLACK
6
CONTINUOUS
10
186.388
20
-103.518
11
186.388
21
-103.462
0
LINE
8
BLACK
6
CONTINUOUS
10
186.388
20
-103.462
11
186.389
21
-103.454
0
LINE
8
BLACK
6
CONTINUOUS
10
186.389
20
-103.454
11
186.393
21
-103.389
0
LINE
8
BLACK
6
CONTINUOUS
10
186.393
20
-103.389
11
186.393
21
-103.384
0
LINE
8
BLACK
6
CONTINUOUS
10
186.393
20
-103.384
11
186.389
21
-103.342
0
LINE
8
BLACK
6
CONTINUOUS
10
186.389
20
-103.342
11
186.388
21
-103.33
0
LINE
8
BLACK
6
CONTINUOUS
10
186.388
20
-103.33
11
186.388
21
-97.9476
0
LINE
8
BLACK
6
CONTINUOUS
10
186.388
20
-97.9476
11
186.409
21
-97.8794
0
LINE
8
BLACK
6
CONTINUOUS
10
186.409
20
-97.8794
11
186.462
21
-97.833
0
LINE
8
BLACK
6
CONTINUOUS
10
186.462
20
-97.833
11
186.514
21
-97.8216
0
LINE
8
BLACK
6
CONTINUOUS
10
186.514
20
-97.8216
11
189.706
21
-97.8216
0
LINE
8
BLACK
6
CONTINUOUS
10
189.706
20
-97.8216
11
189.716
21
-97.822
0
LINE
8
BLACK
6
CONTINUOUS
10
189.716
20
-97.822
11
189.753
21
-97.8249
0
LINE
8
BLACK
6
CONTINUOUS
10
189.753
20
-97.8249
11
189.77
21
-97.8262
0
LINE
8
BLACK
6
CONTINUOUS
10
189.77
20
-97.8262
11
189.787
21
-97.8249
0
LINE
8
BLACK
6
CONTINUOUS
10
189.787
20
-97.8249
11
189.828
21
-97.8217
0
LINE
8
BLACK
6
CONTINUOUS
10
189.828
20
-97.8217
11
189.83
21
-97.8216
0
LINE
8
BLACK
6
CONTINUOUS
10
189.83
20
-97.8216
11
189.831
21
-97.8216
0
LINE
8
BLACK
6
CONTINUOUS
10
189.831
20
-97.8216
11
189.834
21
-97.8214
0
LINE
8
BLACK
6
CONTINUOUS
10
189.834
20
-97.8214
11
189.834
21
-97.8214
0
LINE
8
BLACK
6
CONTINUOUS
10
189.834
20
-97.8214
11
189.908
21
-97.8154
0
LINE
8
BLACK
6
CONTINUOUS
10
189.908
20
-97.8154
11
189.909
21
-97.8153
0
LINE
8
BLACK
6
CONTINUOUS
10
189.909
20
-97.8153
11
189.946
21
-97.8124
0
LINE
8
BLACK
6
CONTINUOUS
10
189.946
20
-97.8124
11
190.007
21
-97.8076
0
LINE
8
BLACK
6
CONTINUOUS
10
190.007
20
-97.8076
11
190.008
21
-97.8073
0
LINE
8
BLACK
6
CONTINUOUS
10
190.008
20
-97.8073
11
190.012
21
-97.807
0
LINE
8
BLACK
6
CONTINUOUS
10
190.012
20
-97.807
11
190.132
21
-97.7775
0
LINE
8
BLACK
6
CONTINUOUS
10
190.132
20
-97.7775
11
190.132
21
-97.7775
0
LINE
8
BLACK
6
CONTINUOUS
10
190.132
20
-97.7775
11
190.238
21
-97.7522
0
LINE
8
BLACK
6
CONTINUOUS
10
190.238
20
-97.7522
11
190.24
21
-97.7511
0
LINE
8
BLACK
6
CONTINUOUS
10
190.24
20
-97.7511
11
190.242
21
-97.7507
0
LINE
8
BLACK
6
CONTINUOUS
10
190.242
20
-97.7507
11
190.243
21
-97.7503
0
LINE
8
BLACK
6
CONTINUOUS
10
190.243
20
-97.7503
11
190.248
21
-97.7491
0
LINE
8
BLACK
6
CONTINUOUS
10
190.248
20
-97.7491
11
190.252
21
-97.7471
0
LINE
8
BLACK
6
CONTINUOUS
10
190.252
20
-97.7471
11
190.252
21
-97.7471
0
LINE
8
BLACK
6
CONTINUOUS
10
190.252
20
-97.7471
11
190.305
21
-97.7246
0
LINE
8
BLACK
6
CONTINUOUS
10
190.305
20
-97.7246
11
190.356
21
-97.7029
0
LINE
8
BLACK
6
CONTINUOUS
10
190.356
20
-97.7029
11
190.357
21
-97.7026
0
LINE
8
BLACK
6
CONTINUOUS
10
190.357
20
-97.7026
11
190.457
21
-97.6613
0
LINE
8
BLACK
6
CONTINUOUS
10
190.457
20
-97.6613
11
190.461
21
-97.6589
0
LINE
8
BLACK
6
CONTINUOUS
10
190.461
20
-97.6589
11
190.465
21
-97.6568
0
LINE
8
BLACK
6
CONTINUOUS
10
190.465
20
-97.6568
11
190.466
21
-97.6562
0
LINE
8
BLACK
6
CONTINUOUS
10
190.466
20
-97.6562
11
190.471
21
-97.6543
0
LINE
8
BLACK
6
CONTINUOUS
10
190.471
20
-97.6543
11
190.568
21
-97.5934
0
LINE
8
BLACK
6
CONTINUOUS
10
190.568
20
-97.5934
11
190.569
21
-97.5927
0
LINE
8
BLACK
6
CONTINUOUS
10
190.569
20
-97.5927
11
190.577
21
-97.5876
0
LINE
8
BLACK
6
CONTINUOUS
10
190.577
20
-97.5876
11
190.659
21
-97.5372
0
LINE
8
BLACK
6
CONTINUOUS
10
190.659
20
-97.5372
11
190.663
21
-97.534
0
LINE
8
BLACK
6
CONTINUOUS
10
190.663
20
-97.534
11
190.667
21
-97.5312
0
LINE
8
BLACK
6
CONTINUOUS
10
190.667
20
-97.5312
11
190.671
21
-97.5284
0
LINE
8
BLACK
6
CONTINUOUS
10
190.671
20
-97.5284
11
190.672
21
-97.5276
0
LINE
8
BLACK
6
CONTINUOUS
10
190.672
20
-97.5276
11
190.677
21
-97.5249
0
LINE
8
BLACK
6
CONTINUOUS
10
190.677
20
-97.5249
11
190.753
21
-97.4576
0
LINE
8
BLACK
6
CONTINUOUS
10
190.753
20
-97.4576
11
190.76
21
-97.4517
0
LINE
8
BLACK
6
CONTINUOUS
10
190.76
20
-97.4517
11
190.761
21
-97.4504
0
LINE
8
BLACK
6
CONTINUOUS
10
190.761
20
-97.4504
11
190.836
21
-97.3862
0
LINE
8
BLACK
6
CONTINUOUS
10
190.836
20
-97.3862
11
190.836
21
-97.3862
0
LINE
8
BLACK
6
CONTINUOUS
10
190.836
20
-97.3862
11
190.84
21
-97.383
0
LINE
8
BLACK
6
CONTINUOUS
10
190.84
20
-97.383
11
190.843
21
-97.3793
0
LINE
8
BLACK
6
CONTINUOUS
10
190.843
20
-97.3793
11
190.847
21
-97.3758
0
LINE
8
BLACK
6
CONTINUOUS
10
190.847
20
-97.3758
11
190.847
21
-97.3759
0
LINE
8
BLACK
6
CONTINUOUS
10
190.847
20
-97.3759
11
190.854
21
-97.3683
0
LINE
8
BLACK
6
CONTINUOUS
10
190.854
20
-97.3683
11
190.859
21
-97.3644
0
LINE
8
BLACK
6
CONTINUOUS
10
190.859
20
-97.3644
11
190.867
21
-97.3545
0
LINE
8
BLACK
6
CONTINUOUS
10
190.867
20
-97.3545
11
190.927
21
-97.2814
0
LINE
8
BLACK
6
CONTINUOUS
10
190.927
20
-97.2814
11
190.928
21
-97.2795
0
LINE
8
BLACK
6
CONTINUOUS
10
190.928
20
-97.2795
11
190.991
21
-97.2062
0
LINE
8
BLACK
6
CONTINUOUS
10
190.991
20
-97.2062
11
190.991
21
-97.2062
0
LINE
8
BLACK
6
CONTINUOUS
10
190.991
20
-97.2062
11
190.994
21
-97.2025
0
LINE
8
BLACK
6
CONTINUOUS
10
190.994
20
-97.2025
11
190.997
21
-97.1977
0
LINE
8
BLACK
6
CONTINUOUS
10
190.997
20
-97.1977
11
191.007
21
-97.1836
0
LINE
8
BLACK
6
CONTINUOUS
10
191.007
20
-97.1836
11
191.01
21
-97.1807
0
LINE
8
BLACK
6
CONTINUOUS
10
191.01
20
-97.1807
11
191.01
21
-97.1807
0
LINE
8
BLACK
6
CONTINUOUS
10
191.01
20
-97.1807
11
191.013
21
-97.1768
0
LINE
8
BLACK
6
CONTINUOUS
10
191.013
20
-97.1768
11
191.065
21
-97.0866
0
LINE
8
BLACK
6
CONTINUOUS
10
191.065
20
-97.0866
11
191.067
21
-97.0842
0
LINE
8
BLACK
6
CONTINUOUS
10
191.067
20
-97.0842
11
191.118
21
-97
0
LINE
8
BLACK
6
CONTINUOUS
10
191.118
20
-97
11
191.121
21
-96.9922
0
LINE
8
BLACK
6
CONTINUOUS
10
191.121
20
-96.9922
11
191.129
21
-96.977
0
LINE
8
BLACK
6
CONTINUOUS
10
191.129
20
-96.977
11
191.132
21
-96.9714
0
LINE
8
BLACK
6
CONTINUOUS
10
191.132
20
-96.9714
11
191.135
21
-96.967
0
LINE
8
BLACK
6
CONTINUOUS
10
191.135
20
-96.967
11
191.171
21
-96.8725
0
LINE
8
BLACK
6
CONTINUOUS
10
191.171
20
-96.8725
11
191.172
21
-96.8694
0
LINE
8
BLACK
6
CONTINUOUS
10
191.172
20
-96.8694
11
191.207
21
-96.7852
0
LINE
8
BLACK
6
CONTINUOUS
10
191.207
20
-96.7852
11
191.207
21
-96.7852
0
LINE
8
BLACK
6
CONTINUOUS
10
191.207
20
-96.7852
11
191.209
21
-96.7807
0
LINE
8
BLACK
6
CONTINUOUS
10
191.209
20
-96.7807
11
191.212
21
-96.7696
0
LINE
8
BLACK
6
CONTINUOUS
10
191.212
20
-96.7696
11
191.217
21
-96.7539
0
LINE
8
BLACK
6
CONTINUOUS
10
191.217
20
-96.7539
11
191.22
21
-96.7451
0
LINE
8
BLACK
6
CONTINUOUS
10
191.22
20
-96.7451
11
191.222
21
-96.7404
0
LINE
8
BLACK
6
CONTINUOUS
10
191.222
20
-96.7404
11
191.232
21
-96.6909
0
LINE
8
BLACK
6
CONTINUOUS
10
191.232
20
-96.6909
11
191.242
21
-96.6442
0
LINE
8
BLACK
6
CONTINUOUS
10
191.242
20
-96.6442
11
191.243
21
-96.6406
0
LINE
8
BLACK
6
CONTINUOUS
10
191.243
20
-96.6406
11
191.263
21
-96.5546
0
LINE
8
BLACK
6
CONTINUOUS
10
191.263
20
-96.5546
11
191.263
21
-96.5546
0
LINE
8
BLACK
6
CONTINUOUS
10
191.263
20
-96.5546
11
191.265
21
-96.5498
0
LINE
8
BLACK
6
CONTINUOUS
10
191.265
20
-96.5498
11
191.266
21
-96.5356
0
LINE
8
BLACK
6
CONTINUOUS
10
191.266
20
-96.5356
11
191.268
21
-96.5198
0
LINE
8
BLACK
6
CONTINUOUS
10
191.268
20
-96.5198
11
191.27
21
-96.5077
0
LINE
8
BLACK
6
CONTINUOUS
10
191.27
20
-96.5077
11
191.27
21
-96.5077
0
LINE
8
BLACK
6
CONTINUOUS
10
191.27
20
-96.5077
11
191.271
21
-96.5027
0
LINE
8
BLACK
6
CONTINUOUS
10
191.271
20
-96.5027
11
191.274
21
-96.4541
0
LINE
8
BLACK
6
CONTINUOUS
10
191.274
20
-96.4541
11
191.276
21
-96.4076
0
LINE
8
BLACK
6
CONTINUOUS
10
191.276
20
-96.4076
11
191.276
21
-96.4034
0
LINE
8
BLACK
6
CONTINUOUS
10
191.276
20
-96.4034
11
191.279
21
-96.3709
0
LINE
8
BLACK
6
CONTINUOUS
10
191.279
20
-96.3709
11
191.283
21
-96.3131
0
LINE
8
BLACK
6
CONTINUOUS
10
191.283
20
-96.3131
11
191.283
21
-96.3081
0
LINE
8
BLACK
6
CONTINUOUS
10
191.283
20
-96.3081
11
191.282
21
-96.2961
0
LINE
8
BLACK
6
CONTINUOUS
10
191.282
20
-96.2961
11
191.282
21
-96.2805
0
LINE
8
BLACK
6
CONTINUOUS
10
191.282
20
-96.2805
11
191.282
21
-96.2653
0
LINE
8
BLACK
6
CONTINUOUS
10
191.282
20
-96.2653
11
191.282
21
-96.2653
0
LINE
8
BLACK
6
CONTINUOUS
10
191.282
20
-96.2653
11
191.282
21
-96.2603
0
LINE
8
BLACK
6
CONTINUOUS
10
191.282
20
-96.2603
11
191.282
21
-96.2552
0
LINE
8
BLACK
6
CONTINUOUS
10
191.282
20
-96.2552
11
191.282
21
-96.2552
0
LINE
8
BLACK
6
CONTINUOUS
10
191.282
20
-96.2552
11
191.272
21
-96.1686
0
LINE
8
BLACK
6
CONTINUOUS
10
191.272
20
-96.1686
11
191.271
21
-96.164
0
LINE
8
BLACK
6
CONTINUOUS
10
191.271
20
-96.164
11
191.265
21
-96.0813
0
LINE
8
BLACK
6
CONTINUOUS
10
191.265
20
-96.0813
11
191.265
21
-96.0813
0
LINE
8
BLACK
6
CONTINUOUS
10
191.265
20
-96.0813
11
191.265
21
-96.0764
0
LINE
8
BLACK
6
CONTINUOUS
10
191.265
20
-96.0764
11
191.26
21
-96.057
0
LINE
8
BLACK
6
CONTINUOUS
10
191.26
20
-96.057
11
191.257
21
-96.0421
0
LINE
8
BLACK
6
CONTINUOUS
10
191.257
20
-96.0421
11
191.255
21
-96.0241
0
LINE
8
BLACK
6
CONTINUOUS
10
191.255
20
-96.0241
11
191.255
21
-96.0241
0
LINE
8
BLACK
6
CONTINUOUS
10
191.255
20
-96.0241
11
191.255
21
-96.0191
0
LINE
8
BLACK
6
CONTINUOUS
10
191.255
20
-96.0191
11
191.242
21
-95.9734
0
LINE
8
BLACK
6
CONTINUOUS
10
191.242
20
-95.9734
11
191.23
21
-95.9331
0
LINE
8
BLACK
6
CONTINUOUS
10
191.23
20
-95.9331
11
191.229
21
-95.9282
0
LINE
8
BLACK
6
CONTINUOUS
10
191.229
20
-95.9282
11
191.218
21
-95.881
0
LINE
8
BLACK
6
CONTINUOUS
10
191.218
20
-95.881
11
191.209
21
-95.8455
0
LINE
8
BLACK
6
CONTINUOUS
10
191.209
20
-95.8455
11
191.2
21
-95.8244
0
LINE
8
BLACK
6
CONTINUOUS
10
191.2
20
-95.8244
11
191.196
21
-95.8105
0
LINE
8
BLACK
6
CONTINUOUS
10
191.196
20
-95.8105
11
191.192
21
-95.7976
0
LINE
8
BLACK
6
CONTINUOUS
10
191.192
20
-95.7976
11
191.188
21
-95.7855
0
LINE
8
BLACK
6
CONTINUOUS
10
191.188
20
-95.7855
11
191.185
21
-95.7789
0
LINE
8
BLACK
6
CONTINUOUS
10
191.185
20
-95.7789
11
191.152
21
-95.7072
0
LINE
8
BLACK
6
CONTINUOUS
10
191.152
20
-95.7072
11
191.15
21
-95.7022
0
LINE
8
BLACK
6
CONTINUOUS
10
191.15
20
-95.7022
11
191.12
21
-95.6307
0
LINE
8
BLACK
6
CONTINUOUS
10
191.12
20
-95.6307
11
191.12
21
-95.6307
0
LINE
8
BLACK
6
CONTINUOUS
10
191.12
20
-95.6307
11
191.118
21
-95.6261
0
LINE
8
BLACK
6
CONTINUOUS
10
191.118
20
-95.6261
11
191.105
21
-95.6043
0
LINE
8
BLACK
6
CONTINUOUS
10
191.105
20
-95.6043
11
191.098
21
-95.5917
0
LINE
8
BLACK
6
CONTINUOUS
10
191.098
20
-95.5917
11
191.088
21
-95.5701
0
LINE
8
BLACK
6
CONTINUOUS
10
191.088
20
-95.5701
11
191.086
21
-95.5655
0
LINE
8
BLACK
6
CONTINUOUS
10
191.086
20
-95.5655
11
191.083
21
-95.5614
0
LINE
8
BLACK
6
CONTINUOUS
10
191.083
20
-95.5614
11
191.083
21
-95.5613
0
LINE
8
BLACK
6
CONTINUOUS
10
191.083
20
-95.5613
11
191.039
21
-95.4964
0
LINE
8
BLACK
6
CONTINUOUS
10
191.039
20
-95.4964
11
191.036
21
-95.4914
0
LINE
8
BLACK
6
CONTINUOUS
10
191.036
20
-95.4914
11
191.034
21
-95.4892
0
LINE
8
BLACK
6
CONTINUOUS
10
191.034
20
-95.4892
11
190.994
21
-95.4237
0
LINE
8
BLACK
6
CONTINUOUS
10
190.994
20
-95.4237
11
190.976
21
-95.402
0
LINE
8
BLACK
6
CONTINUOUS
10
190.976
20
-95.402
11
190.967
21
-95.391
0
LINE
8
BLACK
6
CONTINUOUS
10
190.967
20
-95.391
11
190.952
21
-95.3689
0
LINE
8
BLACK
6
CONTINUOUS
10
190.952
20
-95.3689
11
190.952
21
-95.3689
0
LINE
8
BLACK
6
CONTINUOUS
10
190.952
20
-95.3689
11
190.949
21
-95.3648
0
LINE
8
BLACK
6
CONTINUOUS
10
190.949
20
-95.3648
11
190.902
21
-95.3147
0
LINE
8
BLACK
6
CONTINUOUS
10
190.902
20
-95.3147
11
190.894
21
-95.3062
0
LINE
8
BLACK
6
CONTINUOUS
10
190.894
20
-95.3062
11
190.89
21
-95.3014
0
LINE
8
BLACK
6
CONTINUOUS
10
190.89
20
-95.3014
11
190.843
21
-95.2469
0
LINE
8
BLACK
6
CONTINUOUS
10
190.843
20
-95.2469
11
190.843
21
-95.2469
0
LINE
8
BLACK
6
CONTINUOUS
10
190.843
20
-95.2469
11
190.84
21
-95.2431
0
LINE
8
BLACK
6
CONTINUOUS
10
190.84
20
-95.2431
11
190.816
21
-95.2228
0
LINE
8
BLACK
6
CONTINUOUS
10
190.816
20
-95.2228
11
190.806
21
-95.2135
0
LINE
8
BLACK
6
CONTINUOUS
10
190.806
20
-95.2135
11
190.783
21
-95.1884
0
LINE
8
BLACK
6
CONTINUOUS
10
190.783
20
-95.1884
11
190.766
21
-95.1757
0
LINE
8
BLACK
6
CONTINUOUS
10
190.766
20
-95.1757
11
190.721
21
-95.1412
0
LINE
8
BLACK
6
CONTINUOUS
10
190.721
20
-95.1412
11
190.716
21
-95.1369
0
LINE
8
BLACK
6
CONTINUOUS
10
190.716
20
-95.1369
11
190.688
21
-95.1135
0
LINE
8
BLACK
6
CONTINUOUS
10
190.688
20
-95.1135
11
190.659
21
-95.0889
0
LINE
8
BLACK
6
CONTINUOUS
10
190.659
20
-95.0889
11
190.655
21
-95.0863
0
LINE
8
BLACK
6
CONTINUOUS
10
190.655
20
-95.0863
11
190.655
21
-95.0863
0
LINE
8
BLACK
6
CONTINUOUS
10
190.655
20
-95.0863
11
190.63
21
-95.071
0
LINE
8
BLACK
6
CONTINUOUS
10
190.63
20
-95.071
11
190.62
21
-95.0637
0
LINE
8
BLACK
6
CONTINUOUS
10
190.62
20
-95.0637
11
190.594
21
-95.044
0
LINE
8
BLACK
6
CONTINUOUS
10
190.594
20
-95.044
11
190.594
21
-95.044
0
LINE
8
BLACK
6
CONTINUOUS
10
190.594
20
-95.044
11
190.59
21
-95.0409
0
LINE
8
BLACK
6
CONTINUOUS
10
190.59
20
-95.0409
11
190.585
21
-95.0386
0
LINE
8
BLACK
6
CONTINUOUS
10
190.585
20
-95.0386
11
190.585
21
-95.0386
0
LINE
8
BLACK
6
CONTINUOUS
10
190.585
20
-95.0386
11
190.524
21
-95.0056
0
LINE
8
BLACK
6
CONTINUOUS
10
190.524
20
-95.0056
11
190.518
21
-95.002
0
LINE
8
BLACK
6
CONTINUOUS
10
190.518
20
-95.002
11
190.491
21
-94.986
0
LINE
8
BLACK
6
CONTINUOUS
10
190.491
20
-94.986
11
190.457
21
-94.9648
0
LINE
8
BLACK
6
CONTINUOUS
10
190.457
20
-94.9648
11
190.423
21
-94.9507
0
LINE
8
BLACK
6
CONTINUOUS
10
190.423
20
-94.9507
11
190.411
21
-94.9453
0
LINE
8
BLACK
6
CONTINUOUS
10
190.411
20
-94.9453
11
190.376
21
-94.9262
0
LINE
8
BLACK
6
CONTINUOUS
10
190.376
20
-94.9262
11
190.308
21
-94.9028
0
LINE
8
BLACK
6
CONTINUOUS
10
190.308
20
-94.9028
11
190.301
21
-94.9001
0
LINE
8
BLACK
6
CONTINUOUS
10
190.301
20
-94.9001
11
190.238
21
-94.874
0
LINE
8
BLACK
6
CONTINUOUS
10
190.238
20
-94.874
11
190.199
21
-94.8647
0
LINE
8
BLACK
6
CONTINUOUS
10
190.199
20
-94.8647
11
190.187
21
-94.8613
0
LINE
8
BLACK
6
CONTINUOUS
10
190.187
20
-94.8613
11
190.151
21
-94.8489
0
LINE
8
BLACK
6
CONTINUOUS
10
190.151
20
-94.8489
11
190.151
21
-94.8489
0
LINE
8
BLACK
6
CONTINUOUS
10
190.151
20
-94.8489
11
190.146
21
-94.8472
0
LINE
8
BLACK
6
CONTINUOUS
10
190.146
20
-94.8472
11
190.078
21
-94.8354
0
LINE
8
BLACK
6
CONTINUOUS
10
190.078
20
-94.8354
11
190.07
21
-94.8338
0
LINE
8
BLACK
6
CONTINUOUS
10
190.07
20
-94.8338
11
190.065
21
-94.8325
0
LINE
8
BLACK
6
CONTINUOUS
10
190.065
20
-94.8325
11
190.048
21
-94.8285
0
LINE
8
BLACK
6
CONTINUOUS
10
190.048
20
-94.8285
11
190.012
21
-94.8197
0
LINE
8
BLACK
6
CONTINUOUS
10
190.012
20
-94.8197
11
190.012
21
-94.8197
0
LINE
8
BLACK
6
CONTINUOUS
10
190.012
20
-94.8197
11
190.007
21
-94.8185
0
LINE
8
BLACK
6
CONTINUOUS
10
190.007
20
-94.8185
11
189.964
21
-94.8152
0
LINE
8
BLACK
6
CONTINUOUS
10
189.964
20
-94.8152
11
189.953
21
-94.8137
0
LINE
8
BLACK
6
CONTINUOUS
10
189.953
20
-94.8137
11
189.907
21
-94.8059
0
LINE
8
BLACK
6
CONTINUOUS
10
189.907
20
-94.8059
11
189.903
21
-94.8057
0
LINE
8
BLACK
6
CONTINUOUS
10
189.903
20
-94.8057
11
189.903
21
-94.8057
0
LINE
8
BLACK
6
CONTINUOUS
10
189.903
20
-94.8057
11
189.879
21
-94.8046
0
LINE
8
BLACK
6
CONTINUOUS
10
189.879
20
-94.8046
11
189.879
21
-94.8046
0
LINE
8
BLACK
6
CONTINUOUS
10
189.879
20
-94.8046
11
189.878
21
-94.8046
0
LINE
8
BLACK
6
CONTINUOUS
10
189.878
20
-94.8046
11
189.834
21
-94.8046
0
LINE
8
BLACK
6
CONTINUOUS
10
189.834
20
-94.8046
11
189.824
21
-94.8042
0
LINE
8
BLACK
6
CONTINUOUS
10
189.824
20
-94.8042
11
189.775
21
-94.8003
0
LINE
8
BLACK
6
CONTINUOUS
10
189.775
20
-94.8003
11
189.77
21
-94.7999
0
LINE
8
BLACK
6
CONTINUOUS
10
189.77
20
-94.7999
11
189.765
21
-94.8003
0
LINE
8
BLACK
6
CONTINUOUS
10
189.765
20
-94.8003
11
189.716
21
-94.8042
0
LINE
8
BLACK
6
CONTINUOUS
10
189.716
20
-94.8042
11
189.706
21
-94.8046
0
LINE
8
BLACK
6
CONTINUOUS
10
189.706
20
-94.8046
11
184.944
21
-94.8046
0
LINE
8
BLACK
6
CONTINUOUS
10
184.944
20
-94.8046
11
184.934
21
-94.8042
0
LINE
8
BLACK
6
CONTINUOUS
10
184.934
20
-94.8042
11
184.885
21
-94.8003
0
LINE
8
BLACK
6
CONTINUOUS
10
184.885
20
-94.8003
11
184.88
21
-94.7999
0
LINE
8
BLACK
6
CONTINUOUS
10
184.88
20
-94.7999
11
184.875
21
-94.8003
0
LINE
8
BLACK
6
CONTINUOUS
10
184.875
20
-94.8003
11
184.875
21
-94.8003
0
LINE
8
BLACK
6
CONTINUOUS
10
184.875
20
-94.8003
11
184.863
21
-94.8012
0
LINE
8
BLACK
6
CONTINUOUS
10
184.863
20
-94.8012
11
184.847
21
-94.8015
0
LINE
8
BLACK
6
CONTINUOUS
10
184.847
20
-94.8015
11
184.832
21
-94.8008
0
LINE
8
BLACK
6
CONTINUOUS
10
184.832
20
-94.8008
11
184.832
21
-94.8008
0
LINE
8
BLACK
6
CONTINUOUS
10
184.832
20
-94.8008
11
184.827
21
-94.8006
0
LINE
8
BLACK
6
CONTINUOUS
10
184.827
20
-94.8006
11
184.822
21
-94.8012
0
LINE
8
BLACK
6
CONTINUOUS
10
184.822
20
-94.8012
11
184.822
21
-94.8012
0
LINE
8
BLACK
6
CONTINUOUS
10
184.822
20
-94.8012
11
184.735
21
-94.8112
0
LINE
8
BLACK
6
CONTINUOUS
10
184.735
20
-94.8112
11
184.731
21
-94.8116
0
LINE
8
BLACK
6
CONTINUOUS
10
184.731
20
-94.8116
11
184.713
21
-94.8131
0
LINE
8
BLACK
6
CONTINUOUS
10
184.713
20
-94.8131
11
184.643
21
-94.8185
0
LINE
8
BLACK
6
CONTINUOUS
10
184.643
20
-94.8185
11
184.642
21
-94.8188
0
LINE
8
BLACK
6
CONTINUOUS
10
184.642
20
-94.8188
11
184.638
21
-94.8191
0
LINE
8
BLACK
6
CONTINUOUS
10
184.638
20
-94.8191
11
184.62
21
-94.8236
0
LINE
8
BLACK
6
CONTINUOUS
10
184.62
20
-94.8236
11
184.604
21
-94.8264
0
LINE
8
BLACK
6
CONTINUOUS
10
184.604
20
-94.8264
11
184.591
21
-94.8279
0
LINE
8
BLACK
6
CONTINUOUS
10
184.591
20
-94.8279
11
184.591
21
-94.8279
0
LINE
8
BLACK
6
CONTINUOUS
10
184.591
20
-94.8279
11
184.586
21
-94.8285
0
LINE
8
BLACK
6
CONTINUOUS
10
184.586
20
-94.8285
11
184.581
21
-94.8299
0
LINE
8
BLACK
6
CONTINUOUS
10
184.581
20
-94.8299
11
184.581
21
-94.8299
0
LINE
8
BLACK
6
CONTINUOUS
10
184.581
20
-94.8299
11
184.5
21
-94.8528
0
LINE
8
BLACK
6
CONTINUOUS
10
184.5
20
-94.8528
11
184.495
21
-94.8541
0
LINE
8
BLACK
6
CONTINUOUS
10
184.495
20
-94.8541
11
184.433
21
-94.8689
0
LINE
8
BLACK
6
CONTINUOUS
10
184.433
20
-94.8689
11
184.412
21
-94.874
0
LINE
8
BLACK
6
CONTINUOUS
10
184.412
20
-94.874
11
184.41
21
-94.875
0
LINE
8
BLACK
6
CONTINUOUS
10
184.41
20
-94.875
11
184.408
21
-94.8754
0
LINE
8
BLACK
6
CONTINUOUS
10
184.408
20
-94.8754
11
184.407
21
-94.8758
0
LINE
8
BLACK
6
CONTINUOUS
10
184.407
20
-94.8758
11
184.402
21
-94.877
0
LINE
8
BLACK
6
CONTINUOUS
10
184.402
20
-94.877
11
184.385
21
-94.8843
0
LINE
8
BLACK
6
CONTINUOUS
10
184.385
20
-94.8843
11
184.37
21
-94.8895
0
LINE
8
BLACK
6
CONTINUOUS
10
184.37
20
-94.8895
11
184.352
21
-94.8946
0
LINE
8
BLACK
6
CONTINUOUS
10
184.352
20
-94.8946
11
184.314
21
-94.9127
0
LINE
8
BLACK
6
CONTINUOUS
10
184.314
20
-94.9127
11
184.274
21
-94.9311
0
LINE
8
BLACK
6
CONTINUOUS
10
184.274
20
-94.9311
11
184.269
21
-94.9333
0
LINE
8
BLACK
6
CONTINUOUS
10
184.269
20
-94.9333
11
184.193
21
-94.9648
0
LINE
8
BLACK
6
CONTINUOUS
10
184.193
20
-94.9648
11
184.189
21
-94.9672
0
LINE
8
BLACK
6
CONTINUOUS
10
184.189
20
-94.9672
11
184.185
21
-94.9693
0
LINE
8
BLACK
6
CONTINUOUS
10
184.185
20
-94.9693
11
184.183
21
-94.9699
0
LINE
8
BLACK
6
CONTINUOUS
10
184.183
20
-94.9699
11
184.179
21
-94.9719
0
LINE
8
BLACK
6
CONTINUOUS
10
184.179
20
-94.9719
11
184.175
21
-94.9746
0
LINE
8
BLACK
6
CONTINUOUS
10
184.175
20
-94.9746
11
184.163
21
-94.9818
0
LINE
8
BLACK
6
CONTINUOUS
10
184.163
20
-94.9818
11
184.149
21
-94.9893
0
LINE
8
BLACK
6
CONTINUOUS
10
184.149
20
-94.9893
11
184.132
21
-94.9972
0
LINE
8
BLACK
6
CONTINUOUS
10
184.132
20
-94.9972
11
184.128
21
-95
0
LINE
8
BLACK
6
CONTINUOUS
10
184.128
20
-95
11
184.128
21
-95
0
LINE
8
BLACK
6
CONTINUOUS
10
184.128
20
-95
11
184.063
21
-95.0441
0
LINE
8
BLACK
6
CONTINUOUS
10
184.063
20
-95.0441
11
184.058
21
-95.0474
0
LINE
8
BLACK
6
CONTINUOUS
10
184.058
20
-95.0474
11
183.991
21
-95.0889
0
LINE
8
BLACK
6
CONTINUOUS
10
183.991
20
-95.0889
11
183.987
21
-95.0921
0
LINE
8
BLACK
6
CONTINUOUS
10
183.987
20
-95.0921
11
183.983
21
-95.0949
0
LINE
8
BLACK
6
CONTINUOUS
10
183.983
20
-95.0949
11
183.979
21
-95.0977
0
LINE
8
BLACK
6
CONTINUOUS
10
183.979
20
-95.0977
11
183.978
21
-95.0985
0
LINE
8
BLACK
6
CONTINUOUS
10
183.978
20
-95.0985
11
183.973
21
-95.1012
0
LINE
8
BLACK
6
CONTINUOUS
10
183.973
20
-95.1012
11
183.967
21
-95.1066
0
LINE
8
BLACK
6
CONTINUOUS
10
183.967
20
-95.1066
11
183.96
21
-95.1135
0
LINE
8
BLACK
6
CONTINUOUS
10
183.96
20
-95.1135
11
183.947
21
-95.1232
0
LINE
8
BLACK
6
CONTINUOUS
10
183.947
20
-95.1232
11
183.932
21
-95.1336
0
LINE
8
BLACK
6
CONTINUOUS
10
183.932
20
-95.1336
11
183.928
21
-95.1371
0
LINE
8
BLACK
6
CONTINUOUS
10
183.928
20
-95.1371
11
183.873
21
-95.189
0
LINE
8
BLACK
6
CONTINUOUS
10
183.873
20
-95.189
11
183.868
21
-95.1933
0
LINE
8
BLACK
6
CONTINUOUS
10
183.868
20
-95.1933
11
183.814
21
-95.2399
0
LINE
8
BLACK
6
CONTINUOUS
10
183.814
20
-95.2399
11
183.814
21
-95.2399
0
LINE
8
BLACK
6
CONTINUOUS
10
183.814
20
-95.2399
11
183.81
21
-95.2431
0
LINE
8
BLACK
6
CONTINUOUS
10
183.81
20
-95.2431
11
183.807
21
-95.2469
0
LINE
8
BLACK
6
CONTINUOUS
10
183.807
20
-95.2469
11
183.803
21
-95.2504
0
LINE
8
BLACK
6
CONTINUOUS
10
183.803
20
-95.2504
11
183.803
21
-95.2503
0
LINE
8
BLACK
6
CONTINUOUS
10
183.803
20
-95.2503
11
183.796
21
-95.2579
0
LINE
8
BLACK
6
CONTINUOUS
10
183.796
20
-95.2579
11
183.791
21
-95.2618
0
LINE
8
BLACK
6
CONTINUOUS
10
183.791
20
-95.2618
11
183.788
21
-95.2657
0
LINE
8
BLACK
6
CONTINUOUS
10
183.788
20
-95.2657
11
183.788
21
-95.2657
0
LINE
8
BLACK
6
CONTINUOUS
10
183.788
20
-95.2657
11
183.78
21
-95.2761
0
LINE
8
BLACK
6
CONTINUOUS
10
183.78
20
-95.2761
11
183.769
21
-95.2877
0
LINE
8
BLACK
6
CONTINUOUS
10
183.769
20
-95.2877
11
183.755
21
-95.3004
0
LINE
8
BLACK
6
CONTINUOUS
10
183.755
20
-95.3004
11
183.744
21
-95.3147
0
LINE
8
BLACK
6
CONTINUOUS
10
183.744
20
-95.3147
11
183.708
21
-95.3622
0
LINE
8
BLACK
6
CONTINUOUS
10
183.708
20
-95.3622
11
183.704
21
-95.3675
0
LINE
8
BLACK
6
CONTINUOUS
10
183.704
20
-95.3675
11
183.679
21
-95.3967
0
LINE
8
BLACK
6
CONTINUOUS
10
183.679
20
-95.3967
11
183.656
21
-95.4237
0
LINE
8
BLACK
6
CONTINUOUS
10
183.656
20
-95.4237
11
183.653
21
-95.4284
0
LINE
8
BLACK
6
CONTINUOUS
10
183.653
20
-95.4284
11
183.643
21
-95.4426
0
LINE
8
BLACK
6
CONTINUOUS
10
183.643
20
-95.4426
11
183.64
21
-95.4454
0
LINE
8
BLACK
6
CONTINUOUS
10
183.64
20
-95.4454
11
183.637
21
-95.4493
0
LINE
8
BLACK
6
CONTINUOUS
10
183.637
20
-95.4493
11
183.628
21
-95.4654
0
LINE
8
BLACK
6
CONTINUOUS
10
183.628
20
-95.4654
11
183.619
21
-95.4785
0
LINE
8
BLACK
6
CONTINUOUS
10
183.619
20
-95.4785
11
183.608
21
-95.4932
0
LINE
8
BLACK
6
CONTINUOUS
10
183.608
20
-95.4932
11
183.605
21
-95.4977
0
LINE
8
BLACK
6
CONTINUOUS
10
183.605
20
-95.4977
11
183.573
21
-95.5592
0
LINE
8
BLACK
6
CONTINUOUS
10
183.573
20
-95.5592
11
183.569
21
-95.5655
0
LINE
8
BLACK
6
CONTINUOUS
10
183.569
20
-95.5655
11
183.553
21
-95.5917
0
LINE
8
BLACK
6
CONTINUOUS
10
183.553
20
-95.5917
11
183.532
21
-95.6261
0
LINE
8
BLACK
6
CONTINUOUS
10
183.532
20
-95.6261
11
183.529
21
-95.6339
0
LINE
8
BLACK
6
CONTINUOUS
10
183.529
20
-95.6339
11
183.521
21
-95.6491
0
LINE
8
BLACK
6
CONTINUOUS
10
183.521
20
-95.6491
11
183.515
21
-95.6591
0
LINE
8
BLACK
6
CONTINUOUS
10
183.515
20
-95.6591
11
183.513
21
-95.6639
0
LINE
8
BLACK
6
CONTINUOUS
10
183.513
20
-95.6639
11
183.513
21
-95.6639
0
LINE
8
BLACK
6
CONTINUOUS
10
183.513
20
-95.6639
11
183.509
21
-95.6765
0
LINE
8
BLACK
6
CONTINUOUS
10
183.509
20
-95.6765
11
183.502
21
-95.6908
0
LINE
8
BLACK
6
CONTINUOUS
10
183.502
20
-95.6908
11
183.493
21
-95.7072
0
LINE
8
BLACK
6
CONTINUOUS
10
183.493
20
-95.7072
11
183.47
21
-95.7753
0
LINE
8
BLACK
6
CONTINUOUS
10
183.47
20
-95.7753
11
183.467
21
-95.7824
0
LINE
8
BLACK
6
CONTINUOUS
10
183.467
20
-95.7824
11
183.441
21
-95.8455
0
LINE
8
BLACK
6
CONTINUOUS
10
183.441
20
-95.8455
11
183.44
21
-95.8503
0
LINE
8
BLACK
6
CONTINUOUS
10
183.44
20
-95.8503
11
183.438
21
-95.8565
0
LINE
8
BLACK
6
CONTINUOUS
10
183.438
20
-95.8565
11
183.433
21
-95.8722
0
LINE
8
BLACK
6
CONTINUOUS
10
183.433
20
-95.8722
11
183.428
21
-95.8858
0
LINE
8
BLACK
6
CONTINUOUS
10
183.428
20
-95.8858
11
183.427
21
-95.8907
0
LINE
8
BLACK
6
CONTINUOUS
10
183.427
20
-95.8907
11
183.427
21
-95.8907
0
LINE
8
BLACK
6
CONTINUOUS
10
183.427
20
-95.8907
11
183.424
21
-95.9039
0
LINE
8
BLACK
6
CONTINUOUS
10
183.424
20
-95.9039
11
183.42
21
-95.9192
0
LINE
8
BLACK
6
CONTINUOUS
10
183.42
20
-95.9192
11
183.414
21
-95.9367
0
LINE
8
BLACK
6
CONTINUOUS
10
183.414
20
-95.9367
11
183.402
21
-96.0048
0
LINE
8
BLACK
6
CONTINUOUS
10
183.402
20
-96.0048
11
183.401
21
-96.0127
0
LINE
8
BLACK
6
CONTINUOUS
10
183.401
20
-96.0127
11
183.385
21
-96.0764
0
LINE
8
BLACK
6
CONTINUOUS
10
183.385
20
-96.0764
11
183.385
21
-96.0813
0
LINE
8
BLACK
6
CONTINUOUS
10
183.385
20
-96.0813
11
183.384
21
-96.0905
0
LINE
8
BLACK
6
CONTINUOUS
10
183.384
20
-96.0905
11
183.382
21
-96.1064
0
LINE
8
BLACK
6
CONTINUOUS
10
183.382
20
-96.1064
11
183.379
21
-96.1234
0
LINE
8
BLACK
6
CONTINUOUS
10
183.379
20
-96.1234
11
183.378
21
-96.1284
0
LINE
8
BLACK
6
CONTINUOUS
10
183.378
20
-96.1284
11
183.378
21
-96.1284
0
LINE
8
BLACK
6
CONTINUOUS
10
183.378
20
-96.1284
11
183.378
21
-96.1419
0
LINE
8
BLACK
6
CONTINUOUS
10
183.378
20
-96.1419
11
183.376
21
-96.1576
0
LINE
8
BLACK
6
CONTINUOUS
10
183.376
20
-96.1576
11
183.373
21
-96.1759
0
LINE
8
BLACK
6
CONTINUOUS
10
183.373
20
-96.1759
11
183.371
21
-96.205
0
LINE
8
BLACK
6
CONTINUOUS
10
183.371
20
-96.205
11
183.371
21
-96.2488
0
LINE
8
BLACK
6
CONTINUOUS
10
183.371
20
-96.2488
11
183.371
21
-96.2587
0
LINE
8
BLACK
6
CONTINUOUS
10
183.371
20
-96.2587
11
183.367
21
-96.3131
0
LINE
8
BLACK
6
CONTINUOUS
10
183.367
20
-96.3131
11
183.367
21
-96.318
0
LINE
8
BLACK
6
CONTINUOUS
10
183.367
20
-96.318
11
183.367
21
-96.318
0
LINE
8
BLACK
6
CONTINUOUS
10
183.367
20
-96.318
11
183.368
21
-96.3301
0
LINE
8
BLACK
6
CONTINUOUS
10
183.368
20
-96.3301
11
183.368
21
-96.3457
0
LINE
8
BLACK
6
CONTINUOUS
10
183.368
20
-96.3457
11
183.368
21
-96.3608
0
LINE
8
BLACK
6
CONTINUOUS
10
183.368
20
-96.3608
11
183.368
21
-96.3608
0
LINE
8
BLACK
6
CONTINUOUS
10
183.368
20
-96.3608
11
183.368
21
-96.3659
0
LINE
8
BLACK
6
CONTINUOUS
10
183.368
20
-96.3659
11
183.368
21
-96.3709
0
LINE
8
BLACK
6
CONTINUOUS
10
183.368
20
-96.3709
11
183.368
21
-96.3709
0
LINE
8
BLACK
6
CONTINUOUS
10
183.368
20
-96.3709
11
183.371
21
-96.3931
0
LINE
8
BLACK
6
CONTINUOUS
10
183.371
20
-96.3931
11
183.371
21
-96.4076
0
LINE
8
BLACK
6
CONTINUOUS
10
183.371
20
-96.4076
11
183.371
21
-102.733
0
LINE
8
BLACK
6
CONTINUOUS
10
183.371
20
-102.733
11
183.351
21
-102.801
0
LINE
8
BLACK
6
CONTINUOUS
10
183.351
20
-102.801
11
183.335
21
-102.822
0
LINE
8
BLACK
6
CONTINUOUS
10
183.335
20
-102.822
11
179.29
21
-106.866
0
LINE
8
BLACK
6
CONTINUOUS
10
179.29
20
-106.866
11
179.288
21
-106.869
0
LINE
8
BLACK
6
CONTINUOUS
10
179.288
20
-106.869
11
179.223
21
-106.93
0
LINE
8
BLACK
6
CONTINUOUS
10
179.223
20
-106.93
11
179.215
21
-106.937
0
LINE
8
BLACK
6
CONTINUOUS
10
179.215
20
-106.937
11
179.191
21
-106.969
0
LINE
8
BLACK
6
CONTINUOUS
10
179.191
20
-106.969
11
179.168
21
-107
0
LINE
8
BLACK
6
CONTINUOUS
10
179.168
20
-107
11
179.163
21
-107.005
0
LINE
8
BLACK
6
CONTINUOUS
10
179.163
20
-107.005
11
179.116
21
-107.061
0
LINE
8
BLACK
6
CONTINUOUS
10
179.116
20
-107.061
11
179.113
21
-107.065
0
LINE
8
BLACK
6
CONTINUOUS
10
179.113
20
-107.065
11
179.11
21
-107.069
0
LINE
8
BLACK
6
CONTINUOUS
10
179.11
20
-107.069
11
179.11
21
-107.069
0
LINE
8
BLACK
6
CONTINUOUS
10
179.11
20
-107.069
11
179.096
21
-107.093
0
LINE
8
BLACK
6
CONTINUOUS
10
179.096
20
-107.093
11
179.088
21
-107.104
0
LINE
8
BLACK
6
CONTINUOUS
10
179.088
20
-107.104
11
179.068
21
-107.13
0
LINE
8
BLACK
6
CONTINUOUS
10
179.068
20
-107.13
11
179.065
21
-107.135
0
LINE
8
BLACK
6
CONTINUOUS
10
179.065
20
-107.135
11
179.065
21
-107.135
0
LINE
8
BLACK
6
CONTINUOUS
10
179.065
20
-107.135
11
179.031
21
-107.199
0
LINE
8
BLACK
6
CONTINUOUS
10
179.031
20
-107.199
11
179.027
21
-107.205
0
LINE
8
BLACK
6
CONTINUOUS
10
179.027
20
-107.205
11
178.987
21
-107.272
0
LINE
8
BLACK
6
CONTINUOUS
10
178.987
20
-107.272
11
178.985
21
-107.277
0
LINE
8
BLACK
6
CONTINUOUS
10
178.985
20
-107.277
11
178.974
21
-107.303
0
LINE
8
BLACK
6
CONTINUOUS
10
178.974
20
-107.303
11
178.969
21
-107.315
0
LINE
8
BLACK
6
CONTINUOUS
10
178.969
20
-107.315
11
178.953
21
-107.344
0
LINE
8
BLACK
6
CONTINUOUS
10
178.953
20
-107.344
11
178.952
21
-107.349
0
LINE
8
BLACK
6
CONTINUOUS
10
178.952
20
-107.349
11
178.952
21
-107.349
0
LINE
8
BLACK
6
CONTINUOUS
10
178.952
20
-107.349
11
178.928
21
-107.418
0
LINE
8
BLACK
6
CONTINUOUS
10
178.928
20
-107.418
11
178.925
21
-107.425
0
LINE
8
BLACK
6
CONTINUOUS
10
178.925
20
-107.425
11
178.896
21
-107.497
0
LINE
8
BLACK
6
CONTINUOUS
10
178.896
20
-107.497
11
178.895
21
-107.502
0
LINE
8
BLACK
6
CONTINUOUS
10
178.895
20
-107.502
11
178.889
21
-107.529
0
LINE
8
BLACK
6
CONTINUOUS
10
178.889
20
-107.529
11
178.885
21
-107.543
0
LINE
8
BLACK
6
CONTINUOUS
10
178.885
20
-107.543
11
178.874
21
-107.574
0
LINE
8
BLACK
6
CONTINUOUS
10
178.874
20
-107.574
11
178.861
21
-107.651
0
LINE
8
BLACK
6
CONTINUOUS
10
178.861
20
-107.651
11
178.859
21
-107.658
0
LINE
8
BLACK
6
CONTINUOUS
10
178.859
20
-107.658
11
178.842
21
-107.734
0
LINE
8
BLACK
6
CONTINUOUS
10
178.842
20
-107.734
11
178.84
21
-107.767
0
LINE
8
BLACK
6
CONTINUOUS
10
178.84
20
-107.767
11
178.838
21
-107.78
0
LINE
8
BLACK
6
CONTINUOUS
10
178.838
20
-107.78
11
178.833
21
-107.813
0
LINE
8
BLACK
6
CONTINUOUS
10
178.833
20
-107.813
11
178.832
21
-107.842
0
LINE
8
BLACK
6
CONTINUOUS
10
178.832
20
-107.842
11
178.832
21
-107.898
0
LINE
8
BLACK
6
CONTINUOUS
10
178.832
20
-107.898
11
178.831
21
-107.906
0
LINE
8
BLACK
6
CONTINUOUS
10
178.831
20
-107.906
11
178.827
21
-107.976
0
LINE
8
BLACK
6
CONTINUOUS
10
178.827
20
-107.976
11
178.829
21
-107.999
0
LINE
8
BLACK
6
CONTINUOUS
10
178.829
20
-107.999
11
178.831
21
-108.018
0
LINE
8
BLACK
6
CONTINUOUS
10
178.831
20
-108.018
11
178.832
21
-108.03
0
LINE
8
BLACK
6
CONTINUOUS
10
178.832
20
-108.03
11
178.832
21
-110.698
0
LINE
8
BLACK
6
CONTINUOUS
10
178.832
20
-110.698
11
178.811
21
-110.766
0
LINE
8
BLACK
6
CONTINUOUS
10
178.811
20
-110.766
11
178.79
21
-110.789
0
LINE
8
BLACK
6
CONTINUOUS
10
178.79
20
-110.789
11
178.79
21
-110.79
0
LINE
8
BLACK
6
CONTINUOUS
10
178.79
20
-110.79
11
178.784
21
-110.796
0
LINE
8
BLACK
6
CONTINUOUS
10
178.784
20
-110.796
11
178.777
21
-110.802
0
LINE
8
BLACK
6
CONTINUOUS
10
178.777
20
-110.802
11
178.689
21
-110.918
0
LINE
8
BLACK
6
CONTINUOUS
10
178.689
20
-110.918
11
178.638
21
-111.055
0
LINE
8
BLACK
6
CONTINUOUS
10
178.638
20
-111.055
11
178.631
21
-111.117
0
LINE
8
BLACK
6
CONTINUOUS
10
178.631
20
-111.117
11
178.631
21
-112.595
0
LINE
8
BLACK
6
CONTINUOUS
10
178.631
20
-112.595
11
178.611
21
-112.663
0
LINE
8
BLACK
6
CONTINUOUS
10
178.611
20
-112.663
11
178.595
21
-112.684
0
LINE
8
BLACK
6
CONTINUOUS
10
178.595
20
-112.684
11
175.226
21
-116.053
0
LINE
8
BLACK
6
CONTINUOUS
10
175.226
20
-116.053
11
175.215
21
-116.062
0
LINE
8
BLACK
6
CONTINUOUS
10
175.215
20
-116.062
11
175.186
21
-116.086
0
LINE
8
BLACK
6
CONTINUOUS
10
175.186
20
-116.086
11
175.182
21
-116.091
0
LINE
8
BLACK
6
CONTINUOUS
10
175.182
20
-116.091
11
175.154
21
-116.124
0
LINE
8
BLACK
6
CONTINUOUS
10
175.154
20
-116.124
11
175.151
21
-116.128
0
LINE
8
BLACK
6
CONTINUOUS
10
175.151
20
-116.128
11
175.149
21
-116.13
0
LINE
8
BLACK
6
CONTINUOUS
10
175.149
20
-116.13
11
175.147
21
-116.132
0
LINE
8
BLACK
6
CONTINUOUS
10
175.147
20
-116.132
11
175.119
21
-116.165
0
LINE
8
BLACK
6
CONTINUOUS
10
175.119
20
-116.165
11
175.119
21
-116.166
0
LINE
8
BLACK
6
CONTINUOUS
10
175.119
20
-116.166
11
175.059
21
-116.237
0
LINE
8
BLACK
6
CONTINUOUS
10
175.059
20
-116.237
11
175.056
21
-116.242
0
LINE
8
BLACK
6
CONTINUOUS
10
175.056
20
-116.242
11
175.053
21
-116.246
0
LINE
8
BLACK
6
CONTINUOUS
10
175.053
20
-116.246
11
175.025
21
-116.298
0
LINE
8
BLACK
6
CONTINUOUS
10
175.025
20
-116.298
11
175.009
21
-116.328
0
LINE
8
BLACK
6
CONTINUOUS
10
175.009
20
-116.328
11
175.008
21
-116.329
0
LINE
8
BLACK
6
CONTINUOUS
10
175.008
20
-116.329
11
174.967
21
-116.405
0
LINE
8
BLACK
6
CONTINUOUS
10
174.967
20
-116.405
11
174.967
21
-116.405
0
LINE
8
BLACK
6
CONTINUOUS
10
174.967
20
-116.405
11
174.964
21
-116.411
0
LINE
8
BLACK
6
CONTINUOUS
10
174.964
20
-116.411
11
174.962
21
-116.416
0
LINE
8
BLACK
6
CONTINUOUS
10
174.962
20
-116.416
11
174.959
21
-116.421
0
LINE
8
BLACK
6
CONTINUOUS
10
174.959
20
-116.421
11
174.932
21
-116.51
0
LINE
8
BLACK
6
CONTINUOUS
10
174.932
20
-116.51
11
174.932
21
-116.511
0
LINE
8
BLACK
6
CONTINUOUS
10
174.932
20
-116.511
11
174.904
21
-116.599
0
LINE
8
BLACK
6
CONTINUOUS
10
174.904
20
-116.599
11
174.903
21
-116.605
0
LINE
8
BLACK
6
CONTINUOUS
10
174.903
20
-116.605
11
174.902
21
-116.61
0
LINE
8
BLACK
6
CONTINUOUS
10
174.902
20
-116.61
11
174.898
21
-116.649
0
LINE
8
BLACK
6
CONTINUOUS
10
174.898
20
-116.649
11
174.892
21
-116.702
0
LINE
8
BLACK
6
CONTINUOUS
10
174.892
20
-116.702
11
174.892
21
-116.703
0
LINE
8
BLACK
6
CONTINUOUS
10
174.892
20
-116.703
11
174.886
21
-116.753
0
LINE
8
BLACK
6
CONTINUOUS
10
174.886
20
-116.753
11
174.886
21
-116.757
0
LINE
8
BLACK
6
CONTINUOUS
10
174.886
20
-116.757
11
174.886
21
-116.758
0
LINE
8
BLACK
6
CONTINUOUS
10
174.886
20
-116.758
11
174.886
21
-116.763
0
LINE
8
BLACK
6
CONTINUOUS
10
174.886
20
-116.763
11
174.882
21
-116.806
0
LINE
8
BLACK
6
CONTINUOUS
10
174.882
20
-116.806
11
174.883
21
-116.826
0
LINE
8
BLACK
6
CONTINUOUS
10
174.883
20
-116.826
11
174.886
21
-116.852
0
LINE
8
BLACK
6
CONTINUOUS
10
174.886
20
-116.852
11
174.886
21
-116.864
0
LINE
8
BLACK
6
CONTINUOUS
10
174.886
20
-116.864
11
174.886
21
-122.085
0
LINE
8
BLACK
6
CONTINUOUS
10
174.886
20
-122.085
11
174.866
21
-122.153
0
LINE
8
BLACK
6
CONTINUOUS
10
174.866
20
-122.153
11
174.85
21
-122.174
0
LINE
8
BLACK
6
CONTINUOUS
10
174.85
20
-122.174
11
171.704
21
-125.32
0
LINE
8
BLACK
6
CONTINUOUS
10
171.704
20
-125.32
11
171.642
21
-125.354
0
LINE
8
BLACK
6
CONTINUOUS
10
171.642
20
-125.354
11
171.615
21
-125.356
0
LINE
8
BLACK
6
CONTINUOUS
10
171.615
20
-125.356
11
165.346
21
-125.356
0
LINE
8
BLACK
6
CONTINUOUS
10
165.346
20
-125.356
11
165.273
21
-125.334
0
LINE
8
BLACK
6
CONTINUOUS
10
165.273
20
-125.334
11
165.158
21
-125.253
0
LINE
8
BLACK
6
CONTINUOUS
10
165.158
20
-125.253
11
165.122
21
-125.227
0
LINE
8
BLACK
6
CONTINUOUS
10
165.122
20
-125.227
11
165.117
21
-125.225
0
LINE
8
BLACK
6
CONTINUOUS
10
165.117
20
-125.225
11
165.117
21
-125.225
0
LINE
8
BLACK
6
CONTINUOUS
10
165.117
20
-125.225
11
164.919
21
-125.133
0
LINE
8
BLACK
6
CONTINUOUS
10
164.919
20
-125.133
11
164.919
21
-125.133
0
LINE
8
BLACK
6
CONTINUOUS
10
164.919
20
-125.133
11
164.914
21
-125.131
0
LINE
8
BLACK
6
CONTINUOUS
10
164.914
20
-125.131
11
164.909
21
-125.129
0
LINE
8
BLACK
6
CONTINUOUS
10
164.909
20
-125.129
11
164.909
21
-125.129
0
LINE
8
BLACK
6
CONTINUOUS
10
164.909
20
-125.129
11
164.698
21
-125.073
0
LINE
8
BLACK
6
CONTINUOUS
10
164.698
20
-125.073
11
164.698
21
-125.073
0
LINE
8
BLACK
6
CONTINUOUS
10
164.698
20
-125.073
11
164.693
21
-125.071
0
LINE
8
BLACK
6
CONTINUOUS
10
164.693
20
-125.071
11
164.465
21
-125.052
0
LINE
8
BLACK
6
CONTINUOUS
10
164.465
20
-125.052
11
164.237
21
-125.071
0
LINE
8
BLACK
6
CONTINUOUS
10
164.237
20
-125.071
11
164.232
21
-125.073
0
LINE
8
BLACK
6
CONTINUOUS
10
164.232
20
-125.073
11
164.232
21
-125.073
0
LINE
8
BLACK
6
CONTINUOUS
10
164.232
20
-125.073
11
164.021
21
-125.129
0
LINE
8
BLACK
6
CONTINUOUS
10
164.021
20
-125.129
11
164.021
21
-125.129
0
LINE
8
BLACK
6
CONTINUOUS
10
164.021
20
-125.129
11
164.016
21
-125.131
0
LINE
8
BLACK
6
CONTINUOUS
10
164.016
20
-125.131
11
164.011
21
-125.133
0
LINE
8
BLACK
6
CONTINUOUS
10
164.011
20
-125.133
11
164.011
21
-125.133
0
LINE
8
BLACK
6
CONTINUOUS
10
164.011
20
-125.133
11
163.813
21
-125.225
0
LINE
8
BLACK
6
CONTINUOUS
10
163.813
20
-125.225
11
163.813
21
-125.225
0
LINE
8
BLACK
6
CONTINUOUS
10
163.813
20
-125.225
11
163.808
21
-125.227
0
LINE
8
BLACK
6
CONTINUOUS
10
163.808
20
-125.227
11
163.772
21
-125.253
0
LINE
8
BLACK
6
CONTINUOUS
10
163.772
20
-125.253
11
163.625
21
-125.356
0
LINE
8
BLACK
6
CONTINUOUS
10
163.625
20
-125.356
11
163.625
21
-125.356
0
LINE
8
BLACK
6
CONTINUOUS
10
163.625
20
-125.356
11
163.621
21
-125.359
0
LINE
8
BLACK
6
CONTINUOUS
10
163.621
20
-125.359
11
163.459
21
-125.521
0
LINE
8
BLACK
6
CONTINUOUS
10
163.459
20
-125.521
11
163.456
21
-125.525
0
LINE
8
BLACK
6
CONTINUOUS
10
163.456
20
-125.525
11
163.456
21
-125.525
0
LINE
8
BLACK
6
CONTINUOUS
10
163.456
20
-125.525
11
163.401
21
-125.603
0
LINE
8
BLACK
6
CONTINUOUS
10
163.401
20
-125.603
11
163.327
21
-125.708
0
LINE
8
BLACK
6
CONTINUOUS
10
163.327
20
-125.708
11
163.325
21
-125.713
0
LINE
8
BLACK
6
CONTINUOUS
10
163.325
20
-125.713
11
163.325
21
-125.713
0
LINE
8
BLACK
6
CONTINUOUS
10
163.325
20
-125.713
11
163.285
21
-125.8
0
LINE
8
BLACK
6
CONTINUOUS
10
163.285
20
-125.8
11
163.231
21
-125.916
0
LINE
8
BLACK
6
CONTINUOUS
10
163.231
20
-125.916
11
163.229
21
-125.921
0
LINE
8
BLACK
6
CONTINUOUS
10
163.229
20
-125.921
11
163.229
21
-125.921
0
LINE
8
BLACK
6
CONTINUOUS
10
163.229
20
-125.921
11
163.182
21
-126.098
0
LINE
8
BLACK
6
CONTINUOUS
10
163.182
20
-126.098
11
163.171
21
-126.137
0
LINE
8
BLACK
6
CONTINUOUS
10
163.171
20
-126.137
11
163.152
21
-126.365
0
LINE
8
BLACK
6
CONTINUOUS
10
163.152
20
-126.365
11
163.152
21
-126.37
0
LINE
8
BLACK
6
CONTINUOUS
10
163.152
20
-126.37
11
163.17
21
-126.581
0
LINE
8
BLACK
6
CONTINUOUS
10
120.523
20
-109.433
11
120.523
21
-108.387
0
LINE
8
BLACK
6
CONTINUOUS
10
120.523
20
-108.387
11
120.033
21
-108.387
0
LINE
8
BLACK
6
CONTINUOUS
10
120.033
20
-108.387
11
120.018
21
-108.392
0
LINE
8
BLACK
6
CONTINUOUS
10
120.018
20
-108.392
11
120.017
21
-108.393
0
LINE
8
BLACK
6
CONTINUOUS
10
120.017
20
-108.393
11
120.015
21
-108.401
0
LINE
8
BLACK
6
CONTINUOUS
10
120.015
20
-108.401
11
120.015
21
-109.478
0
LINE
8
BLACK
6
CONTINUOUS
10
120.015
20
-109.478
11
120.015
21
-109.485
0
LINE
8
BLACK
6
CONTINUOUS
10
120.015
20
-109.485
11
120.021
21
-109.535
0
LINE
8
BLACK
6
CONTINUOUS
10
120.021
20
-109.535
11
120.025
21
-109.551
0
LINE
8
BLACK
6
CONTINUOUS
10
120.025
20
-109.551
11
120.07
21
-109.671
0
LINE
8
BLACK
6
CONTINUOUS
10
120.07
20
-109.671
11
120.078
21
-109.687
0
LINE
8
BLACK
6
CONTINUOUS
10
120.078
20
-109.687
11
120.155
21
-109.789
0
LINE
8
BLACK
6
CONTINUOUS
10
120.155
20
-109.789
11
120.167
21
-109.801
0
LINE
8
BLACK
6
CONTINUOUS
10
120.167
20
-109.801
11
120.269
21
-109.878
0
LINE
8
BLACK
6
CONTINUOUS
10
120.269
20
-109.878
11
120.285
21
-109.886
0
LINE
8
BLACK
6
CONTINUOUS
10
120.285
20
-109.886
11
120.405
21
-109.932
0
LINE
8
BLACK
6
CONTINUOUS
10
120.405
20
-109.932
11
120.421
21
-109.935
0
LINE
8
BLACK
6
CONTINUOUS
10
120.421
20
-109.935
11
120.472
21
-109.941
0
LINE
8
BLACK
6
CONTINUOUS
10
120.472
20
-109.941
11
120.478
21
-109.941
0
LINE
8
BLACK
6
CONTINUOUS
10
120.478
20
-109.941
11
121.551
21
-109.941
0
LINE
8
BLACK
6
CONTINUOUS
10
121.551
20
-109.941
11
121.566
21
-109.937
0
LINE
8
BLACK
6
CONTINUOUS
10
121.566
20
-109.937
11
121.567
21
-109.935
0
LINE
8
BLACK
6
CONTINUOUS
10
121.567
20
-109.935
11
121.569
21
-109.928
0
LINE
8
BLACK
6
CONTINUOUS
10
121.569
20
-109.928
11
121.569
21
-109.433
0
LINE
8
BLACK
6
CONTINUOUS
10
121.569
20
-109.433
11
120.523
21
-109.433
0
LINE
8
BLACK
6
CONTINUOUS
10
166.641
20
-110.75
11
166.659
21
-110.748
0
LINE
8
BLACK
6
CONTINUOUS
10
166.659
20
-110.748
11
166.669
21
-110.745
0
LINE
8
BLACK
6
CONTINUOUS
10
166.669
20
-110.745
11
166.881
21
-110.682
0
LINE
8
BLACK
6
CONTINUOUS
10
166.881
20
-110.682
11
166.89
21
-110.678
0
LINE
8
BLACK
6
CONTINUOUS
10
166.89
20
-110.678
11
167.089
21
-110.581
0
LINE
8
BLACK
6
CONTINUOUS
10
167.089
20
-110.581
11
167.098
21
-110.576
0
LINE
8
BLACK
6
CONTINUOUS
10
167.098
20
-110.576
11
167.278
21
-110.447
0
LINE
8
BLACK
6
CONTINUOUS
10
167.278
20
-110.447
11
167.286
21
-110.44
0
LINE
8
BLACK
6
CONTINUOUS
10
167.286
20
-110.44
11
167.442
21
-110.284
0
LINE
8
BLACK
6
CONTINUOUS
10
167.442
20
-110.284
11
167.449
21
-110.276
0
LINE
8
BLACK
6
CONTINUOUS
10
167.449
20
-110.276
11
167.578
21
-110.097
0
LINE
8
BLACK
6
CONTINUOUS
10
167.578
20
-110.097
11
167.583
21
-110.088
0
LINE
8
BLACK
6
CONTINUOUS
10
167.583
20
-110.088
11
167.681
21
-109.89
0
LINE
8
BLACK
6
CONTINUOUS
10
167.681
20
-109.89
11
167.685
21
-109.88
0
LINE
8
BLACK
6
CONTINUOUS
10
167.685
20
-109.88
11
167.749
21
-109.669
0
LINE
8
BLACK
6
CONTINUOUS
10
167.749
20
-109.669
11
167.752
21
-109.658
0
LINE
8
BLACK
6
CONTINUOUS
10
167.752
20
-109.658
11
167.754
21
-109.637
0
LINE
8
BLACK
6
CONTINUOUS
10
167.754
20
-109.637
11
167.754
21
-109.633
0
LINE
8
BLACK
6
CONTINUOUS
10
167.754
20
-109.633
11
167.752
21
-109.623
0
LINE
8
BLACK
6
CONTINUOUS
10
167.752
20
-109.623
11
167.739
21
-109.619
0
LINE
8
BLACK
6
CONTINUOUS
10
167.739
20
-109.619
11
167.229
21
-109.619
0
LINE
8
BLACK
6
CONTINUOUS
10
167.229
20
-109.619
11
167.192
21
-109.731
0
LINE
8
BLACK
6
CONTINUOUS
10
167.192
20
-109.731
11
167.098
21
-109.894
0
LINE
8
BLACK
6
CONTINUOUS
10
167.098
20
-109.894
11
166.972
21
-110.034
0
LINE
8
BLACK
6
CONTINUOUS
10
166.972
20
-110.034
11
166.82
21
-110.144
0
LINE
8
BLACK
6
CONTINUOUS
10
166.82
20
-110.144
11
166.648
21
-110.221
0
LINE
8
BLACK
6
CONTINUOUS
10
166.648
20
-110.221
11
166.624
21
-110.226
0
LINE
8
BLACK
6
CONTINUOUS
10
166.624
20
-110.226
11
166.624
21
-110.734
0
LINE
8
BLACK
6
CONTINUOUS
10
166.624
20
-110.734
11
166.628
21
-110.748
0
LINE
8
BLACK
6
CONTINUOUS
10
166.628
20
-110.748
11
166.641
21
-110.75
0
LINE
8
BLACK
6
CONTINUOUS
10
164.998
20
-109.111
11
165.511
21
-109.111
0
LINE
8
BLACK
6
CONTINUOUS
10
165.511
20
-109.111
11
165.548
21
-108.999
0
LINE
8
BLACK
6
CONTINUOUS
10
165.548
20
-108.999
11
165.642
21
-108.836
0
LINE
8
BLACK
6
CONTINUOUS
10
165.642
20
-108.836
11
165.768
21
-108.696
0
LINE
8
BLACK
6
CONTINUOUS
10
165.768
20
-108.696
11
165.92
21
-108.586
0
LINE
8
BLACK
6
CONTINUOUS
10
165.92
20
-108.586
11
166.092
21
-108.509
0
LINE
8
BLACK
6
CONTINUOUS
10
166.092
20
-108.509
11
166.116
21
-108.504
0
LINE
8
BLACK
6
CONTINUOUS
10
166.116
20
-108.504
11
166.116
21
-107.998
0
LINE
8
BLACK
6
CONTINUOUS
10
166.116
20
-107.998
11
166.112
21
-107.984
0
LINE
8
BLACK
6
CONTINUOUS
10
166.112
20
-107.984
11
166.098
21
-107.982
0
LINE
8
BLACK
6
CONTINUOUS
10
166.098
20
-107.982
11
166.048
21
-107.99
0
LINE
8
BLACK
6
CONTINUOUS
10
166.048
20
-107.99
11
166.038
21
-107.992
0
LINE
8
BLACK
6
CONTINUOUS
10
166.038
20
-107.992
11
165.827
21
-108.061
0
LINE
8
BLACK
6
CONTINUOUS
10
165.827
20
-108.061
11
165.818
21
-108.065
0
LINE
8
BLACK
6
CONTINUOUS
10
165.818
20
-108.065
11
165.622
21
-108.167
0
LINE
8
BLACK
6
CONTINUOUS
10
165.622
20
-108.167
11
165.613
21
-108.173
0
LINE
8
BLACK
6
CONTINUOUS
10
165.613
20
-108.173
11
165.436
21
-108.305
0
LINE
8
BLACK
6
CONTINUOUS
10
165.436
20
-108.305
11
165.428
21
-108.312
0
LINE
8
BLACK
6
CONTINUOUS
10
165.428
20
-108.312
11
165.276
21
-108.472
0
LINE
8
BLACK
6
CONTINUOUS
10
165.276
20
-108.472
11
165.269
21
-108.48
0
LINE
8
BLACK
6
CONTINUOUS
10
165.269
20
-108.48
11
165.144
21
-108.663
0
LINE
8
BLACK
6
CONTINUOUS
10
165.144
20
-108.663
11
165.139
21
-108.672
0
LINE
8
BLACK
6
CONTINUOUS
10
165.139
20
-108.672
11
165.046
21
-108.872
0
LINE
8
BLACK
6
CONTINUOUS
10
165.046
20
-108.872
11
165.043
21
-108.882
0
LINE
8
BLACK
6
CONTINUOUS
10
165.043
20
-108.882
11
164.984
21
-109.095
0
LINE
8
BLACK
6
CONTINUOUS
10
164.984
20
-109.095
11
164.983
21
-109.096
0
LINE
8
BLACK
6
CONTINUOUS
10
164.983
20
-109.096
11
164.986
21
-109.108
0
LINE
8
BLACK
6
CONTINUOUS
10
164.986
20
-109.108
11
164.998
21
-109.111
0
LINE
8
BLACK
6
CONTINUOUS
10
120.021
20
-107.877
11
120.029
21
-107.879
0
LINE
8
BLACK
6
CONTINUOUS
10
120.029
20
-107.879
11
120.523
21
-107.879
0
LINE
8
BLACK
6
CONTINUOUS
10
120.523
20
-107.879
11
120.523
21
-106.833
0
LINE
8
BLACK
6
CONTINUOUS
10
120.523
20
-106.833
11
121.569
21
-106.833
0
LINE
8
BLACK
6
CONTINUOUS
10
121.569
20
-106.833
11
121.569
21
-106.343
0
LINE
8
BLACK
6
CONTINUOUS
10
121.569
20
-106.343
11
121.565
21
-106.328
0
LINE
8
BLACK
6
CONTINUOUS
10
121.565
20
-106.328
11
121.563
21
-106.327
0
LINE
8
BLACK
6
CONTINUOUS
10
121.563
20
-106.327
11
121.555
21
-106.325
0
LINE
8
BLACK
6
CONTINUOUS
10
121.555
20
-106.325
11
120.478
21
-106.325
0
LINE
8
BLACK
6
CONTINUOUS
10
120.478
20
-106.325
11
120.472
21
-106.325
0
LINE
8
BLACK
6
CONTINUOUS
10
120.472
20
-106.325
11
120.421
21
-106.331
0
LINE
8
BLACK
6
CONTINUOUS
10
120.421
20
-106.331
11
120.405
21
-106.335
0
LINE
8
BLACK
6
CONTINUOUS
10
120.405
20
-106.335
11
120.285
21
-106.38
0
LINE
8
BLACK
6
CONTINUOUS
10
120.285
20
-106.38
11
120.269
21
-106.388
0
LINE
8
BLACK
6
CONTINUOUS
10
120.269
20
-106.388
11
120.167
21
-106.465
0
LINE
8
BLACK
6
CONTINUOUS
10
120.167
20
-106.465
11
120.155
21
-106.477
0
LINE
8
BLACK
6
CONTINUOUS
10
120.155
20
-106.477
11
120.078
21
-106.579
0
LINE
8
BLACK
6
CONTINUOUS
10
120.078
20
-106.579
11
120.07
21
-106.595
0
LINE
8
BLACK
6
CONTINUOUS
10
120.07
20
-106.595
11
120.025
21
-106.715
0
LINE
8
BLACK
6
CONTINUOUS
10
120.025
20
-106.715
11
120.021
21
-106.731
0
LINE
8
BLACK
6
CONTINUOUS
10
120.021
20
-106.731
11
120.015
21
-106.782
0
LINE
8
BLACK
6
CONTINUOUS
10
120.015
20
-106.782
11
120.015
21
-106.788
0
LINE
8
BLACK
6
CONTINUOUS
10
120.015
20
-106.788
11
120.015
21
-107.861
0
LINE
8
BLACK
6
CONTINUOUS
10
120.015
20
-107.861
11
120.019
21
-107.876
0
LINE
8
BLACK
6
CONTINUOUS
10
120.019
20
-107.876
11
120.021
21
-107.877
0
LINE
8
BLACK
6
CONTINUOUS
10
167.705
20
-108.905
11
167.617
21
-108.702
0
LINE
8
BLACK
6
CONTINUOUS
10
167.617
20
-108.702
11
167.612
21
-108.693
0
LINE
8
BLACK
6
CONTINUOUS
10
167.612
20
-108.693
11
167.492
21
-108.507
0
LINE
8
BLACK
6
CONTINUOUS
10
167.492
20
-108.507
11
167.486
21
-108.499
0
LINE
8
BLACK
6
CONTINUOUS
10
167.486
20
-108.499
11
167.337
21
-108.336
0
LINE
8
BLACK
6
CONTINUOUS
10
167.337
20
-108.336
11
167.329
21
-108.329
0
LINE
8
BLACK
6
CONTINUOUS
10
167.329
20
-108.329
11
167.156
21
-108.191
0
LINE
8
BLACK
6
CONTINUOUS
10
167.156
20
-108.191
11
167.147
21
-108.186
0
LINE
8
BLACK
6
CONTINUOUS
10
167.147
20
-108.186
11
166.954
21
-108.079
0
LINE
8
BLACK
6
CONTINUOUS
10
166.954
20
-108.079
11
166.944
21
-108.075
0
LINE
8
BLACK
6
CONTINUOUS
10
166.944
20
-108.075
11
166.736
21
-108.001
0
LINE
8
BLACK
6
CONTINUOUS
10
166.736
20
-108.001
11
166.726
21
-107.998
0
LINE
8
BLACK
6
CONTINUOUS
10
166.726
20
-107.998
11
166.642
21
-107.983
0
LINE
8
BLACK
6
CONTINUOUS
10
166.642
20
-107.983
11
166.629
21
-107.985
0
LINE
8
BLACK
6
CONTINUOUS
10
166.629
20
-107.985
11
166.624
21
-107.999
0
LINE
8
BLACK
6
CONTINUOUS
10
166.624
20
-107.999
11
166.624
21
-108.504
0
LINE
8
BLACK
6
CONTINUOUS
10
166.624
20
-108.504
11
166.648
21
-108.509
0
LINE
8
BLACK
6
CONTINUOUS
10
166.648
20
-108.509
11
166.82
21
-108.586
0
LINE
8
BLACK
6
CONTINUOUS
10
166.82
20
-108.586
11
166.972
21
-108.696
0
LINE
8
BLACK
6
CONTINUOUS
10
166.972
20
-108.696
11
167.098
21
-108.836
0
LINE
8
BLACK
6
CONTINUOUS
10
167.098
20
-108.836
11
167.192
21
-108.999
0
LINE
8
BLACK
6
CONTINUOUS
10
167.192
20
-108.999
11
167.229
21
-109.111
0
LINE
8
BLACK
6
CONTINUOUS
10
167.229
20
-109.111
11
167.74
21
-109.111
0
LINE
8
BLACK
6
CONTINUOUS
10
167.74
20
-109.111
11
167.753
21
-109.107
0
LINE
8
BLACK
6
CONTINUOUS
10
167.753
20
-109.107
11
167.755
21
-109.098
0
LINE
8
BLACK
6
CONTINUOUS
10
167.755
20
-109.098
11
167.754
21
-109.096
0
LINE
8
BLACK
6
CONTINUOUS
10
167.754
20
-109.096
11
167.709
21
-108.915
0
LINE
8
BLACK
6
CONTINUOUS
10
167.709
20
-108.915
11
167.705
21
-108.905
0
LINE
8
BLACK
6
CONTINUOUS
10
132.267
20
-112.9
11
132.355
21
-113.016
0
LINE
8
BLACK
6
CONTINUOUS
10
132.355
20
-113.016
11
132.471
21
-113.104
0
LINE
8
BLACK
6
CONTINUOUS
10
132.471
20
-113.104
11
132.608
21
-113.155
0
LINE
8
BLACK
6
CONTINUOUS
10
132.608
20
-113.155
11
132.67
21
-113.162
0
LINE
8
BLACK
6
CONTINUOUS
10
132.67
20
-113.162
11
134.966
21
-113.162
0
LINE
8
BLACK
6
CONTINUOUS
10
134.966
20
-113.162
11
135.028
21
-113.155
0
LINE
8
BLACK
6
CONTINUOUS
10
135.028
20
-113.155
11
135.165
21
-113.104
0
LINE
8
BLACK
6
CONTINUOUS
10
135.165
20
-113.104
11
135.281
21
-113.016
0
LINE
8
BLACK
6
CONTINUOUS
10
135.281
20
-113.016
11
135.369
21
-112.9
0
LINE
8
BLACK
6
CONTINUOUS
10
135.369
20
-112.9
11
135.42
21
-112.763
0
LINE
8
BLACK
6
CONTINUOUS
10
135.42
20
-112.763
11
135.427
21
-112.701
0
LINE
8
BLACK
6
CONTINUOUS
10
135.427
20
-112.701
11
135.427
21
-112.688
0
LINE
8
BLACK
6
CONTINUOUS
10
135.427
20
-112.688
11
135.447
21
-112.619
0
LINE
8
BLACK
6
CONTINUOUS
10
135.447
20
-112.619
11
135.5
21
-112.573
0
LINE
8
BLACK
6
CONTINUOUS
10
135.5
20
-112.573
11
135.553
21
-112.562
0
LINE
8
BLACK
6
CONTINUOUS
10
135.553
20
-112.562
11
136.009
21
-112.562
0
LINE
8
BLACK
6
CONTINUOUS
10
136.009
20
-112.562
11
136.077
21
-112.582
0
LINE
8
BLACK
6
CONTINUOUS
10
136.077
20
-112.582
11
136.098
21
-112.598
0
LINE
8
BLACK
6
CONTINUOUS
10
136.098
20
-112.598
11
139.86
21
-116.36
0
LINE
8
BLACK
6
CONTINUOUS
10
139.86
20
-116.36
11
139.894
21
-116.422
0
LINE
8
BLACK
6
CONTINUOUS
10
139.894
20
-116.422
11
139.897
21
-116.449
0
LINE
8
BLACK
6
CONTINUOUS
10
139.897
20
-116.449
11
139.897
21
-117.927
0
LINE
8
BLACK
6
CONTINUOUS
10
139.897
20
-117.927
11
139.903
21
-117.989
0
LINE
8
BLACK
6
CONTINUOUS
10
139.903
20
-117.989
11
139.954
21
-118.126
0
LINE
8
BLACK
6
CONTINUOUS
10
139.954
20
-118.126
11
140.042
21
-118.242
0
LINE
8
BLACK
6
CONTINUOUS
10
140.042
20
-118.242
11
140.158
21
-118.33
0
LINE
8
BLACK
6
CONTINUOUS
10
140.158
20
-118.33
11
140.295
21
-118.381
0
LINE
8
BLACK
6
CONTINUOUS
10
140.295
20
-118.381
11
140.357
21
-118.388
0
LINE
8
BLACK
6
CONTINUOUS
10
140.357
20
-118.388
11
142.853
21
-118.388
0
LINE
8
BLACK
6
CONTINUOUS
10
142.853
20
-118.388
11
142.915
21
-118.381
0
LINE
8
BLACK
6
CONTINUOUS
10
142.915
20
-118.381
11
143.052
21
-118.33
0
LINE
8
BLACK
6
CONTINUOUS
10
143.052
20
-118.33
11
143.168
21
-118.242
0
LINE
8
BLACK
6
CONTINUOUS
10
143.168
20
-118.242
11
143.256
21
-118.126
0
LINE
8
BLACK
6
CONTINUOUS
10
143.256
20
-118.126
11
143.307
21
-117.989
0
LINE
8
BLACK
6
CONTINUOUS
10
143.307
20
-117.989
11
143.314
21
-117.927
0
LINE
8
BLACK
6
CONTINUOUS
10
143.314
20
-117.927
11
143.314
21
-115.431
0
LINE
8
BLACK
6
CONTINUOUS
10
143.314
20
-115.431
11
143.307
21
-115.369
0
LINE
8
BLACK
6
CONTINUOUS
10
143.307
20
-115.369
11
143.256
21
-115.232
0
LINE
8
BLACK
6
CONTINUOUS
10
143.256
20
-115.232
11
143.168
21
-115.116
0
LINE
8
BLACK
6
CONTINUOUS
10
143.168
20
-115.116
11
143.052
21
-115.028
0
LINE
8
BLACK
6
CONTINUOUS
10
143.052
20
-115.028
11
142.915
21
-114.977
0
LINE
8
BLACK
6
CONTINUOUS
10
142.915
20
-114.977
11
142.853
21
-114.971
0
LINE
8
BLACK
6
CONTINUOUS
10
142.853
20
-114.971
11
142.739
21
-114.971
0
LINE
8
BLACK
6
CONTINUOUS
10
142.739
20
-114.971
11
142.671
21
-114.951
0
LINE
8
BLACK
6
CONTINUOUS
10
142.671
20
-114.951
11
142.625
21
-114.897
0
LINE
8
BLACK
6
CONTINUOUS
10
142.625
20
-114.897
11
142.613
21
-114.845
0
LINE
8
BLACK
6
CONTINUOUS
10
142.613
20
-114.845
11
142.613
21
-114.77
0
LINE
8
BLACK
6
CONTINUOUS
10
142.613
20
-114.77
11
142.634
21
-114.702
0
LINE
8
BLACK
6
CONTINUOUS
10
142.634
20
-114.702
11
142.65
21
-114.681
0
LINE
8
BLACK
6
CONTINUOUS
10
142.65
20
-114.681
11
144.814
21
-112.517
0
LINE
8
BLACK
6
CONTINUOUS
10
144.814
20
-112.517
11
144.825
21
-112.508
0
LINE
8
BLACK
6
CONTINUOUS
10
144.825
20
-112.508
11
144.849
21
-112.488
0
LINE
8
BLACK
6
CONTINUOUS
10
144.849
20
-112.488
11
144.854
21
-112.484
0
LINE
8
BLACK
6
CONTINUOUS
10
144.854
20
-112.484
11
144.886
21
-112.446
0
LINE
8
BLACK
6
CONTINUOUS
10
144.886
20
-112.446
11
144.889
21
-112.442
0
LINE
8
BLACK
6
CONTINUOUS
10
144.889
20
-112.442
11
144.891
21
-112.44
0
LINE
8
BLACK
6
CONTINUOUS
10
144.891
20
-112.44
11
144.893
21
-112.438
0
LINE
8
BLACK
6
CONTINUOUS
10
144.893
20
-112.438
11
144.895
21
-112.436
0
LINE
8
BLACK
6
CONTINUOUS
10
144.895
20
-112.436
11
144.895
21
-112.436
0
LINE
8
BLACK
6
CONTINUOUS
10
144.895
20
-112.436
11
144.921
21
-112.405
0
LINE
8
BLACK
6
CONTINUOUS
10
144.921
20
-112.405
11
144.921
21
-112.404
0
LINE
8
BLACK
6
CONTINUOUS
10
144.921
20
-112.404
11
144.977
21
-112.337
0
LINE
8
BLACK
6
CONTINUOUS
10
144.977
20
-112.337
11
144.981
21
-112.333
0
LINE
8
BLACK
6
CONTINUOUS
10
144.981
20
-112.333
11
144.984
21
-112.328
0
LINE
8
BLACK
6
CONTINUOUS
10
144.984
20
-112.328
11
144.987
21
-112.324
0
LINE
8
BLACK
6
CONTINUOUS
10
144.987
20
-112.324
11
145.031
21
-112.242
0
LINE
8
BLACK
6
CONTINUOUS
10
145.031
20
-112.242
11
145.032
21
-112.241
0
LINE
8
BLACK
6
CONTINUOUS
10
145.032
20
-112.241
11
145.073
21
-112.165
0
LINE
8
BLACK
6
CONTINUOUS
10
145.073
20
-112.165
11
145.073
21
-112.165
0
LINE
8
BLACK
6
CONTINUOUS
10
145.073
20
-112.165
11
145.076
21
-112.159
0
LINE
8
BLACK
6
CONTINUOUS
10
145.076
20
-112.159
11
145.078
21
-112.154
0
LINE
8
BLACK
6
CONTINUOUS
10
145.078
20
-112.154
11
145.081
21
-112.149
0
LINE
8
BLACK
6
CONTINUOUS
10
145.081
20
-112.149
11
145.108
21
-112.06
0
LINE
8
BLACK
6
CONTINUOUS
10
145.108
20
-112.06
11
145.108
21
-112.059
0
LINE
8
BLACK
6
CONTINUOUS
10
145.108
20
-112.059
11
145.117
21
-112.032
0
LINE
8
BLACK
6
CONTINUOUS
10
145.117
20
-112.032
11
145.136
21
-111.971
0
LINE
8
BLACK
6
CONTINUOUS
10
145.136
20
-111.971
11
145.137
21
-111.965
0
LINE
8
BLACK
6
CONTINUOUS
10
145.137
20
-111.965
11
145.138
21
-111.96
0
LINE
8
BLACK
6
CONTINUOUS
10
145.138
20
-111.96
11
145.148
21
-111.868
0
LINE
8
BLACK
6
CONTINUOUS
10
145.148
20
-111.868
11
145.148
21
-111.867
0
LINE
8
BLACK
6
CONTINUOUS
10
145.148
20
-111.867
11
145.153
21
-111.821
0
LINE
8
BLACK
6
CONTINUOUS
10
145.153
20
-111.821
11
145.153
21
-111.82
0
LINE
8
BLACK
6
CONTINUOUS
10
145.153
20
-111.82
11
145.153
21
-111.82
0
LINE
8
BLACK
6
CONTINUOUS
10
145.153
20
-111.82
11
145.153
21
-111.817
0
LINE
8
BLACK
6
CONTINUOUS
10
145.153
20
-111.817
11
145.153
21
-111.813
0
LINE
8
BLACK
6
CONTINUOUS
10
145.153
20
-111.813
11
145.154
21
-111.812
0
LINE
8
BLACK
6
CONTINUOUS
10
145.154
20
-111.812
11
145.154
21
-111.807
0
LINE
8
BLACK
6
CONTINUOUS
10
145.154
20
-111.807
11
145.158
21
-111.764
0
LINE
8
BLACK
6
CONTINUOUS
10
145.158
20
-111.764
11
145.154
21
-111.718
0
LINE
8
BLACK
6
CONTINUOUS
10
145.154
20
-111.718
11
145.153
21
-111.706
0
LINE
8
BLACK
6
CONTINUOUS
10
145.153
20
-111.706
11
145.153
21
-110.355
0
LINE
8
BLACK
6
CONTINUOUS
10
145.153
20
-110.355
11
145.174
21
-110.286
0
LINE
8
BLACK
6
CONTINUOUS
10
145.174
20
-110.286
11
145.227
21
-110.24
0
LINE
8
BLACK
6
CONTINUOUS
10
145.227
20
-110.24
11
145.279
21
-110.228
0
LINE
8
BLACK
6
CONTINUOUS
10
145.279
20
-110.228
11
161.439
21
-110.228
0
LINE
8
BLACK
6
CONTINUOUS
10
161.439
20
-110.228
11
161.507
21
-110.249
0
LINE
8
BLACK
6
CONTINUOUS
10
161.507
20
-110.249
11
161.554
21
-110.302
0
LINE
8
BLACK
6
CONTINUOUS
10
161.554
20
-110.302
11
161.565
21
-110.341
0
LINE
8
BLACK
6
CONTINUOUS
10
161.565
20
-110.341
11
161.566
21
-110.351
0
LINE
8
BLACK
6
CONTINUOUS
10
161.566
20
-110.351
11
161.568
21
-110.375
0
LINE
8
BLACK
6
CONTINUOUS
10
161.568
20
-110.375
11
161.619
21
-110.512
0
LINE
8
BLACK
6
CONTINUOUS
10
161.619
20
-110.512
11
161.707
21
-110.628
0
LINE
8
BLACK
6
CONTINUOUS
10
161.707
20
-110.628
11
161.823
21
-110.716
0
LINE
8
BLACK
6
CONTINUOUS
10
161.823
20
-110.716
11
161.96
21
-110.767
0
LINE
8
BLACK
6
CONTINUOUS
10
161.96
20
-110.767
11
162.022
21
-110.773
0
LINE
8
BLACK
6
CONTINUOUS
10
162.022
20
-110.773
11
163.918
21
-110.773
0
LINE
8
BLACK
6
CONTINUOUS
10
163.918
20
-110.773
11
163.98
21
-110.767
0
LINE
8
BLACK
6
CONTINUOUS
10
163.98
20
-110.767
11
164.117
21
-110.716
0
LINE
8
BLACK
6
CONTINUOUS
10
164.117
20
-110.716
11
164.233
21
-110.628
0
LINE
8
BLACK
6
CONTINUOUS
10
164.233
20
-110.628
11
164.321
21
-110.512
0
LINE
8
BLACK
6
CONTINUOUS
10
164.321
20
-110.512
11
164.372
21
-110.375
0
LINE
8
BLACK
6
CONTINUOUS
10
164.372
20
-110.375
11
164.379
21
-110.313
0
LINE
8
BLACK
6
CONTINUOUS
10
164.379
20
-110.313
11
164.379
21
-108.417
0
LINE
8
BLACK
6
CONTINUOUS
10
164.379
20
-108.417
11
164.372
21
-108.355
0
LINE
8
BLACK
6
CONTINUOUS
10
164.372
20
-108.355
11
164.321
21
-108.218
0
LINE
8
BLACK
6
CONTINUOUS
10
164.321
20
-108.218
11
164.233
21
-108.102
0
LINE
8
BLACK
6
CONTINUOUS
10
164.233
20
-108.102
11
164.117
21
-108.014
0
LINE
8
BLACK
6
CONTINUOUS
10
164.117
20
-108.014
11
163.98
21
-107.963
0
LINE
8
BLACK
6
CONTINUOUS
10
163.98
20
-107.963
11
163.918
21
-107.956
0
LINE
8
BLACK
6
CONTINUOUS
10
163.918
20
-107.956
11
162.022
21
-107.956
0
LINE
8
BLACK
6
CONTINUOUS
10
162.022
20
-107.956
11
161.96
21
-107.963
0
LINE
8
BLACK
6
CONTINUOUS
10
161.96
20
-107.963
11
161.823
21
-108.014
0
LINE
8
BLACK
6
CONTINUOUS
10
161.823
20
-108.014
11
161.707
21
-108.102
0
LINE
8
BLACK
6
CONTINUOUS
10
161.707
20
-108.102
11
161.662
21
-108.161
0
LINE
8
BLACK
6
CONTINUOUS
10
161.662
20
-108.161
11
161.605
21
-108.204
0
LINE
8
BLACK
6
CONTINUOUS
10
161.605
20
-108.204
11
161.561
21
-108.212
0
LINE
8
BLACK
6
CONTINUOUS
10
161.561
20
-108.212
11
145.026
21
-108.212
0
LINE
8
BLACK
6
CONTINUOUS
10
145.026
20
-108.212
11
144.953
21
-108.189
0
LINE
8
BLACK
6
CONTINUOUS
10
144.953
20
-108.189
11
144.914
21
-108.161
0
LINE
8
BLACK
6
CONTINUOUS
10
144.914
20
-108.161
11
144.802
21
-108.082
0
LINE
8
BLACK
6
CONTINUOUS
10
144.802
20
-108.082
11
144.797
21
-108.08
0
LINE
8
BLACK
6
CONTINUOUS
10
144.797
20
-108.08
11
144.797
21
-108.08
0
LINE
8
BLACK
6
CONTINUOUS
10
144.797
20
-108.08
11
144.599
21
-107.988
0
LINE
8
BLACK
6
CONTINUOUS
10
144.599
20
-107.988
11
144.599
21
-107.988
0
LINE
8
BLACK
6
CONTINUOUS
10
144.599
20
-107.988
11
144.594
21
-107.986
0
LINE
8
BLACK
6
CONTINUOUS
10
144.594
20
-107.986
11
144.589
21
-107.984
0
LINE
8
BLACK
6
CONTINUOUS
10
144.589
20
-107.984
11
144.589
21
-107.984
0
LINE
8
BLACK
6
CONTINUOUS
10
144.589
20
-107.984
11
144.378
21
-107.928
0
LINE
8
BLACK
6
CONTINUOUS
10
144.378
20
-107.928
11
144.378
21
-107.928
0
LINE
8
BLACK
6
CONTINUOUS
10
144.378
20
-107.928
11
144.373
21
-107.926
0
LINE
8
BLACK
6
CONTINUOUS
10
144.373
20
-107.926
11
144.145
21
-107.907
0
LINE
8
BLACK
6
CONTINUOUS
10
144.145
20
-107.907
11
143.917
21
-107.926
0
LINE
8
BLACK
6
CONTINUOUS
10
143.917
20
-107.926
11
143.912
21
-107.928
0
LINE
8
BLACK
6
CONTINUOUS
10
143.912
20
-107.928
11
143.912
21
-107.928
0
LINE
8
BLACK
6
CONTINUOUS
10
143.912
20
-107.928
11
143.701
21
-107.984
0
LINE
8
BLACK
6
CONTINUOUS
10
143.701
20
-107.984
11
143.701
21
-107.984
0
LINE
8
BLACK
6
CONTINUOUS
10
143.701
20
-107.984
11
143.696
21
-107.986
0
LINE
8
BLACK
6
CONTINUOUS
10
143.696
20
-107.986
11
143.691
21
-107.988
0
LINE
8
BLACK
6
CONTINUOUS
10
143.691
20
-107.988
11
143.691
21
-107.988
0
LINE
8
BLACK
6
CONTINUOUS
10
143.691
20
-107.988
11
143.493
21
-108.08
0
LINE
8
BLACK
6
CONTINUOUS
10
143.493
20
-108.08
11
143.493
21
-108.08
0
LINE
8
BLACK
6
CONTINUOUS
10
143.493
20
-108.08
11
143.488
21
-108.082
0
LINE
8
BLACK
6
CONTINUOUS
10
143.488
20
-108.082
11
143.45
21
-108.109
0
LINE
8
BLACK
6
CONTINUOUS
10
143.45
20
-108.109
11
143.305
21
-108.211
0
LINE
8
BLACK
6
CONTINUOUS
10
143.305
20
-108.211
11
143.305
21
-108.211
0
LINE
8
BLACK
6
CONTINUOUS
10
143.305
20
-108.211
11
143.301
21
-108.214
0
LINE
8
BLACK
6
CONTINUOUS
10
143.301
20
-108.214
11
143.139
21
-108.376
0
LINE
8
BLACK
6
CONTINUOUS
10
143.139
20
-108.376
11
143.136
21
-108.38
0
LINE
8
BLACK
6
CONTINUOUS
10
143.136
20
-108.38
11
143.136
21
-108.38
0
LINE
8
BLACK
6
CONTINUOUS
10
143.136
20
-108.38
11
143.081
21
-108.458
0
LINE
8
BLACK
6
CONTINUOUS
10
143.081
20
-108.458
11
143.007
21
-108.563
0
LINE
8
BLACK
6
CONTINUOUS
10
143.007
20
-108.563
11
143.005
21
-108.568
0
LINE
8
BLACK
6
CONTINUOUS
10
143.005
20
-108.568
11
143.005
21
-108.568
0
LINE
8
BLACK
6
CONTINUOUS
10
143.005
20
-108.568
11
142.939
21
-108.711
0
LINE
8
BLACK
6
CONTINUOUS
10
142.939
20
-108.711
11
142.911
21
-108.771
0
LINE
8
BLACK
6
CONTINUOUS
10
142.911
20
-108.771
11
142.909
21
-108.776
0
LINE
8
BLACK
6
CONTINUOUS
10
142.909
20
-108.776
11
142.909
21
-108.776
0
LINE
8
BLACK
6
CONTINUOUS
10
142.909
20
-108.776
11
142.865
21
-108.942
0
LINE
8
BLACK
6
CONTINUOUS
10
142.865
20
-108.942
11
142.851
21
-108.992
0
LINE
8
BLACK
6
CONTINUOUS
10
142.851
20
-108.992
11
142.832
21
-109.22
0
LINE
8
BLACK
6
CONTINUOUS
10
142.832
20
-109.22
11
142.851
21
-109.448
0
LINE
8
BLACK
6
CONTINUOUS
10
142.851
20
-109.448
11
142.853
21
-109.453
0
LINE
8
BLACK
6
CONTINUOUS
10
142.853
20
-109.453
11
142.853
21
-109.453
0
LINE
8
BLACK
6
CONTINUOUS
10
142.853
20
-109.453
11
142.901
21
-109.633
0
LINE
8
BLACK
6
CONTINUOUS
10
142.901
20
-109.633
11
142.911
21
-109.669
0
LINE
8
BLACK
6
CONTINUOUS
10
142.911
20
-109.669
11
142.913
21
-109.674
0
LINE
8
BLACK
6
CONTINUOUS
10
142.913
20
-109.674
11
142.913
21
-109.674
0
LINE
8
BLACK
6
CONTINUOUS
10
142.913
20
-109.674
11
143.005
21
-109.872
0
LINE
8
BLACK
6
CONTINUOUS
10
143.005
20
-109.872
11
143.005
21
-109.872
0
LINE
8
BLACK
6
CONTINUOUS
10
143.005
20
-109.872
11
143.007
21
-109.877
0
LINE
8
BLACK
6
CONTINUOUS
10
143.007
20
-109.877
11
143.092
21
-109.997
0
LINE
8
BLACK
6
CONTINUOUS
10
143.092
20
-109.997
11
143.114
21
-110.028
0
LINE
8
BLACK
6
CONTINUOUS
10
143.114
20
-110.028
11
143.136
21
-110.101
0
LINE
8
BLACK
6
CONTINUOUS
10
143.136
20
-110.101
11
143.136
21
-111.29
0
LINE
8
BLACK
6
CONTINUOUS
10
143.136
20
-111.29
11
143.116
21
-111.358
0
LINE
8
BLACK
6
CONTINUOUS
10
143.116
20
-111.358
11
143.1
21
-111.379
0
LINE
8
BLACK
6
CONTINUOUS
10
143.1
20
-111.379
11
140.936
21
-113.543
0
LINE
8
BLACK
6
CONTINUOUS
10
140.936
20
-113.543
11
140.925
21
-113.552
0
LINE
8
BLACK
6
CONTINUOUS
10
140.925
20
-113.552
11
140.896
21
-113.576
0
LINE
8
BLACK
6
CONTINUOUS
10
140.896
20
-113.576
11
140.892
21
-113.581
0
LINE
8
BLACK
6
CONTINUOUS
10
140.892
20
-113.581
11
140.864
21
-113.614
0
LINE
8
BLACK
6
CONTINUOUS
10
140.864
20
-113.614
11
140.861
21
-113.618
0
LINE
8
BLACK
6
CONTINUOUS
10
140.861
20
-113.618
11
140.859
21
-113.62
0
LINE
8
BLACK
6
CONTINUOUS
10
140.859
20
-113.62
11
140.857
21
-113.622
0
LINE
8
BLACK
6
CONTINUOUS
10
140.857
20
-113.622
11
140.829
21
-113.655
0
LINE
8
BLACK
6
CONTINUOUS
10
140.829
20
-113.655
11
140.829
21
-113.656
0
LINE
8
BLACK
6
CONTINUOUS
10
140.829
20
-113.656
11
140.769
21
-113.727
0
LINE
8
BLACK
6
CONTINUOUS
10
140.769
20
-113.727
11
140.766
21
-113.732
0
LINE
8
BLACK
6
CONTINUOUS
10
140.766
20
-113.732
11
140.763
21
-113.736
0
LINE
8
BLACK
6
CONTINUOUS
10
140.763
20
-113.736
11
140.752
21
-113.756
0
LINE
8
BLACK
6
CONTINUOUS
10
140.752
20
-113.756
11
140.719
21
-113.818
0
LINE
8
BLACK
6
CONTINUOUS
10
140.719
20
-113.818
11
140.718
21
-113.819
0
LINE
8
BLACK
6
CONTINUOUS
10
140.718
20
-113.819
11
140.677
21
-113.895
0
LINE
8
BLACK
6
CONTINUOUS
10
140.677
20
-113.895
11
140.677
21
-113.895
0
LINE
8
BLACK
6
CONTINUOUS
10
140.677
20
-113.895
11
140.674
21
-113.901
0
LINE
8
BLACK
6
CONTINUOUS
10
140.674
20
-113.901
11
140.672
21
-113.906
0
LINE
8
BLACK
6
CONTINUOUS
10
140.672
20
-113.906
11
140.669
21
-113.911
0
LINE
8
BLACK
6
CONTINUOUS
10
140.669
20
-113.911
11
140.642
21
-114
0
LINE
8
BLACK
6
CONTINUOUS
10
140.642
20
-114
11
140.642
21
-114.001
0
LINE
8
BLACK
6
CONTINUOUS
10
140.642
20
-114.001
11
140.635
21
-114.023
0
LINE
8
BLACK
6
CONTINUOUS
10
140.635
20
-114.023
11
140.595
21
-114.081
0
LINE
8
BLACK
6
CONTINUOUS
10
140.595
20
-114.081
11
140.53
21
-114.11
0
LINE
8
BLACK
6
CONTINUOUS
10
140.53
20
-114.11
11
140.46
21
-114.098
0
LINE
8
BLACK
6
CONTINUOUS
10
140.46
20
-114.098
11
140.426
21
-114.074
0
LINE
8
BLACK
6
CONTINUOUS
10
140.426
20
-114.074
11
137.236
21
-110.884
0
LINE
8
BLACK
6
CONTINUOUS
10
137.236
20
-110.884
11
137.227
21
-110.874
0
LINE
8
BLACK
6
CONTINUOUS
10
137.227
20
-110.874
11
137.207
21
-110.849
0
LINE
8
BLACK
6
CONTINUOUS
10
137.207
20
-110.849
11
137.203
21
-110.844
0
LINE
8
BLACK
6
CONTINUOUS
10
137.203
20
-110.844
11
137.165
21
-110.812
0
LINE
8
BLACK
6
CONTINUOUS
10
137.165
20
-110.812
11
137.161
21
-110.809
0
LINE
8
BLACK
6
CONTINUOUS
10
137.161
20
-110.809
11
137.159
21
-110.807
0
LINE
8
BLACK
6
CONTINUOUS
10
137.159
20
-110.807
11
137.157
21
-110.805
0
LINE
8
BLACK
6
CONTINUOUS
10
137.157
20
-110.805
11
137.124
21
-110.777
0
LINE
8
BLACK
6
CONTINUOUS
10
137.124
20
-110.777
11
137.123
21
-110.777
0
LINE
8
BLACK
6
CONTINUOUS
10
137.123
20
-110.777
11
137.052
21
-110.717
0
LINE
8
BLACK
6
CONTINUOUS
10
137.052
20
-110.717
11
137.047
21
-110.714
0
LINE
8
BLACK
6
CONTINUOUS
10
137.047
20
-110.714
11
137.043
21
-110.711
0
LINE
8
BLACK
6
CONTINUOUS
10
137.043
20
-110.711
11
136.961
21
-110.667
0
LINE
8
BLACK
6
CONTINUOUS
10
136.961
20
-110.667
11
136.96
21
-110.666
0
LINE
8
BLACK
6
CONTINUOUS
10
136.96
20
-110.666
11
136.884
21
-110.625
0
LINE
8
BLACK
6
CONTINUOUS
10
136.884
20
-110.625
11
136.884
21
-110.625
0
LINE
8
BLACK
6
CONTINUOUS
10
136.884
20
-110.625
11
136.878
21
-110.622
0
LINE
8
BLACK
6
CONTINUOUS
10
136.878
20
-110.622
11
136.873
21
-110.62
0
LINE
8
BLACK
6
CONTINUOUS
10
136.873
20
-110.62
11
136.869
21
-110.618
0
LINE
8
BLACK
6
CONTINUOUS
10
136.869
20
-110.618
11
136.78
21
-110.59
0
LINE
8
BLACK
6
CONTINUOUS
10
136.78
20
-110.59
11
136.779
21
-110.59
0
LINE
8
BLACK
6
CONTINUOUS
10
136.779
20
-110.59
11
136.69
21
-110.562
0
LINE
8
BLACK
6
CONTINUOUS
10
136.69
20
-110.562
11
136.684
21
-110.561
0
LINE
8
BLACK
6
CONTINUOUS
10
136.684
20
-110.561
11
136.679
21
-110.56
0
LINE
8
BLACK
6
CONTINUOUS
10
136.679
20
-110.56
11
136.587
21
-110.55
0
LINE
8
BLACK
6
CONTINUOUS
10
136.587
20
-110.55
11
136.586
21
-110.55
0
LINE
8
BLACK
6
CONTINUOUS
10
136.586
20
-110.55
11
136.552
21
-110.546
0
LINE
8
BLACK
6
CONTINUOUS
10
136.552
20
-110.546
11
136.539
21
-110.545
0
LINE
8
BLACK
6
CONTINUOUS
10
136.539
20
-110.545
11
136.539
21
-110.545
0
LINE
8
BLACK
6
CONTINUOUS
10
136.539
20
-110.545
11
136.536
21
-110.545
0
LINE
8
BLACK
6
CONTINUOUS
10
136.536
20
-110.545
11
136.532
21
-110.545
0
LINE
8
BLACK
6
CONTINUOUS
10
136.532
20
-110.545
11
136.531
21
-110.545
0
LINE
8
BLACK
6
CONTINUOUS
10
136.531
20
-110.545
11
136.526
21
-110.544
0
LINE
8
BLACK
6
CONTINUOUS
10
136.526
20
-110.544
11
136.496
21
-110.541
0
LINE
8
BLACK
6
CONTINUOUS
10
136.496
20
-110.541
11
136.489
21
-110.54
0
LINE
8
BLACK
6
CONTINUOUS
10
136.489
20
-110.54
11
136.489
21
-110.54
0
LINE
8
BLACK
6
CONTINUOUS
10
136.489
20
-110.54
11
136.483
21
-110.54
0
LINE
8
BLACK
6
CONTINUOUS
10
136.483
20
-110.54
11
136.44
21
-110.544
0
LINE
8
BLACK
6
CONTINUOUS
10
136.44
20
-110.544
11
136.437
21
-110.544
0
LINE
8
BLACK
6
CONTINUOUS
10
136.437
20
-110.544
11
136.425
21
-110.545
0
LINE
8
BLACK
6
CONTINUOUS
10
136.425
20
-110.545
11
135.553
21
-110.545
0
LINE
8
BLACK
6
CONTINUOUS
10
135.553
20
-110.545
11
135.484
21
-110.525
0
LINE
8
BLACK
6
CONTINUOUS
10
135.484
20
-110.525
11
135.438
21
-110.471
0
LINE
8
BLACK
6
CONTINUOUS
10
135.438
20
-110.471
11
135.427
21
-110.419
0
LINE
8
BLACK
6
CONTINUOUS
10
135.427
20
-110.419
11
135.427
21
-110.405
0
LINE
8
BLACK
6
CONTINUOUS
10
135.427
20
-110.405
11
135.42
21
-110.343
0
LINE
8
BLACK
6
CONTINUOUS
10
135.42
20
-110.343
11
135.369
21
-110.206
0
LINE
8
BLACK
6
CONTINUOUS
10
135.369
20
-110.206
11
135.281
21
-110.09
0
LINE
8
BLACK
6
CONTINUOUS
10
135.281
20
-110.09
11
135.165
21
-110.002
0
LINE
8
BLACK
6
CONTINUOUS
10
135.165
20
-110.002
11
135.028
21
-109.951
0
LINE
8
BLACK
6
CONTINUOUS
10
135.028
20
-109.951
11
134.966
21
-109.945
0
LINE
8
BLACK
6
CONTINUOUS
10
134.966
20
-109.945
11
132.67
21
-109.945
0
LINE
8
BLACK
6
CONTINUOUS
10
132.67
20
-109.945
11
132.608
21
-109.951
0
LINE
8
BLACK
6
CONTINUOUS
10
132.608
20
-109.951
11
132.471
21
-110.002
0
LINE
8
BLACK
6
CONTINUOUS
10
132.471
20
-110.002
11
132.355
21
-110.09
0
LINE
8
BLACK
6
CONTINUOUS
10
132.355
20
-110.09
11
132.267
21
-110.206
0
LINE
8
BLACK
6
CONTINUOUS
10
132.267
20
-110.206
11
132.216
21
-110.343
0
LINE
8
BLACK
6
CONTINUOUS
10
132.216
20
-110.343
11
132.21
21
-110.405
0
LINE
8
BLACK
6
CONTINUOUS
10
132.21
20
-110.405
11
132.21
21
-112.701
0
LINE
8
BLACK
6
CONTINUOUS
10
132.21
20
-112.701
11
132.216
21
-112.763
0
LINE
8
BLACK
6
CONTINUOUS
10
132.216
20
-112.763
11
132.267
21
-112.9
0
LINE
8
BLACK
6
CONTINUOUS
10
149.496
20
-106.231
11
149.617
21
-106.216
0
LINE
8
BLACK
6
CONTINUOUS
10
149.617
20
-106.216
11
149.625
21
-106.214
0
LINE
8
BLACK
6
CONTINUOUS
10
149.625
20
-106.214
11
149.895
21
-106.144
0
LINE
8
BLACK
6
CONTINUOUS
10
149.895
20
-106.144
11
149.903
21
-106.141
0
LINE
8
BLACK
6
CONTINUOUS
10
149.903
20
-106.141
11
150.161
21
-106.034
0
LINE
8
BLACK
6
CONTINUOUS
10
150.161
20
-106.034
11
150.168
21
-106.03
0
LINE
8
BLACK
6
CONTINUOUS
10
150.168
20
-106.03
11
150.409
21
-105.89
0
LINE
8
BLACK
6
CONTINUOUS
10
150.409
20
-105.89
11
150.416
21
-105.885
0
LINE
8
BLACK
6
CONTINUOUS
10
150.416
20
-105.885
11
150.635
21
-105.713
0
LINE
8
BLACK
6
CONTINUOUS
10
150.635
20
-105.713
11
150.642
21
-105.707
0
LINE
8
BLACK
6
CONTINUOUS
10
150.642
20
-105.707
11
150.836
21
-105.507
0
LINE
8
BLACK
6
CONTINUOUS
10
150.836
20
-105.507
11
150.841
21
-105.5
0
LINE
8
BLACK
6
CONTINUOUS
10
150.841
20
-105.5
11
151.006
21
-105.276
0
LINE
8
BLACK
6
CONTINUOUS
10
151.006
20
-105.276
11
151.011
21
-105.268
0
LINE
8
BLACK
6
CONTINUOUS
10
151.011
20
-105.268
11
151.144
21
-105.023
0
LINE
8
BLACK
6
CONTINUOUS
10
151.144
20
-105.023
11
151.148
21
-105.016
0
LINE
8
BLACK
6
CONTINUOUS
10
151.148
20
-105.016
11
151.246
21
-104.755
0
LINE
8
BLACK
6
CONTINUOUS
10
151.246
20
-104.755
11
151.249
21
-104.747
0
LINE
8
BLACK
6
CONTINUOUS
10
151.249
20
-104.747
11
151.311
21
-104.475
0
LINE
8
BLACK
6
CONTINUOUS
10
151.311
20
-104.475
11
151.312
21
-104.466
0
LINE
8
BLACK
6
CONTINUOUS
10
151.312
20
-104.466
11
151.317
21
-104.412
0
LINE
8
BLACK
6
CONTINUOUS
10
151.317
20
-104.412
11
151.314
21
-104.397
0
LINE
8
BLACK
6
CONTINUOUS
10
151.314
20
-104.397
11
151.302
21
-104.394
0
LINE
8
BLACK
6
CONTINUOUS
10
151.302
20
-104.394
11
150.804
21
-104.394
0
LINE
8
BLACK
6
CONTINUOUS
10
150.804
20
-104.394
11
150.747
21
-104.634
0
LINE
8
BLACK
6
CONTINUOUS
10
150.747
20
-104.634
11
150.651
21
-104.866
0
LINE
8
BLACK
6
CONTINUOUS
10
150.651
20
-104.866
11
150.519
21
-105.08
0
LINE
8
BLACK
6
CONTINUOUS
10
150.519
20
-105.08
11
150.356
21
-105.271
0
LINE
8
BLACK
6
CONTINUOUS
10
150.356
20
-105.271
11
150.165
21
-105.434
0
LINE
8
BLACK
6
CONTINUOUS
10
150.165
20
-105.434
11
149.951
21
-105.566
0
LINE
8
BLACK
6
CONTINUOUS
10
149.951
20
-105.566
11
149.719
21
-105.662
0
LINE
8
BLACK
6
CONTINUOUS
10
149.719
20
-105.662
11
149.479
21
-105.719
0
LINE
8
BLACK
6
CONTINUOUS
10
149.479
20
-105.719
11
149.479
21
-106.215
0
LINE
8
BLACK
6
CONTINUOUS
10
149.479
20
-106.215
11
149.483
21
-106.229
0
LINE
8
BLACK
6
CONTINUOUS
10
149.483
20
-106.229
11
149.496
21
-106.231
0
LINE
8
BLACK
6
CONTINUOUS
10
138.8
20
-106.31
11
138.8
21
-105.664
0
LINE
8
BLACK
6
CONTINUOUS
10
138.8
20
-105.664
11
138.31
21
-105.664
0
LINE
8
BLACK
6
CONTINUOUS
10
138.31
20
-105.664
11
138.295
21
-105.668
0
LINE
8
BLACK
6
CONTINUOUS
10
138.295
20
-105.668
11
138.294
21
-105.67
0
LINE
8
BLACK
6
CONTINUOUS
10
138.294
20
-105.67
11
138.292
21
-105.678
0
LINE
8
BLACK
6
CONTINUOUS
10
138.292
20
-105.678
11
138.292
21
-106.355
0
LINE
8
BLACK
6
CONTINUOUS
10
138.292
20
-106.355
11
138.292
21
-106.361
0
LINE
8
BLACK
6
CONTINUOUS
10
138.292
20
-106.361
11
138.298
21
-106.412
0
LINE
8
BLACK
6
CONTINUOUS
10
138.298
20
-106.412
11
138.302
21
-106.428
0
LINE
8
BLACK
6
CONTINUOUS
10
138.302
20
-106.428
11
138.347
21
-106.548
0
LINE
8
BLACK
6
CONTINUOUS
10
138.347
20
-106.548
11
138.355
21
-106.564
0
LINE
8
BLACK
6
CONTINUOUS
10
138.355
20
-106.564
11
138.432
21
-106.666
0
LINE
8
BLACK
6
CONTINUOUS
10
138.432
20
-106.666
11
138.444
21
-106.678
0
LINE
8
BLACK
6
CONTINUOUS
10
138.444
20
-106.678
11
138.546
21
-106.755
0
LINE
8
BLACK
6
CONTINUOUS
10
138.546
20
-106.755
11
138.562
21
-106.763
0
LINE
8
BLACK
6
CONTINUOUS
10
138.562
20
-106.763
11
138.682
21
-106.808
0
LINE
8
BLACK
6
CONTINUOUS
10
138.682
20
-106.808
11
138.698
21
-106.812
0
LINE
8
BLACK
6
CONTINUOUS
10
138.698
20
-106.812
11
138.749
21
-106.818
0
LINE
8
BLACK
6
CONTINUOUS
10
138.749
20
-106.818
11
138.755
21
-106.818
0
LINE
8
BLACK
6
CONTINUOUS
10
138.755
20
-106.818
11
139.428
21
-106.818
0
LINE
8
BLACK
6
CONTINUOUS
10
139.428
20
-106.818
11
139.443
21
-106.814
0
LINE
8
BLACK
6
CONTINUOUS
10
139.443
20
-106.814
11
139.444
21
-106.812
0
LINE
8
BLACK
6
CONTINUOUS
10
139.444
20
-106.812
11
139.446
21
-106.804
0
LINE
8
BLACK
6
CONTINUOUS
10
139.446
20
-106.804
11
139.446
21
-106.31
0
LINE
8
BLACK
6
CONTINUOUS
10
139.446
20
-106.31
11
138.8
21
-106.31
0
LINE
8
BLACK
6
CONTINUOUS
10
123.225
20
-106.331
11
123.174
21
-106.325
0
LINE
8
BLACK
6
CONTINUOUS
10
123.174
20
-106.325
11
123.168
21
-106.325
0
LINE
8
BLACK
6
CONTINUOUS
10
123.168
20
-106.325
11
122.095
21
-106.325
0
LINE
8
BLACK
6
CONTINUOUS
10
122.095
20
-106.325
11
122.08
21
-106.33
0
LINE
8
BLACK
6
CONTINUOUS
10
122.08
20
-106.33
11
122.079
21
-106.331
0
LINE
8
BLACK
6
CONTINUOUS
10
122.079
20
-106.331
11
122.077
21
-106.339
0
LINE
8
BLACK
6
CONTINUOUS
10
122.077
20
-106.339
11
122.077
21
-106.833
0
LINE
8
BLACK
6
CONTINUOUS
10
122.077
20
-106.833
11
123.123
21
-106.833
0
LINE
8
BLACK
6
CONTINUOUS
10
123.123
20
-106.833
11
123.123
21
-107.879
0
LINE
8
BLACK
6
CONTINUOUS
10
123.123
20
-107.879
11
123.613
21
-107.879
0
LINE
8
BLACK
6
CONTINUOUS
10
123.613
20
-107.879
11
123.628
21
-107.875
0
LINE
8
BLACK
6
CONTINUOUS
10
123.628
20
-107.875
11
123.629
21
-107.873
0
LINE
8
BLACK
6
CONTINUOUS
10
123.629
20
-107.873
11
123.631
21
-107.866
0
LINE
8
BLACK
6
CONTINUOUS
10
123.631
20
-107.866
11
123.631
21
-106.788
0
LINE
8
BLACK
6
CONTINUOUS
10
123.631
20
-106.788
11
123.631
21
-106.782
0
LINE
8
BLACK
6
CONTINUOUS
10
123.631
20
-106.782
11
123.625
21
-106.731
0
LINE
8
BLACK
6
CONTINUOUS
10
123.625
20
-106.731
11
123.621
21
-106.715
0
LINE
8
BLACK
6
CONTINUOUS
10
123.621
20
-106.715
11
123.576
21
-106.595
0
LINE
8
BLACK
6
CONTINUOUS
10
123.576
20
-106.595
11
123.568
21
-106.579
0
LINE
8
BLACK
6
CONTINUOUS
10
123.568
20
-106.579
11
123.491
21
-106.477
0
LINE
8
BLACK
6
CONTINUOUS
10
123.491
20
-106.477
11
123.479
21
-106.465
0
LINE
8
BLACK
6
CONTINUOUS
10
123.479
20
-106.465
11
123.377
21
-106.388
0
LINE
8
BLACK
6
CONTINUOUS
10
123.377
20
-106.388
11
123.361
21
-106.38
0
LINE
8
BLACK
6
CONTINUOUS
10
123.361
20
-106.38
11
123.294
21
-106.355
0
LINE
8
BLACK
6
CONTINUOUS
10
123.294
20
-106.355
11
123.241
21
-106.335
0
LINE
8
BLACK
6
CONTINUOUS
10
123.241
20
-106.335
11
123.225
21
-106.331
0
LINE
8
BLACK
6
CONTINUOUS
10
148.731
20
-105.662
11
148.499
21
-105.566
0
LINE
8
BLACK
6
CONTINUOUS
10
148.499
20
-105.566
11
148.285
21
-105.434
0
LINE
8
BLACK
6
CONTINUOUS
10
148.285
20
-105.434
11
148.094
21
-105.271
0
LINE
8
BLACK
6
CONTINUOUS
10
148.094
20
-105.271
11
147.931
21
-105.08
0
LINE
8
BLACK
6
CONTINUOUS
10
147.931
20
-105.08
11
147.799
21
-104.866
0
LINE
8
BLACK
6
CONTINUOUS
10
147.799
20
-104.866
11
147.703
21
-104.634
0
LINE
8
BLACK
6
CONTINUOUS
10
147.703
20
-104.634
11
147.646
21
-104.394
0
LINE
8
BLACK
6
CONTINUOUS
10
147.646
20
-104.394
11
147.146
21
-104.394
0
LINE
8
BLACK
6
CONTINUOUS
10
147.146
20
-104.394
11
147.131
21
-104.398
0
LINE
8
BLACK
6
CONTINUOUS
10
147.131
20
-104.398
11
147.129
21
-104.407
0
LINE
8
BLACK
6
CONTINUOUS
10
147.129
20
-104.407
11
147.13
21
-104.409
0
LINE
8
BLACK
6
CONTINUOUS
10
147.13
20
-104.409
11
147.183
21
-104.683
0
LINE
8
BLACK
6
CONTINUOUS
10
147.183
20
-104.683
11
147.185
21
-104.691
0
LINE
8
BLACK
6
CONTINUOUS
10
147.185
20
-104.691
11
147.276
21
-104.955
0
LINE
8
BLACK
6
CONTINUOUS
10
147.276
20
-104.955
11
147.279
21
-104.963
0
LINE
8
BLACK
6
CONTINUOUS
10
147.279
20
-104.963
11
147.404
21
-105.212
0
LINE
8
BLACK
6
CONTINUOUS
10
147.404
20
-105.212
11
147.409
21
-105.219
0
LINE
8
BLACK
6
CONTINUOUS
10
147.409
20
-105.219
11
147.567
21
-105.449
0
LINE
8
BLACK
6
CONTINUOUS
10
147.567
20
-105.449
11
147.572
21
-105.456
0
LINE
8
BLACK
6
CONTINUOUS
10
147.572
20
-105.456
11
147.76
21
-105.662
0
LINE
8
BLACK
6
CONTINUOUS
10
147.76
20
-105.662
11
147.766
21
-105.668
0
LINE
8
BLACK
6
CONTINUOUS
10
147.766
20
-105.668
11
147.98
21
-105.847
0
LINE
8
BLACK
6
CONTINUOUS
10
147.98
20
-105.847
11
147.987
21
-105.852
0
LINE
8
BLACK
6
CONTINUOUS
10
147.987
20
-105.852
11
148.223
21
-106
0
LINE
8
BLACK
6
CONTINUOUS
10
148.223
20
-106
11
148.23
21
-106.004
0
LINE
8
BLACK
6
CONTINUOUS
10
148.23
20
-106.004
11
148.485
21
-106.119
0
LINE
8
BLACK
6
CONTINUOUS
10
148.485
20
-106.119
11
148.493
21
-106.122
0
LINE
8
BLACK
6
CONTINUOUS
10
148.493
20
-106.122
11
148.76
21
-106.201
0
LINE
8
BLACK
6
CONTINUOUS
10
148.76
20
-106.201
11
148.768
21
-106.203
0
LINE
8
BLACK
6
CONTINUOUS
10
148.768
20
-106.203
11
148.953
21
-106.231
0
LINE
8
BLACK
6
CONTINUOUS
10
148.953
20
-106.231
11
148.967
21
-106.229
0
LINE
8
BLACK
6
CONTINUOUS
10
148.967
20
-106.229
11
148.971
21
-106.215
0
LINE
8
BLACK
6
CONTINUOUS
10
148.971
20
-106.215
11
148.971
21
-105.719
0
LINE
8
BLACK
6
CONTINUOUS
10
148.971
20
-105.719
11
148.731
21
-105.662
0
LINE
8
BLACK
6
CONTINUOUS
10
147.146
20
-103.886
11
147.646
21
-103.886
0
LINE
8
BLACK
6
CONTINUOUS
10
147.646
20
-103.886
11
147.703
21
-103.646
0
LINE
8
BLACK
6
CONTINUOUS
10
147.703
20
-103.646
11
147.799
21
-103.414
0
LINE
8
BLACK
6
CONTINUOUS
10
147.799
20
-103.414
11
147.931
21
-103.2
0
LINE
8
BLACK
6
CONTINUOUS
10
147.931
20
-103.2
11
148.094
21
-103.009
0
LINE
8
BLACK
6
CONTINUOUS
10
148.094
20
-103.009
11
148.285
21
-102.846
0
LINE
8
BLACK
6
CONTINUOUS
10
148.285
20
-102.846
11
148.499
21
-102.714
0
LINE
8
BLACK
6
CONTINUOUS
10
148.499
20
-102.714
11
148.731
21
-102.618
0
LINE
8
BLACK
6
CONTINUOUS
10
148.731
20
-102.618
11
148.971
21
-102.561
0
LINE
8
BLACK
6
CONTINUOUS
10
148.971
20
-102.561
11
148.971
21
-102.065
0
LINE
8
BLACK
6
CONTINUOUS
10
148.971
20
-102.065
11
148.967
21
-102.052
0
LINE
8
BLACK
6
CONTINUOUS
10
148.967
20
-102.052
11
148.953
21
-102.05
0
LINE
8
BLACK
6
CONTINUOUS
10
148.953
20
-102.05
11
148.812
21
-102.068
0
LINE
8
BLACK
6
CONTINUOUS
10
148.812
20
-102.068
11
148.803
21
-102.07
0
LINE
8
BLACK
6
CONTINUOUS
10
148.803
20
-102.07
11
148.534
21
-102.143
0
LINE
8
BLACK
6
CONTINUOUS
10
148.534
20
-102.143
11
148.526
21
-102.146
0
LINE
8
BLACK
6
CONTINUOUS
10
148.526
20
-102.146
11
148.27
21
-102.256
0
LINE
8
BLACK
6
CONTINUOUS
10
148.27
20
-102.256
11
148.262
21
-102.26
0
LINE
8
BLACK
6
CONTINUOUS
10
148.262
20
-102.26
11
148.023
21
-102.403
0
LINE
8
BLACK
6
CONTINUOUS
10
148.023
20
-102.403
11
148.016
21
-102.408
0
LINE
8
BLACK
6
CONTINUOUS
10
148.016
20
-102.408
11
147.798
21
-102.582
0
LINE
8
BLACK
6
CONTINUOUS
10
147.798
20
-102.582
11
147.792
21
-102.588
0
LINE
8
BLACK
6
CONTINUOUS
10
147.792
20
-102.588
11
147.6
21
-102.79
0
LINE
8
BLACK
6
CONTINUOUS
10
147.6
20
-102.79
11
147.594
21
-102.797
0
LINE
8
BLACK
6
CONTINUOUS
10
147.594
20
-102.797
11
147.432
21
-103.023
0
LINE
8
BLACK
6
CONTINUOUS
10
147.432
20
-103.023
11
147.427
21
-103.03
0
LINE
8
BLACK
6
CONTINUOUS
10
147.427
20
-103.03
11
147.297
21
-103.277
0
LINE
8
BLACK
6
CONTINUOUS
10
147.297
20
-103.277
11
147.293
21
-103.285
0
LINE
8
BLACK
6
CONTINUOUS
10
147.293
20
-103.285
11
147.197
21
-103.546
0
LINE
8
BLACK
6
CONTINUOUS
10
147.197
20
-103.546
11
147.195
21
-103.555
0
LINE
8
BLACK
6
CONTINUOUS
10
147.195
20
-103.555
11
147.136
21
-103.827
0
LINE
8
BLACK
6
CONTINUOUS
10
147.136
20
-103.827
11
147.134
21
-103.836
0
LINE
8
BLACK
6
CONTINUOUS
10
147.134
20
-103.836
11
147.132
21
-103.868
0
LINE
8
BLACK
6
CONTINUOUS
10
147.132
20
-103.868
11
147.135
21
-103.883
0
LINE
8
BLACK
6
CONTINUOUS
10
147.135
20
-103.883
11
147.146
21
-103.886
0
LINE
8
BLACK
6
CONTINUOUS
10
141.053
20
-104.272
11
141.045
21
-104.256
0
LINE
8
BLACK
6
CONTINUOUS
10
141.045
20
-104.256
11
140.968
21
-104.154
0
LINE
8
BLACK
6
CONTINUOUS
10
140.968
20
-104.154
11
140.956
21
-104.142
0
LINE
8
BLACK
6
CONTINUOUS
10
140.956
20
-104.142
11
140.907
21
-104.105
0
LINE
8
BLACK
6
CONTINUOUS
10
140.907
20
-104.105
11
140.865
21
-104.048
0
LINE
8
BLACK
6
CONTINUOUS
10
140.865
20
-104.048
11
140.86
21
-103.978
0
LINE
8
BLACK
6
CONTINUOUS
10
140.86
20
-103.978
11
140.894
21
-103.915
0
LINE
8
BLACK
6
CONTINUOUS
10
140.894
20
-103.915
11
140.956
21
-103.881
0
LINE
8
BLACK
6
CONTINUOUS
10
140.956
20
-103.881
11
140.983
21
-103.878
0
LINE
8
BLACK
6
CONTINUOUS
10
140.983
20
-103.878
11
142.178
21
-103.878
0
LINE
8
BLACK
6
CONTINUOUS
10
142.178
20
-103.878
11
142.192
21
-103.879
0
LINE
8
BLACK
6
CONTINUOUS
10
142.192
20
-103.879
11
142.223
21
-103.883
0
LINE
8
BLACK
6
CONTINUOUS
10
142.223
20
-103.883
11
142.223
21
-103.883
0
LINE
8
BLACK
6
CONTINUOUS
10
142.223
20
-103.883
11
142.229
21
-103.883
0
LINE
8
BLACK
6
CONTINUOUS
10
142.229
20
-103.883
11
142.256
21
-103.881
0
LINE
8
BLACK
6
CONTINUOUS
10
142.256
20
-103.881
11
142.279
21
-103.879
0
LINE
8
BLACK
6
CONTINUOUS
10
142.279
20
-103.879
11
142.284
21
-103.879
0
LINE
8
BLACK
6
CONTINUOUS
10
142.284
20
-103.879
11
142.287
21
-103.878
0
LINE
8
BLACK
6
CONTINUOUS
10
142.287
20
-103.878
11
142.29
21
-103.878
0
LINE
8
BLACK
6
CONTINUOUS
10
142.29
20
-103.878
11
142.302
21
-103.877
0
LINE
8
BLACK
6
CONTINUOUS
10
142.302
20
-103.877
11
142.333
21
-103.874
0
LINE
8
BLACK
6
CONTINUOUS
10
142.333
20
-103.874
11
142.334
21
-103.874
0
LINE
8
BLACK
6
CONTINUOUS
10
142.334
20
-103.874
11
142.378
21
-103.87
0
LINE
8
BLACK
6
CONTINUOUS
10
142.378
20
-103.87
11
142.405
21
-103.868
0
LINE
8
BLACK
6
CONTINUOUS
10
142.405
20
-103.868
11
142.426
21
-103.866
0
LINE
8
BLACK
6
CONTINUOUS
10
142.426
20
-103.866
11
142.432
21
-103.865
0
LINE
8
BLACK
6
CONTINUOUS
10
142.432
20
-103.865
11
142.437
21
-103.864
0
LINE
8
BLACK
6
CONTINUOUS
10
142.437
20
-103.864
11
142.526
21
-103.837
0
LINE
8
BLACK
6
CONTINUOUS
10
142.526
20
-103.837
11
142.527
21
-103.837
0
LINE
8
BLACK
6
CONTINUOUS
10
142.527
20
-103.837
11
142.61
21
-103.813
0
LINE
8
BLACK
6
CONTINUOUS
10
142.61
20
-103.813
11
142.61
21
-103.813
0
LINE
8
BLACK
6
CONTINUOUS
10
142.61
20
-103.813
11
142.616
21
-103.811
0
LINE
8
BLACK
6
CONTINUOUS
10
142.616
20
-103.811
11
142.621
21
-103.808
0
LINE
8
BLACK
6
CONTINUOUS
10
142.621
20
-103.808
11
142.626
21
-103.807
0
LINE
8
BLACK
6
CONTINUOUS
10
142.626
20
-103.807
11
142.657
21
-103.791
0
LINE
8
BLACK
6
CONTINUOUS
10
142.657
20
-103.791
11
142.708
21
-103.763
0
LINE
8
BLACK
6
CONTINUOUS
10
142.708
20
-103.763
11
142.709
21
-103.763
0
LINE
8
BLACK
6
CONTINUOUS
10
142.709
20
-103.763
11
142.786
21
-103.723
0
LINE
8
BLACK
6
CONTINUOUS
10
142.786
20
-103.723
11
142.792
21
-103.72
0
LINE
8
BLACK
6
CONTINUOUS
10
142.792
20
-103.72
11
142.796
21
-103.717
0
LINE
8
BLACK
6
CONTINUOUS
10
142.796
20
-103.717
11
142.801
21
-103.714
0
LINE
8
BLACK
6
CONTINUOUS
10
142.801
20
-103.714
11
142.873
21
-103.655
0
LINE
8
BLACK
6
CONTINUOUS
10
142.873
20
-103.655
11
142.874
21
-103.655
0
LINE
8
BLACK
6
CONTINUOUS
10
142.874
20
-103.655
11
142.913
21
-103.623
0
LINE
8
BLACK
6
CONTINUOUS
10
142.913
20
-103.623
11
142.915
21
-103.621
0
LINE
8
BLACK
6
CONTINUOUS
10
142.915
20
-103.621
11
142.916
21
-103.62
0
LINE
8
BLACK
6
CONTINUOUS
10
142.916
20
-103.62
11
142.921
21
-103.616
0
LINE
8
BLACK
6
CONTINUOUS
10
142.921
20
-103.616
11
142.954
21
-103.589
0
LINE
8
BLACK
6
CONTINUOUS
10
142.954
20
-103.589
11
142.983
21
-103.554
0
LINE
8
BLACK
6
CONTINUOUS
10
142.983
20
-103.554
11
142.991
21
-103.545
0
LINE
8
BLACK
6
CONTINUOUS
10
142.991
20
-103.545
11
144.814
21
-101.722
0
LINE
8
BLACK
6
CONTINUOUS
10
144.814
20
-101.722
11
144.825
21
-101.713
0
LINE
8
BLACK
6
CONTINUOUS
10
144.825
20
-101.713
11
144.849
21
-101.693
0
LINE
8
BLACK
6
CONTINUOUS
10
144.849
20
-101.693
11
144.854
21
-101.689
0
LINE
8
BLACK
6
CONTINUOUS
10
144.854
20
-101.689
11
144.886
21
-101.651
0
LINE
8
BLACK
6
CONTINUOUS
10
144.886
20
-101.651
11
144.889
21
-101.647
0
LINE
8
BLACK
6
CONTINUOUS
10
144.889
20
-101.647
11
144.891
21
-101.645
0
LINE
8
BLACK
6
CONTINUOUS
10
144.891
20
-101.645
11
144.893
21
-101.643
0
LINE
8
BLACK
6
CONTINUOUS
10
144.893
20
-101.643
11
144.921
21
-101.61
0
LINE
8
BLACK
6
CONTINUOUS
10
144.921
20
-101.61
11
144.921
21
-101.609
0
LINE
8
BLACK
6
CONTINUOUS
10
144.921
20
-101.609
11
144.946
21
-101.579
0
LINE
8
BLACK
6
CONTINUOUS
10
144.946
20
-101.579
11
144.981
21
-101.538
0
LINE
8
BLACK
6
CONTINUOUS
10
144.981
20
-101.538
11
144.984
21
-101.533
0
LINE
8
BLACK
6
CONTINUOUS
10
144.984
20
-101.533
11
144.987
21
-101.529
0
LINE
8
BLACK
6
CONTINUOUS
10
144.987
20
-101.529
11
145.031
21
-101.447
0
LINE
8
BLACK
6
CONTINUOUS
10
145.031
20
-101.447
11
145.032
21
-101.446
0
LINE
8
BLACK
6
CONTINUOUS
10
145.032
20
-101.446
11
145.073
21
-101.37
0
LINE
8
BLACK
6
CONTINUOUS
10
145.073
20
-101.37
11
145.073
21
-101.37
0
LINE
8
BLACK
6
CONTINUOUS
10
145.073
20
-101.37
11
145.076
21
-101.364
0
LINE
8
BLACK
6
CONTINUOUS
10
145.076
20
-101.364
11
145.078
21
-101.359
0
LINE
8
BLACK
6
CONTINUOUS
10
145.078
20
-101.359
11
145.081
21
-101.354
0
LINE
8
BLACK
6
CONTINUOUS
10
145.081
20
-101.354
11
145.108
21
-101.266
0
LINE
8
BLACK
6
CONTINUOUS
10
145.108
20
-101.266
11
145.108
21
-101.264
0
LINE
8
BLACK
6
CONTINUOUS
10
145.108
20
-101.264
11
145.134
21
-101.182
0
LINE
8
BLACK
6
CONTINUOUS
10
145.134
20
-101.182
11
145.136
21
-101.176
0
LINE
8
BLACK
6
CONTINUOUS
10
145.136
20
-101.176
11
145.137
21
-101.17
0
LINE
8
BLACK
6
CONTINUOUS
10
145.137
20
-101.17
11
145.138
21
-101.165
0
LINE
8
BLACK
6
CONTINUOUS
10
145.138
20
-101.165
11
145.148
21
-101.073
0
LINE
8
BLACK
6
CONTINUOUS
10
145.148
20
-101.073
11
145.148
21
-101.071
0
LINE
8
BLACK
6
CONTINUOUS
10
145.148
20
-101.071
11
145.153
21
-101.025
0
LINE
8
BLACK
6
CONTINUOUS
10
145.153
20
-101.025
11
145.153
21
-101.025
0
LINE
8
BLACK
6
CONTINUOUS
10
145.153
20
-101.025
11
145.153
21
-101.022
0
LINE
8
BLACK
6
CONTINUOUS
10
145.153
20
-101.022
11
145.153
21
-101.018
0
LINE
8
BLACK
6
CONTINUOUS
10
145.153
20
-101.018
11
145.154
21
-101.017
0
LINE
8
BLACK
6
CONTINUOUS
10
145.154
20
-101.017
11
145.154
21
-101.012
0
LINE
8
BLACK
6
CONTINUOUS
10
145.154
20
-101.012
11
145.158
21
-100.975
0
LINE
8
BLACK
6
CONTINUOUS
10
145.158
20
-100.975
11
145.158
21
-100.975
0
LINE
8
BLACK
6
CONTINUOUS
10
145.158
20
-100.975
11
145.158
21
-100.969
0
LINE
8
BLACK
6
CONTINUOUS
10
145.158
20
-100.969
11
145.154
21
-100.923
0
LINE
8
BLACK
6
CONTINUOUS
10
145.154
20
-100.923
11
145.153
21
-100.911
0
LINE
8
BLACK
6
CONTINUOUS
10
145.153
20
-100.911
11
145.153
21
-99.9407
0
LINE
8
BLACK
6
CONTINUOUS
10
145.153
20
-99.9407
11
145.176
21
-99.8685
0
LINE
8
BLACK
6
CONTINUOUS
10
145.176
20
-99.8685
11
145.252
21
-99.7608
0
LINE
8
BLACK
6
CONTINUOUS
10
145.252
20
-99.7608
11
145.283
21
-99.7167
0
LINE
8
BLACK
6
CONTINUOUS
10
145.283
20
-99.7167
11
145.285
21
-99.7118
0
LINE
8
BLACK
6
CONTINUOUS
10
145.285
20
-99.7118
11
145.285
21
-99.7118
0
LINE
8
BLACK
6
CONTINUOUS
10
145.285
20
-99.7118
11
145.377
21
-99.5142
0
LINE
8
BLACK
6
CONTINUOUS
10
145.377
20
-99.5142
11
145.377
21
-99.5142
0
LINE
8
BLACK
6
CONTINUOUS
10
145.377
20
-99.5142
11
145.379
21
-99.5092
0
LINE
8
BLACK
6
CONTINUOUS
10
145.379
20
-99.5092
11
145.4
21
-99.432
0
LINE
8
BLACK
6
CONTINUOUS
10
145.4
20
-99.432
11
145.437
21
-99.2934
0
LINE
8
BLACK
6
CONTINUOUS
10
145.437
20
-99.2934
11
145.437
21
-99.2934
0
LINE
8
BLACK
6
CONTINUOUS
10
145.437
20
-99.2934
11
145.439
21
-99.2881
0
LINE
8
BLACK
6
CONTINUOUS
10
145.439
20
-99.2881
11
145.458
21
-99.06
0
LINE
8
BLACK
6
CONTINUOUS
10
145.458
20
-99.06
11
145.439
21
-98.8319
0
LINE
8
BLACK
6
CONTINUOUS
10
145.439
20
-98.8319
11
145.402
21
-98.6955
0
LINE
8
BLACK
6
CONTINUOUS
10
145.402
20
-98.6955
11
145.381
21
-98.6161
0
LINE
8
BLACK
6
CONTINUOUS
10
145.381
20
-98.6161
11
145.381
21
-98.6161
0
LINE
8
BLACK
6
CONTINUOUS
10
145.381
20
-98.6161
11
145.379
21
-98.6108
0
LINE
8
BLACK
6
CONTINUOUS
10
145.379
20
-98.6108
11
145.333
21
-98.5122
0
LINE
8
BLACK
6
CONTINUOUS
10
145.333
20
-98.5122
11
145.285
21
-98.4082
0
LINE
8
BLACK
6
CONTINUOUS
10
145.285
20
-98.4082
11
145.285
21
-98.4082
0
LINE
8
BLACK
6
CONTINUOUS
10
145.285
20
-98.4082
11
145.283
21
-98.4033
0
LINE
8
BLACK
6
CONTINUOUS
10
145.283
20
-98.4033
11
145.201
21
-98.2867
0
LINE
8
BLACK
6
CONTINUOUS
10
145.201
20
-98.2867
11
145.154
21
-98.2202
0
LINE
8
BLACK
6
CONTINUOUS
10
145.154
20
-98.2202
11
145.154
21
-98.2202
0
LINE
8
BLACK
6
CONTINUOUS
10
145.154
20
-98.2202
11
145.151
21
-98.2157
0
LINE
8
BLACK
6
CONTINUOUS
10
145.151
20
-98.2157
11
144.989
21
-98.0538
0
LINE
8
BLACK
6
CONTINUOUS
10
144.989
20
-98.0538
11
144.985
21
-98.0506
0
LINE
8
BLACK
6
CONTINUOUS
10
144.985
20
-98.0506
11
144.985
21
-98.0506
0
LINE
8
BLACK
6
CONTINUOUS
10
144.985
20
-98.0506
11
144.836
21
-97.9466
0
LINE
8
BLACK
6
CONTINUOUS
10
144.836
20
-97.9466
11
144.802
21
-97.9225
0
LINE
8
BLACK
6
CONTINUOUS
10
144.802
20
-97.9225
11
144.797
21
-97.9202
0
LINE
8
BLACK
6
CONTINUOUS
10
144.797
20
-97.9202
11
144.797
21
-97.9202
0
LINE
8
BLACK
6
CONTINUOUS
10
144.797
20
-97.9202
11
144.599
21
-97.828
0
LINE
8
BLACK
6
CONTINUOUS
10
144.599
20
-97.828
11
144.599
21
-97.828
0
LINE
8
BLACK
6
CONTINUOUS
10
144.599
20
-97.828
11
144.594
21
-97.8257
0
LINE
8
BLACK
6
CONTINUOUS
10
144.594
20
-97.8257
11
144.589
21
-97.8243
0
LINE
8
BLACK
6
CONTINUOUS
10
144.589
20
-97.8243
11
144.589
21
-97.8243
0
LINE
8
BLACK
6
CONTINUOUS
10
144.589
20
-97.8243
11
144.378
21
-97.7679
0
LINE
8
BLACK
6
CONTINUOUS
10
144.378
20
-97.7679
11
144.378
21
-97.7679
0
LINE
8
BLACK
6
CONTINUOUS
10
144.378
20
-97.7679
11
144.373
21
-97.7665
0
LINE
8
BLACK
6
CONTINUOUS
10
144.373
20
-97.7665
11
144.145
21
-97.7465
0
LINE
8
BLACK
6
CONTINUOUS
10
144.145
20
-97.7465
11
143.917
21
-97.7665
0
LINE
8
BLACK
6
CONTINUOUS
10
143.917
20
-97.7665
11
143.912
21
-97.7679
0
LINE
8
BLACK
6
CONTINUOUS
10
143.912
20
-97.7679
11
143.912
21
-97.7679
0
LINE
8
BLACK
6
CONTINUOUS
10
143.912
20
-97.7679
11
143.701
21
-97.8243
0
LINE
8
BLACK
6
CONTINUOUS
10
143.701
20
-97.8243
11
143.701
21
-97.8243
0
LINE
8
BLACK
6
CONTINUOUS
10
143.701
20
-97.8243
11
143.696
21
-97.8257
0
LINE
8
BLACK
6
CONTINUOUS
10
143.696
20
-97.8257
11
143.691
21
-97.828
0
LINE
8
BLACK
6
CONTINUOUS
10
143.691
20
-97.828
11
143.691
21
-97.828
0
LINE
8
BLACK
6
CONTINUOUS
10
143.691
20
-97.828
11
143.493
21
-97.9202
0
LINE
8
BLACK
6
CONTINUOUS
10
143.493
20
-97.9202
11
143.493
21
-97.9202
0
LINE
8
BLACK
6
CONTINUOUS
10
143.493
20
-97.9202
11
143.488
21
-97.9225
0
LINE
8
BLACK
6
CONTINUOUS
10
143.488
20
-97.9225
11
143.454
21
-97.9466
0
LINE
8
BLACK
6
CONTINUOUS
10
143.454
20
-97.9466
11
143.305
21
-98.0506
0
LINE
8
BLACK
6
CONTINUOUS
10
143.305
20
-98.0506
11
143.305
21
-98.0506
0
LINE
8
BLACK
6
CONTINUOUS
10
143.305
20
-98.0506
11
143.301
21
-98.0538
0
LINE
8
BLACK
6
CONTINUOUS
10
143.301
20
-98.0538
11
143.139
21
-98.2157
0
LINE
8
BLACK
6
CONTINUOUS
10
143.139
20
-98.2157
11
143.136
21
-98.2202
0
LINE
8
BLACK
6
CONTINUOUS
10
143.136
20
-98.2202
11
143.136
21
-98.2202
0
LINE
8
BLACK
6
CONTINUOUS
10
143.136
20
-98.2202
11
143.089
21
-98.2867
0
LINE
8
BLACK
6
CONTINUOUS
10
143.089
20
-98.2867
11
143.007
21
-98.4033
0
LINE
8
BLACK
6
CONTINUOUS
10
143.007
20
-98.4033
11
143.005
21
-98.4082
0
LINE
8
BLACK
6
CONTINUOUS
10
143.005
20
-98.4082
11
143.005
21
-98.4082
0
LINE
8
BLACK
6
CONTINUOUS
10
143.005
20
-98.4082
11
142.957
21
-98.5122
0
LINE
8
BLACK
6
CONTINUOUS
10
142.957
20
-98.5122
11
142.911
21
-98.6108
0
LINE
8
BLACK
6
CONTINUOUS
10
142.911
20
-98.6108
11
142.909
21
-98.6161
0
LINE
8
BLACK
6
CONTINUOUS
10
142.909
20
-98.6161
11
142.909
21
-98.6161
0
LINE
8
BLACK
6
CONTINUOUS
10
142.909
20
-98.6161
11
142.888
21
-98.6955
0
LINE
8
BLACK
6
CONTINUOUS
10
142.888
20
-98.6955
11
142.851
21
-98.8319
0
LINE
8
BLACK
6
CONTINUOUS
10
142.851
20
-98.8319
11
142.832
21
-99.06
0
LINE
8
BLACK
6
CONTINUOUS
10
142.832
20
-99.06
11
142.851
21
-99.2881
0
LINE
8
BLACK
6
CONTINUOUS
10
142.851
20
-99.2881
11
142.853
21
-99.2934
0
LINE
8
BLACK
6
CONTINUOUS
10
142.853
20
-99.2934
11
142.853
21
-99.2934
0
LINE
8
BLACK
6
CONTINUOUS
10
142.853
20
-99.2934
11
142.89
21
-99.432
0
LINE
8
BLACK
6
CONTINUOUS
10
142.89
20
-99.432
11
142.911
21
-99.5092
0
LINE
8
BLACK
6
CONTINUOUS
10
142.911
20
-99.5092
11
142.913
21
-99.5142
0
LINE
8
BLACK
6
CONTINUOUS
10
142.913
20
-99.5142
11
142.913
21
-99.5142
0
LINE
8
BLACK
6
CONTINUOUS
10
142.913
20
-99.5142
11
143.005
21
-99.7118
0
LINE
8
BLACK
6
CONTINUOUS
10
143.005
20
-99.7118
11
143.005
21
-99.7118
0
LINE
8
BLACK
6
CONTINUOUS
10
143.005
20
-99.7118
11
143.007
21
-99.7167
0
LINE
8
BLACK
6
CONTINUOUS
10
143.007
20
-99.7167
11
143.038
21
-99.7608
0
LINE
8
BLACK
6
CONTINUOUS
10
143.038
20
-99.7608
11
143.114
21
-99.8685
0
LINE
8
BLACK
6
CONTINUOUS
10
143.114
20
-99.8685
11
143.136
21
-99.9407
0
LINE
8
BLACK
6
CONTINUOUS
10
143.136
20
-99.9407
11
143.136
21
-100.495
0
LINE
8
BLACK
6
CONTINUOUS
10
143.136
20
-100.495
11
143.116
21
-100.563
0
LINE
8
BLACK
6
CONTINUOUS
10
143.116
20
-100.563
11
143.1
21
-100.584
0
LINE
8
BLACK
6
CONTINUOUS
10
143.1
20
-100.584
11
141.859
21
-101.825
0
LINE
8
BLACK
6
CONTINUOUS
10
141.859
20
-101.825
11
141.797
21
-101.859
0
LINE
8
BLACK
6
CONTINUOUS
10
141.797
20
-101.859
11
141.77
21
-101.861
0
LINE
8
BLACK
6
CONTINUOUS
10
141.77
20
-101.861
11
140.739
21
-101.861
0
LINE
8
BLACK
6
CONTINUOUS
10
140.739
20
-101.861
11
140.671
21
-101.841
0
LINE
8
BLACK
6
CONTINUOUS
10
140.671
20
-101.841
11
140.661
21
-101.834
0
LINE
8
BLACK
6
CONTINUOUS
10
140.661
20
-101.834
11
140.486
21
-101.696
0
LINE
8
BLACK
6
CONTINUOUS
10
140.486
20
-101.696
11
140.486
21
-101.696
0
LINE
8
BLACK
6
CONTINUOUS
10
140.486
20
-101.696
11
140.482
21
-101.693
0
LINE
8
BLACK
6
CONTINUOUS
10
140.482
20
-101.693
11
140.478
21
-101.69
0
LINE
8
BLACK
6
CONTINUOUS
10
140.478
20
-101.69
11
140.478
21
-101.69
0
LINE
8
BLACK
6
CONTINUOUS
10
140.478
20
-101.69
11
140.284
21
-101.583
0
LINE
8
BLACK
6
CONTINUOUS
10
140.284
20
-101.583
11
140.284
21
-101.583
0
LINE
8
BLACK
6
CONTINUOUS
10
140.284
20
-101.583
11
140.279
21
-101.581
0
LINE
8
BLACK
6
CONTINUOUS
10
140.279
20
-101.581
11
140.274
21
-101.579
0
LINE
8
BLACK
6
CONTINUOUS
10
140.274
20
-101.579
11
140.274
21
-101.579
0
LINE
8
BLACK
6
CONTINUOUS
10
140.274
20
-101.579
11
140.066
21
-101.505
0
LINE
8
BLACK
6
CONTINUOUS
10
140.066
20
-101.505
11
140.066
21
-101.505
0
LINE
8
BLACK
6
CONTINUOUS
10
140.066
20
-101.505
11
140.061
21
-101.504
0
LINE
8
BLACK
6
CONTINUOUS
10
140.061
20
-101.504
11
140.056
21
-101.503
0
LINE
8
BLACK
6
CONTINUOUS
10
140.056
20
-101.503
11
140.056
21
-101.503
0
LINE
8
BLACK
6
CONTINUOUS
10
140.056
20
-101.503
11
139.838
21
-101.464
0
LINE
8
BLACK
6
CONTINUOUS
10
139.838
20
-101.464
11
139.838
21
-101.464
0
LINE
8
BLACK
6
CONTINUOUS
10
139.838
20
-101.464
11
139.833
21
-101.463
0
LINE
8
BLACK
6
CONTINUOUS
10
139.833
20
-101.463
11
139.76
21
-101.462
0
LINE
8
BLACK
6
CONTINUOUS
10
139.76
20
-101.462
11
139.607
21
-101.46
0
LINE
8
BLACK
6
CONTINUOUS
10
139.607
20
-101.46
11
139.607
21
-101.46
0
LINE
8
BLACK
6
CONTINUOUS
10
139.607
20
-101.46
11
139.601
21
-101.46
0
LINE
8
BLACK
6
CONTINUOUS
10
139.601
20
-101.46
11
139.372
21
-101.495
0
LINE
8
BLACK
6
CONTINUOUS
10
139.372
20
-101.495
11
139.152
21
-101.567
0
LINE
8
BLACK
6
CONTINUOUS
10
139.152
20
-101.567
11
139.148
21
-101.569
0
LINE
8
BLACK
6
CONTINUOUS
10
139.148
20
-101.569
11
139.148
21
-101.569
0
LINE
8
BLACK
6
CONTINUOUS
10
139.148
20
-101.569
11
139.002
21
-101.645
0
LINE
8
BLACK
6
CONTINUOUS
10
139.002
20
-101.645
11
138.947
21
-101.674
0
LINE
8
BLACK
6
CONTINUOUS
10
138.947
20
-101.674
11
138.943
21
-101.677
0
LINE
8
BLACK
6
CONTINUOUS
10
138.943
20
-101.677
11
138.943
21
-101.677
0
LINE
8
BLACK
6
CONTINUOUS
10
138.943
20
-101.677
11
138.783
21
-101.797
0
LINE
8
BLACK
6
CONTINUOUS
10
138.783
20
-101.797
11
138.762
21
-101.813
0
LINE
8
BLACK
6
CONTINUOUS
10
138.762
20
-101.813
11
138.602
21
-101.981
0
LINE
8
BLACK
6
CONTINUOUS
10
138.602
20
-101.981
11
138.471
21
-102.172
0
LINE
8
BLACK
6
CONTINUOUS
10
138.471
20
-102.172
11
138.374
21
-102.382
0
LINE
8
BLACK
6
CONTINUOUS
10
138.374
20
-102.382
11
138.312
21
-102.605
0
LINE
8
BLACK
6
CONTINUOUS
10
138.312
20
-102.605
11
138.287
21
-102.835
0
LINE
8
BLACK
6
CONTINUOUS
10
138.287
20
-102.835
11
138.287
21
-102.841
0
LINE
8
BLACK
6
CONTINUOUS
10
138.287
20
-102.841
11
138.287
21
-102.841
0
LINE
8
BLACK
6
CONTINUOUS
10
138.287
20
-102.841
11
138.3
21
-103.062
0
LINE
8
BLACK
6
CONTINUOUS
10
138.3
20
-103.062
11
138.3
21
-103.067
0
LINE
8
BLACK
6
CONTINUOUS
10
138.3
20
-103.067
11
138.302
21
-103.072
0
LINE
8
BLACK
6
CONTINUOUS
10
138.302
20
-103.072
11
138.302
21
-103.072
0
LINE
8
BLACK
6
CONTINUOUS
10
138.302
20
-103.072
11
138.319
21
-103.148
0
LINE
8
BLACK
6
CONTINUOUS
10
138.319
20
-103.148
11
138.351
21
-103.293
0
LINE
8
BLACK
6
CONTINUOUS
10
138.351
20
-103.293
11
138.353
21
-103.297
0
LINE
8
BLACK
6
CONTINUOUS
10
138.353
20
-103.297
11
138.353
21
-103.297
0
LINE
8
BLACK
6
CONTINUOUS
10
138.353
20
-103.297
11
138.418
21
-103.458
0
LINE
8
BLACK
6
CONTINUOUS
10
138.418
20
-103.458
11
138.438
21
-103.507
0
LINE
8
BLACK
6
CONTINUOUS
10
138.438
20
-103.507
11
138.56
21
-103.705
0
LINE
8
BLACK
6
CONTINUOUS
10
138.56
20
-103.705
11
138.563
21
-103.709
0
LINE
8
BLACK
6
CONTINUOUS
10
138.563
20
-103.709
11
138.672
21
-103.834
0
LINE
8
BLACK
6
CONTINUOUS
10
138.672
20
-103.834
11
138.701
21
-103.899
0
LINE
8
BLACK
6
CONTINUOUS
10
138.701
20
-103.899
11
138.691
21
-103.969
0
LINE
8
BLACK
6
CONTINUOUS
10
138.691
20
-103.969
11
138.645
21
-104.023
0
LINE
8
BLACK
6
CONTINUOUS
10
138.645
20
-104.023
11
138.621
21
-104.035
0
LINE
8
BLACK
6
CONTINUOUS
10
138.621
20
-104.035
11
138.562
21
-104.057
0
LINE
8
BLACK
6
CONTINUOUS
10
138.562
20
-104.057
11
138.546
21
-104.065
0
LINE
8
BLACK
6
CONTINUOUS
10
138.546
20
-104.065
11
138.444
21
-104.142
0
LINE
8
BLACK
6
CONTINUOUS
10
138.444
20
-104.142
11
138.432
21
-104.154
0
LINE
8
BLACK
6
CONTINUOUS
10
138.432
20
-104.154
11
138.355
21
-104.256
0
LINE
8
BLACK
6
CONTINUOUS
10
138.355
20
-104.256
11
138.347
21
-104.272
0
LINE
8
BLACK
6
CONTINUOUS
10
138.347
20
-104.272
11
138.302
21
-104.392
0
LINE
8
BLACK
6
CONTINUOUS
10
138.302
20
-104.392
11
138.298
21
-104.408
0
LINE
8
BLACK
6
CONTINUOUS
10
138.298
20
-104.408
11
138.292
21
-104.459
0
LINE
8
BLACK
6
CONTINUOUS
10
138.292
20
-104.459
11
138.292
21
-104.465
0
LINE
8
BLACK
6
CONTINUOUS
10
138.292
20
-104.465
11
138.292
21
-105.138
0
LINE
8
BLACK
6
CONTINUOUS
10
138.292
20
-105.138
11
138.296
21
-105.153
0
LINE
8
BLACK
6
CONTINUOUS
10
138.296
20
-105.153
11
138.298
21
-105.154
0
LINE
8
BLACK
6
CONTINUOUS
10
138.298
20
-105.154
11
138.306
21
-105.156
0
LINE
8
BLACK
6
CONTINUOUS
10
138.306
20
-105.156
11
138.8
21
-105.156
0
LINE
8
BLACK
6
CONTINUOUS
10
138.8
20
-105.156
11
138.8
21
-104.51
0
LINE
8
BLACK
6
CONTINUOUS
10
138.8
20
-104.51
11
140.6
21
-104.51
0
LINE
8
BLACK
6
CONTINUOUS
10
140.6
20
-104.51
11
140.6
21
-105.156
0
LINE
8
BLACK
6
CONTINUOUS
10
140.6
20
-105.156
11
141.09
21
-105.156
0
LINE
8
BLACK
6
CONTINUOUS
10
141.09
20
-105.156
11
141.105
21
-105.152
0
LINE
8
BLACK
6
CONTINUOUS
10
141.105
20
-105.152
11
141.106
21
-105.15
0
LINE
8
BLACK
6
CONTINUOUS
10
141.106
20
-105.15
11
141.108
21
-105.142
0
LINE
8
BLACK
6
CONTINUOUS
10
141.108
20
-105.142
11
141.108
21
-104.465
0
LINE
8
BLACK
6
CONTINUOUS
10
141.108
20
-104.465
11
141.108
21
-104.459
0
LINE
8
BLACK
6
CONTINUOUS
10
141.108
20
-104.459
11
141.102
21
-104.408
0
LINE
8
BLACK
6
CONTINUOUS
10
141.102
20
-104.408
11
141.102
21
-104.407
0
LINE
8
BLACK
6
CONTINUOUS
10
141.102
20
-104.407
11
141.098
21
-104.392
0
LINE
8
BLACK
6
CONTINUOUS
10
141.098
20
-104.392
11
141.053
21
-104.272
0
LINE
8
BLACK
6
CONTINUOUS
10
134.546
20
-102.833
11
134.551
21
-102.831
0
LINE
8
BLACK
6
CONTINUOUS
10
134.551
20
-102.831
11
134.766
21
-102.698
0
LINE
8
BLACK
6
CONTINUOUS
10
134.766
20
-102.698
11
134.959
21
-102.534
0
LINE
8
BLACK
6
CONTINUOUS
10
134.959
20
-102.534
11
135.123
21
-102.341
0
LINE
8
BLACK
6
CONTINUOUS
10
135.123
20
-102.341
11
135.256
21
-102.126
0
LINE
8
BLACK
6
CONTINUOUS
10
135.256
20
-102.126
11
135.277
21
-102.074
0
LINE
8
BLACK
6
CONTINUOUS
10
135.277
20
-102.074
11
135.351
21
-101.896
0
LINE
8
BLACK
6
CONTINUOUS
10
135.351
20
-101.896
11
135.351
21
-101.896
0
LINE
8
BLACK
6
CONTINUOUS
10
135.351
20
-101.896
11
135.353
21
-101.892
0
LINE
8
BLACK
6
CONTINUOUS
10
135.353
20
-101.892
11
135.377
21
-101.79
0
LINE
8
BLACK
6
CONTINUOUS
10
135.377
20
-101.79
11
135.41
21
-101.65
0
LINE
8
BLACK
6
CONTINUOUS
10
135.41
20
-101.65
11
135.41
21
-101.65
0
LINE
8
BLACK
6
CONTINUOUS
10
135.41
20
-101.65
11
135.412
21
-101.645
0
LINE
8
BLACK
6
CONTINUOUS
10
135.412
20
-101.645
11
135.431
21
-101.393
0
LINE
8
BLACK
6
CONTINUOUS
10
135.431
20
-101.393
11
135.412
21
-101.141
0
LINE
8
BLACK
6
CONTINUOUS
10
135.412
20
-101.141
11
135.403
21
-101.106
0
LINE
8
BLACK
6
CONTINUOUS
10
135.403
20
-101.106
11
135.359
21
-100.923
0
LINE
8
BLACK
6
CONTINUOUS
10
135.359
20
-100.923
11
135.353
21
-100.894
0
LINE
8
BLACK
6
CONTINUOUS
10
135.353
20
-100.894
11
135.351
21
-100.89
0
LINE
8
BLACK
6
CONTINUOUS
10
135.351
20
-100.89
11
135.258
21
-100.665
0
LINE
8
BLACK
6
CONTINUOUS
10
135.258
20
-100.665
11
135.258
21
-100.665
0
LINE
8
BLACK
6
CONTINUOUS
10
135.258
20
-100.665
11
135.256
21
-100.661
0
LINE
8
BLACK
6
CONTINUOUS
10
135.256
20
-100.661
11
135.123
21
-100.445
0
LINE
8
BLACK
6
CONTINUOUS
10
135.123
20
-100.445
11
134.972
21
-100.267
0
LINE
8
BLACK
6
CONTINUOUS
10
134.972
20
-100.267
11
134.943
21
-100.202
0
LINE
8
BLACK
6
CONTINUOUS
10
134.943
20
-100.202
11
134.942
21
-100.185
0
LINE
8
BLACK
6
CONTINUOUS
10
134.942
20
-100.185
11
134.942
21
-97.9419
0
LINE
8
BLACK
6
CONTINUOUS
10
134.942
20
-97.9419
11
134.962
21
-97.8738
0
LINE
8
BLACK
6
CONTINUOUS
10
134.962
20
-97.8738
11
134.998
21
-97.8371
0
LINE
8
BLACK
6
CONTINUOUS
10
134.998
20
-97.8371
11
135.001
21
-97.8347
0
LINE
8
BLACK
6
CONTINUOUS
10
135.001
20
-97.8347
11
135.028
21
-97.817
0
LINE
8
BLACK
6
CONTINUOUS
10
135.028
20
-97.817
11
135.071
21
-97.7878
0
LINE
8
BLACK
6
CONTINUOUS
10
135.071
20
-97.7878
11
135.071
21
-97.7878
0
LINE
8
BLACK
6
CONTINUOUS
10
135.071
20
-97.7878
11
135.075
21
-97.7853
0
LINE
8
BLACK
6
CONTINUOUS
10
135.075
20
-97.7853
11
135.078
21
-97.7824
0
LINE
8
BLACK
6
CONTINUOUS
10
135.078
20
-97.7824
11
135.078
21
-97.7823
0
LINE
8
BLACK
6
CONTINUOUS
10
135.078
20
-97.7823
11
135.268
21
-97.6127
0
LINE
8
BLACK
6
CONTINUOUS
10
135.268
20
-97.6127
11
135.268
21
-97.6127
0
LINE
8
BLACK
6
CONTINUOUS
10
135.268
20
-97.6127
11
135.271
21
-97.6097
0
LINE
8
BLACK
6
CONTINUOUS
10
135.271
20
-97.6097
11
135.44
21
-97.4083
0
LINE
8
BLACK
6
CONTINUOUS
10
135.44
20
-97.4083
11
135.457
21
-97.3809
0
LINE
8
BLACK
6
CONTINUOUS
10
135.457
20
-97.3809
11
135.51
21
-97.3337
0
LINE
8
BLACK
6
CONTINUOUS
10
135.51
20
-97.3337
11
135.564
21
-97.3216
0
LINE
8
BLACK
6
CONTINUOUS
10
135.564
20
-97.3216
11
139.065
21
-97.3216
0
LINE
8
BLACK
6
CONTINUOUS
10
139.065
20
-97.3216
11
139.133
21
-97.3416
0
LINE
8
BLACK
6
CONTINUOUS
10
139.133
20
-97.3416
11
139.168
21
-97.3759
0
LINE
8
BLACK
6
CONTINUOUS
10
139.168
20
-97.3759
11
139.208
21
-97.4329
0
LINE
8
BLACK
6
CONTINUOUS
10
139.208
20
-97.4329
11
139.239
21
-97.4781
0
LINE
8
BLACK
6
CONTINUOUS
10
139.239
20
-97.4781
11
139.357
21
-97.6061
0
LINE
8
BLACK
6
CONTINUOUS
10
139.357
20
-97.6061
11
139.41
21
-97.6632
0
LINE
8
BLACK
6
CONTINUOUS
10
139.41
20
-97.6632
11
139.418
21
-97.6713
0
LINE
8
BLACK
6
CONTINUOUS
10
139.418
20
-97.6713
11
139.622
21
-97.8375
0
LINE
8
BLACK
6
CONTINUOUS
10
139.622
20
-97.8375
11
139.625
21
-97.8398
0
LINE
8
BLACK
6
CONTINUOUS
10
139.625
20
-97.8398
11
139.625
21
-97.8398
0
LINE
8
BLACK
6
CONTINUOUS
10
139.625
20
-97.8398
11
139.843
21
-97.9709
0
LINE
8
BLACK
6
CONTINUOUS
10
139.843
20
-97.9709
11
139.843
21
-97.9709
0
LINE
8
BLACK
6
CONTINUOUS
10
139.843
20
-97.9709
11
139.847
21
-97.9732
0
LINE
8
BLACK
6
CONTINUOUS
10
139.847
20
-97.9732
11
139.971
21
-98.0256
0
LINE
8
BLACK
6
CONTINUOUS
10
139.971
20
-98.0256
11
140.085
21
-98.0741
0
LINE
8
BLACK
6
CONTINUOUS
10
140.085
20
-98.0741
11
140.085
21
-98.0741
0
LINE
8
BLACK
6
CONTINUOUS
10
140.085
20
-98.0741
11
140.089
21
-98.0759
0
LINE
8
BLACK
6
CONTINUOUS
10
140.089
20
-98.0759
11
140.094
21
-98.077
0
LINE
8
BLACK
6
CONTINUOUS
10
140.094
20
-98.077
11
140.094
21
-98.077
0
LINE
8
BLACK
6
CONTINUOUS
10
140.094
20
-98.077
11
140.217
21
-98.1096
0
LINE
8
BLACK
6
CONTINUOUS
10
140.217
20
-98.1096
11
140.344
21
-98.1433
0
LINE
8
BLACK
6
CONTINUOUS
10
140.344
20
-98.1433
11
140.605
21
-98.1742
0
LINE
8
BLACK
6
CONTINUOUS
10
140.605
20
-98.1742
11
140.868
21
-98.168
0
LINE
8
BLACK
6
CONTINUOUS
10
140.868
20
-98.168
11
140.873
21
-98.1673
0
LINE
8
BLACK
6
CONTINUOUS
10
140.873
20
-98.1673
11
141.124
21
-98.1256
0
LINE
8
BLACK
6
CONTINUOUS
10
141.124
20
-98.1256
11
141.124
21
-98.1256
0
LINE
8
BLACK
6
CONTINUOUS
10
141.124
20
-98.1256
11
141.128
21
-98.1248
0
LINE
8
BLACK
6
CONTINUOUS
10
141.128
20
-98.1248
11
141.132
21
-98.1235
0
LINE
8
BLACK
6
CONTINUOUS
10
141.132
20
-98.1235
11
141.132
21
-98.1235
0
LINE
8
BLACK
6
CONTINUOUS
10
141.132
20
-98.1235
11
141.375
21
-98.0468
0
LINE
8
BLACK
6
CONTINUOUS
10
141.375
20
-98.0468
11
141.375
21
-98.0468
0
LINE
8
BLACK
6
CONTINUOUS
10
141.375
20
-98.0468
11
141.379
21
-98.0455
0
LINE
8
BLACK
6
CONTINUOUS
10
141.379
20
-98.0455
11
141.383
21
-98.0435
0
LINE
8
BLACK
6
CONTINUOUS
10
141.383
20
-98.0435
11
141.383
21
-98.0435
0
LINE
8
BLACK
6
CONTINUOUS
10
141.383
20
-98.0435
11
141.612
21
-97.9335
0
LINE
8
BLACK
6
CONTINUOUS
10
141.612
20
-97.9335
11
141.612
21
-97.9335
0
LINE
8
BLACK
6
CONTINUOUS
10
141.612
20
-97.9335
11
141.616
21
-97.9315
0
LINE
8
BLACK
6
CONTINUOUS
10
141.616
20
-97.9315
11
141.751
21
-97.8416
0
LINE
8
BLACK
6
CONTINUOUS
10
141.751
20
-97.8416
11
141.831
21
-97.7878
0
LINE
8
BLACK
6
CONTINUOUS
10
141.831
20
-97.7878
11
141.831
21
-97.7878
0
LINE
8
BLACK
6
CONTINUOUS
10
141.831
20
-97.7878
11
141.835
21
-97.7853
0
LINE
8
BLACK
6
CONTINUOUS
10
141.835
20
-97.7853
11
141.838
21
-97.7824
0
LINE
8
BLACK
6
CONTINUOUS
10
141.838
20
-97.7824
11
141.838
21
-97.7823
0
LINE
8
BLACK
6
CONTINUOUS
10
141.838
20
-97.7823
11
142.028
21
-97.6127
0
LINE
8
BLACK
6
CONTINUOUS
10
142.028
20
-97.6127
11
142.028
21
-97.6127
0
LINE
8
BLACK
6
CONTINUOUS
10
142.028
20
-97.6127
11
142.031
21
-97.6097
0
LINE
8
BLACK
6
CONTINUOUS
10
142.031
20
-97.6097
11
142.2
21
-97.4083
0
LINE
8
BLACK
6
CONTINUOUS
10
142.2
20
-97.4083
11
142.214
21
-97.3863
0
LINE
8
BLACK
6
CONTINUOUS
10
142.214
20
-97.3863
11
142.326
21
-97.2062
0
LINE
8
BLACK
6
CONTINUOUS
10
142.326
20
-97.2062
11
142.34
21
-97.1849
0
LINE
8
BLACK
6
CONTINUOUS
10
142.34
20
-97.1849
11
142.342
21
-97.1807
0
LINE
8
BLACK
6
CONTINUOUS
10
142.342
20
-97.1807
11
142.444
21
-96.9483
0
LINE
8
BLACK
6
CONTINUOUS
10
142.444
20
-96.9483
11
142.446
21
-96.9442
0
LINE
8
BLACK
6
CONTINUOUS
10
142.446
20
-96.9442
11
142.518
21
-96.6909
0
LINE
8
BLACK
6
CONTINUOUS
10
142.518
20
-96.6909
11
142.529
21
-96.607
0
LINE
8
BLACK
6
CONTINUOUS
10
142.529
20
-96.607
11
142.552
21
-96.4332
0
LINE
8
BLACK
6
CONTINUOUS
10
142.552
20
-96.4332
11
142.552
21
-96.4332
0
LINE
8
BLACK
6
CONTINUOUS
10
142.552
20
-96.4332
11
142.553
21
-96.4301
0
LINE
8
BLACK
6
CONTINUOUS
10
142.553
20
-96.4301
11
142.554
21
-96.3931
0
LINE
8
BLACK
6
CONTINUOUS
10
142.554
20
-96.3931
11
142.556
21
-96.3163
0
LINE
8
BLACK
6
CONTINUOUS
10
142.556
20
-96.3163
11
142.556
21
-96.3163
0
LINE
8
BLACK
6
CONTINUOUS
10
142.556
20
-96.3163
11
142.556
21
-96.3131
0
LINE
8
BLACK
6
CONTINUOUS
10
142.556
20
-96.3131
11
142.554
21
-96.2883
0
LINE
8
BLACK
6
CONTINUOUS
10
142.554
20
-96.2883
11
142.538
21
-96.055
0
LINE
8
BLACK
6
CONTINUOUS
10
142.538
20
-96.055
11
142.538
21
-96.0505
0
LINE
8
BLACK
6
CONTINUOUS
10
142.538
20
-96.0505
11
142.532
21
-96.0241
0
LINE
8
BLACK
6
CONTINUOUS
10
142.532
20
-96.0241
11
142.483
21
-95.7976
0
LINE
8
BLACK
6
CONTINUOUS
10
142.483
20
-95.7976
11
142.482
21
-95.7932
0
LINE
8
BLACK
6
CONTINUOUS
10
142.482
20
-95.7932
11
142.479
21
-95.7855
0
LINE
8
BLACK
6
CONTINUOUS
10
142.479
20
-95.7855
11
142.393
21
-95.5505
0
LINE
8
BLACK
6
CONTINUOUS
10
142.393
20
-95.5505
11
142.391
21
-95.5463
0
LINE
8
BLACK
6
CONTINUOUS
10
142.391
20
-95.5463
11
142.388
21
-95.5395
0
LINE
8
BLACK
6
CONTINUOUS
10
142.388
20
-95.5395
11
142.268
21
-95.3186
0
LINE
8
BLACK
6
CONTINUOUS
10
142.268
20
-95.3186
11
142.266
21
-95.3147
0
LINE
8
BLACK
6
CONTINUOUS
10
142.266
20
-95.3147
11
142.11
21
-95.103
0
LINE
8
BLACK
6
CONTINUOUS
10
142.11
20
-95.103
11
142.102
21
-95.0949
0
LINE
8
BLACK
6
CONTINUOUS
10
142.102
20
-95.0949
11
141.974
21
-94.9648
0
LINE
8
BLACK
6
CONTINUOUS
10
141.974
20
-94.9648
11
141.925
21
-94.9154
0
LINE
8
BLACK
6
CONTINUOUS
10
141.925
20
-94.9154
11
141.922
21
-94.9127
0
LINE
8
BLACK
6
CONTINUOUS
10
141.922
20
-94.9127
11
141.922
21
-94.9127
0
LINE
8
BLACK
6
CONTINUOUS
10
141.922
20
-94.9127
11
141.72
21
-94.7585
0
LINE
8
BLACK
6
CONTINUOUS
10
141.72
20
-94.7585
11
141.72
21
-94.7585
0
LINE
8
BLACK
6
CONTINUOUS
10
141.72
20
-94.7585
11
141.716
21
-94.7558
0
LINE
8
BLACK
6
CONTINUOUS
10
141.716
20
-94.7558
11
141.486
21
-94.6272
0
LINE
8
BLACK
6
CONTINUOUS
10
141.486
20
-94.6272
11
141.241
21
-94.5322
0
LINE
8
BLACK
6
CONTINUOUS
10
141.241
20
-94.5322
11
141.237
21
-94.5312
0
LINE
8
BLACK
6
CONTINUOUS
10
141.237
20
-94.5312
11
141.237
21
-94.5312
0
LINE
8
BLACK
6
CONTINUOUS
10
141.237
20
-94.5312
11
141.096
21
-94.4986
0
LINE
8
BLACK
6
CONTINUOUS
10
141.096
20
-94.4986
11
140.984
21
-94.4728
0
LINE
8
BLACK
6
CONTINUOUS
10
140.984
20
-94.4728
11
140.722
21
-94.4501
0
LINE
8
BLACK
6
CONTINUOUS
10
140.722
20
-94.4501
11
140.718
21
-94.4503
0
LINE
8
BLACK
6
CONTINUOUS
10
140.718
20
-94.4503
11
140.718
21
-94.4503
0
LINE
8
BLACK
6
CONTINUOUS
10
140.718
20
-94.4503
11
140.464
21
-94.4643
0
LINE
8
BLACK
6
CONTINUOUS
10
140.464
20
-94.4643
11
140.464
21
-94.4643
0
LINE
8
BLACK
6
CONTINUOUS
10
140.464
20
-94.4643
11
140.459
21
-94.4645
0
LINE
8
BLACK
6
CONTINUOUS
10
140.459
20
-94.4645
11
140.331
21
-94.49
0
LINE
8
BLACK
6
CONTINUOUS
10
140.331
20
-94.49
11
140.206
21
-94.515
0
LINE
8
BLACK
6
CONTINUOUS
10
140.206
20
-94.515
11
140.206
21
-94.515
0
LINE
8
BLACK
6
CONTINUOUS
10
140.206
20
-94.515
11
140.201
21
-94.5159
0
LINE
8
BLACK
6
CONTINUOUS
10
140.201
20
-94.5159
11
140.197
21
-94.5173
0
LINE
8
BLACK
6
CONTINUOUS
10
140.197
20
-94.5173
11
139.957
21
-94.6016
0
LINE
8
BLACK
6
CONTINUOUS
10
139.957
20
-94.6016
11
139.957
21
-94.6016
0
LINE
8
BLACK
6
CONTINUOUS
10
139.957
20
-94.6016
11
139.953
21
-94.6031
0
LINE
8
BLACK
6
CONTINUOUS
10
139.953
20
-94.6031
11
139.949
21
-94.6051
0
LINE
8
BLACK
6
CONTINUOUS
10
139.949
20
-94.6051
11
139.949
21
-94.6051
0
LINE
8
BLACK
6
CONTINUOUS
10
139.949
20
-94.6051
11
139.818
21
-94.6734
0
LINE
8
BLACK
6
CONTINUOUS
10
139.818
20
-94.6734
11
139.719
21
-94.7244
0
LINE
8
BLACK
6
CONTINUOUS
10
139.719
20
-94.7244
11
139.716
21
-94.727
0
LINE
8
BLACK
6
CONTINUOUS
10
139.716
20
-94.727
11
139.716
21
-94.727
0
LINE
8
BLACK
6
CONTINUOUS
10
139.716
20
-94.727
11
139.659
21
-94.7677
0
LINE
8
BLACK
6
CONTINUOUS
10
139.659
20
-94.7677
11
139.505
21
-94.8774
0
LINE
8
BLACK
6
CONTINUOUS
10
139.505
20
-94.8774
11
139.502
21
-94.8805
0
LINE
8
BLACK
6
CONTINUOUS
10
139.502
20
-94.8805
11
139.502
21
-94.8805
0
LINE
8
BLACK
6
CONTINUOUS
10
139.502
20
-94.8805
11
139.327
21
-95.0474
0
LINE
8
BLACK
6
CONTINUOUS
10
139.327
20
-95.0474
11
139.315
21
-95.0591
0
LINE
8
BLACK
6
CONTINUOUS
10
139.315
20
-95.0591
11
139.172
21
-95.2399
0
LINE
8
BLACK
6
CONTINUOUS
10
139.172
20
-95.2399
11
139.159
21
-95.2566
0
LINE
8
BLACK
6
CONTINUOUS
10
139.159
20
-95.2566
11
139.101
21
-95.2977
0
LINE
8
BLACK
6
CONTINUOUS
10
139.101
20
-95.2977
11
139.06
21
-95.3046
0
LINE
8
BLACK
6
CONTINUOUS
10
139.06
20
-95.3046
11
135.562
21
-95.3046
0
LINE
8
BLACK
6
CONTINUOUS
10
135.562
20
-95.3046
11
135.494
21
-95.2846
0
LINE
8
BLACK
6
CONTINUOUS
10
135.494
20
-95.2846
11
135.461
21
-95.2534
0
LINE
8
BLACK
6
CONTINUOUS
10
135.461
20
-95.2534
11
135.352
21
-95.1066
0
LINE
8
BLACK
6
CONTINUOUS
10
135.352
20
-95.1066
11
135.35
21
-95.103
0
LINE
8
BLACK
6
CONTINUOUS
10
135.35
20
-95.103
11
135.342
21
-95.0949
0
LINE
8
BLACK
6
CONTINUOUS
10
135.342
20
-95.0949
11
135.214
21
-94.9648
0
LINE
8
BLACK
6
CONTINUOUS
10
135.214
20
-94.9648
11
135.165
21
-94.9154
0
LINE
8
BLACK
6
CONTINUOUS
10
135.165
20
-94.9154
11
135.162
21
-94.9127
0
LINE
8
BLACK
6
CONTINUOUS
10
135.162
20
-94.9127
11
135.162
21
-94.9127
0
LINE
8
BLACK
6
CONTINUOUS
10
135.162
20
-94.9127
11
134.96
21
-94.7585
0
LINE
8
BLACK
6
CONTINUOUS
10
134.96
20
-94.7585
11
134.96
21
-94.7585
0
LINE
8
BLACK
6
CONTINUOUS
10
134.96
20
-94.7585
11
134.956
21
-94.7558
0
LINE
8
BLACK
6
CONTINUOUS
10
134.956
20
-94.7558
11
134.726
21
-94.6272
0
LINE
8
BLACK
6
CONTINUOUS
10
134.726
20
-94.6272
11
134.481
21
-94.5322
0
LINE
8
BLACK
6
CONTINUOUS
10
134.481
20
-94.5322
11
134.477
21
-94.5312
0
LINE
8
BLACK
6
CONTINUOUS
10
134.477
20
-94.5312
11
134.477
21
-94.5312
0
LINE
8
BLACK
6
CONTINUOUS
10
134.477
20
-94.5312
11
134.336
21
-94.4986
0
LINE
8
BLACK
6
CONTINUOUS
10
134.336
20
-94.4986
11
134.224
21
-94.4728
0
LINE
8
BLACK
6
CONTINUOUS
10
134.224
20
-94.4728
11
133.962
21
-94.4501
0
LINE
8
BLACK
6
CONTINUOUS
10
133.962
20
-94.4501
11
133.958
21
-94.4503
0
LINE
8
BLACK
6
CONTINUOUS
10
133.958
20
-94.4503
11
133.958
21
-94.4503
0
LINE
8
BLACK
6
CONTINUOUS
10
133.958
20
-94.4503
11
133.704
21
-94.4643
0
LINE
8
BLACK
6
CONTINUOUS
10
133.704
20
-94.4643
11
133.704
21
-94.4643
0
LINE
8
BLACK
6
CONTINUOUS
10
133.704
20
-94.4643
11
133.699
21
-94.4645
0
LINE
8
BLACK
6
CONTINUOUS
10
133.699
20
-94.4645
11
133.571
21
-94.49
0
LINE
8
BLACK
6
CONTINUOUS
10
133.571
20
-94.49
11
133.446
21
-94.515
0
LINE
8
BLACK
6
CONTINUOUS
10
133.446
20
-94.515
11
133.446
21
-94.515
0
LINE
8
BLACK
6
CONTINUOUS
10
133.446
20
-94.515
11
133.441
21
-94.5159
0
LINE
8
BLACK
6
CONTINUOUS
10
133.441
20
-94.5159
11
133.437
21
-94.5173
0
LINE
8
BLACK
6
CONTINUOUS
10
133.437
20
-94.5173
11
133.197
21
-94.6016
0
LINE
8
BLACK
6
CONTINUOUS
10
133.197
20
-94.6016
11
133.197
21
-94.6016
0
LINE
8
BLACK
6
CONTINUOUS
10
133.197
20
-94.6016
11
133.193
21
-94.6031
0
LINE
8
BLACK
6
CONTINUOUS
10
133.193
20
-94.6031
11
133.189
21
-94.6051
0
LINE
8
BLACK
6
CONTINUOUS
10
133.189
20
-94.6051
11
133.189
21
-94.6051
0
LINE
8
BLACK
6
CONTINUOUS
10
133.189
20
-94.6051
11
133.058
21
-94.6734
0
LINE
8
BLACK
6
CONTINUOUS
10
133.058
20
-94.6734
11
132.959
21
-94.7244
0
LINE
8
BLACK
6
CONTINUOUS
10
132.959
20
-94.7244
11
132.956
21
-94.727
0
LINE
8
BLACK
6
CONTINUOUS
10
132.956
20
-94.727
11
132.956
21
-94.727
0
LINE
8
BLACK
6
CONTINUOUS
10
132.956
20
-94.727
11
132.899
21
-94.7677
0
LINE
8
BLACK
6
CONTINUOUS
10
132.899
20
-94.7677
11
132.745
21
-94.8774
0
LINE
8
BLACK
6
CONTINUOUS
10
132.745
20
-94.8774
11
132.742
21
-94.8805
0
LINE
8
BLACK
6
CONTINUOUS
10
132.742
20
-94.8805
11
132.742
21
-94.8805
0
LINE
8
BLACK
6
CONTINUOUS
10
132.742
20
-94.8805
11
132.567
21
-95.0474
0
LINE
8
BLACK
6
CONTINUOUS
10
132.567
20
-95.0474
11
132.555
21
-95.0591
0
LINE
8
BLACK
6
CONTINUOUS
10
132.555
20
-95.0591
11
132.392
21
-95.2658
0
LINE
8
BLACK
6
CONTINUOUS
10
132.392
20
-95.2658
11
132.337
21
-95.3611
0
LINE
8
BLACK
6
CONTINUOUS
10
132.337
20
-95.3611
11
132.262
21
-95.4895
0
LINE
8
BLACK
6
CONTINUOUS
10
132.262
20
-95.4895
11
132.262
21
-95.4895
0
LINE
8
BLACK
6
CONTINUOUS
10
132.262
20
-95.4895
11
132.26
21
-95.4934
0
LINE
8
BLACK
6
CONTINUOUS
10
132.26
20
-95.4934
11
132.258
21
-95.4975
0
LINE
8
BLACK
6
CONTINUOUS
10
132.258
20
-95.4975
11
132.171
21
-95.712
0
LINE
8
BLACK
6
CONTINUOUS
10
132.171
20
-95.712
11
132.161
21
-95.7373
0
LINE
8
BLACK
6
CONTINUOUS
10
132.161
20
-95.7373
11
132.16
21
-95.7416
0
LINE
8
BLACK
6
CONTINUOUS
10
132.16
20
-95.7416
11
132.16
21
-95.7416
0
LINE
8
BLACK
6
CONTINUOUS
10
132.16
20
-95.7416
11
132.124
21
-95.8858
0
LINE
8
BLACK
6
CONTINUOUS
10
132.124
20
-95.8858
11
132.098
21
-95.9927
0
LINE
8
BLACK
6
CONTINUOUS
10
132.098
20
-95.9927
11
132.071
21
-96.2545
0
LINE
8
BLACK
6
CONTINUOUS
10
132.071
20
-96.2545
11
132.072
21
-96.2883
0
LINE
8
BLACK
6
CONTINUOUS
10
132.072
20
-96.2883
11
132.08
21
-96.4977
0
LINE
8
BLACK
6
CONTINUOUS
10
132.08
20
-96.4977
11
132.081
21
-96.5175
0
LINE
8
BLACK
6
CONTINUOUS
10
132.081
20
-96.5175
11
132.082
21
-96.5219
0
LINE
8
BLACK
6
CONTINUOUS
10
132.082
20
-96.5219
11
132.127
21
-96.7696
0
LINE
8
BLACK
6
CONTINUOUS
10
132.127
20
-96.7696
11
132.128
21
-96.7764
0
LINE
8
BLACK
6
CONTINUOUS
10
132.128
20
-96.7764
11
132.17
21
-96.9018
0
LINE
8
BLACK
6
CONTINUOUS
10
132.17
20
-96.9018
11
132.204
21
-97.0043
0
LINE
8
BLACK
6
CONTINUOUS
10
132.204
20
-97.0043
11
132.212
21
-97.0261
0
LINE
8
BLACK
6
CONTINUOUS
10
132.212
20
-97.0261
11
132.229
21
-97.0606
0
LINE
8
BLACK
6
CONTINUOUS
10
132.229
20
-97.0606
11
132.316
21
-97.2351
0
LINE
8
BLACK
6
CONTINUOUS
10
132.316
20
-97.2351
11
132.329
21
-97.2615
0
LINE
8
BLACK
6
CONTINUOUS
10
132.329
20
-97.2615
11
132.332
21
-97.2652
0
LINE
8
BLACK
6
CONTINUOUS
10
132.332
20
-97.2652
11
132.431
21
-97.4094
0
LINE
8
BLACK
6
CONTINUOUS
10
132.431
20
-97.4094
11
132.479
21
-97.4781
0
LINE
8
BLACK
6
CONTINUOUS
10
132.479
20
-97.4781
11
132.597
21
-97.6061
0
LINE
8
BLACK
6
CONTINUOUS
10
132.597
20
-97.6061
11
132.65
21
-97.6632
0
LINE
8
BLACK
6
CONTINUOUS
10
132.65
20
-97.6632
11
132.658
21
-97.6713
0
LINE
8
BLACK
6
CONTINUOUS
10
132.658
20
-97.6713
11
132.661
21
-97.6741
0
LINE
8
BLACK
6
CONTINUOUS
10
132.661
20
-97.6741
11
132.858
21
-97.8347
0
LINE
8
BLACK
6
CONTINUOUS
10
132.858
20
-97.8347
11
132.858
21
-97.8347
0
LINE
8
BLACK
6
CONTINUOUS
10
132.858
20
-97.8347
11
132.862
21
-97.8375
0
LINE
8
BLACK
6
CONTINUOUS
10
132.862
20
-97.8375
11
132.865
21
-97.8398
0
LINE
8
BLACK
6
CONTINUOUS
10
132.865
20
-97.8398
11
132.869
21
-97.8423
0
LINE
8
BLACK
6
CONTINUOUS
10
132.869
20
-97.8423
11
132.868
21
-97.8437
0
LINE
8
BLACK
6
CONTINUOUS
10
132.868
20
-97.8437
11
132.912
21
-97.8909
0
LINE
8
BLACK
6
CONTINUOUS
10
132.912
20
-97.8909
11
132.925
21
-97.9466
0
LINE
8
BLACK
6
CONTINUOUS
10
132.925
20
-97.9466
11
132.925
21
-99.9842
0
LINE
8
BLACK
6
CONTINUOUS
10
132.925
20
-99.9842
11
132.905
21
-100.052
0
LINE
8
BLACK
6
CONTINUOUS
10
132.905
20
-100.052
11
132.873
21
-100.086
0
LINE
8
BLACK
6
CONTINUOUS
10
132.873
20
-100.086
11
132.87
21
-100.088
0
LINE
8
BLACK
6
CONTINUOUS
10
132.87
20
-100.088
11
132.677
21
-100.252
0
LINE
8
BLACK
6
CONTINUOUS
10
132.677
20
-100.252
11
132.674
21
-100.256
0
LINE
8
BLACK
6
CONTINUOUS
10
132.674
20
-100.256
11
132.602
21
-100.34
0
LINE
8
BLACK
6
CONTINUOUS
10
132.602
20
-100.34
11
132.542
21
-100.379
0
LINE
8
BLACK
6
CONTINUOUS
10
132.542
20
-100.379
11
132.506
21
-100.385
0
LINE
8
BLACK
6
CONTINUOUS
10
132.506
20
-100.385
11
129.819
21
-100.385
0
LINE
8
BLACK
6
CONTINUOUS
10
129.819
20
-100.385
11
129.746
21
-100.362
0
LINE
8
BLACK
6
CONTINUOUS
10
129.746
20
-100.362
11
129.675
21
-100.312
0
LINE
8
BLACK
6
CONTINUOUS
10
129.675
20
-100.312
11
129.595
21
-100.256
0
LINE
8
BLACK
6
CONTINUOUS
10
129.595
20
-100.256
11
129.59
21
-100.253
0
LINE
8
BLACK
6
CONTINUOUS
10
129.59
20
-100.253
11
129.59
21
-100.253
0
LINE
8
BLACK
6
CONTINUOUS
10
129.59
20
-100.253
11
129.392
21
-100.161
0
LINE
8
BLACK
6
CONTINUOUS
10
129.392
20
-100.161
11
129.392
21
-100.161
0
LINE
8
BLACK
6
CONTINUOUS
10
129.392
20
-100.161
11
129.387
21
-100.159
0
LINE
8
BLACK
6
CONTINUOUS
10
129.387
20
-100.159
11
129.382
21
-100.157
0
LINE
8
BLACK
6
CONTINUOUS
10
129.382
20
-100.157
11
129.382
21
-100.157
0
LINE
8
BLACK
6
CONTINUOUS
10
129.382
20
-100.157
11
129.171
21
-100.101
0
LINE
8
BLACK
6
CONTINUOUS
10
129.171
20
-100.101
11
129.171
21
-100.101
0
LINE
8
BLACK
6
CONTINUOUS
10
129.171
20
-100.101
11
129.166
21
-100.1
0
LINE
8
BLACK
6
CONTINUOUS
10
129.166
20
-100.1
11
128.938
21
-100.08
0
LINE
8
BLACK
6
CONTINUOUS
10
128.938
20
-100.08
11
128.71
21
-100.1
0
LINE
8
BLACK
6
CONTINUOUS
10
128.71
20
-100.1
11
128.705
21
-100.101
0
LINE
8
BLACK
6
CONTINUOUS
10
128.705
20
-100.101
11
128.705
21
-100.101
0
LINE
8
BLACK
6
CONTINUOUS
10
128.705
20
-100.101
11
128.494
21
-100.157
0
LINE
8
BLACK
6
CONTINUOUS
10
128.494
20
-100.157
11
128.494
21
-100.157
0
LINE
8
BLACK
6
CONTINUOUS
10
128.494
20
-100.157
11
128.489
21
-100.159
0
LINE
8
BLACK
6
CONTINUOUS
10
128.489
20
-100.159
11
128.484
21
-100.161
0
LINE
8
BLACK
6
CONTINUOUS
10
128.484
20
-100.161
11
128.484
21
-100.161
0
LINE
8
BLACK
6
CONTINUOUS
10
128.484
20
-100.161
11
128.286
21
-100.253
0
LINE
8
BLACK
6
CONTINUOUS
10
128.286
20
-100.253
11
128.286
21
-100.253
0
LINE
8
BLACK
6
CONTINUOUS
10
128.286
20
-100.253
11
128.281
21
-100.256
0
LINE
8
BLACK
6
CONTINUOUS
10
128.281
20
-100.256
11
128.211
21
-100.305
0
LINE
8
BLACK
6
CONTINUOUS
10
128.211
20
-100.305
11
128.098
21
-100.384
0
LINE
8
BLACK
6
CONTINUOUS
10
128.098
20
-100.384
11
128.098
21
-100.384
0
LINE
8
BLACK
6
CONTINUOUS
10
128.098
20
-100.384
11
128.094
21
-100.387
0
LINE
8
BLACK
6
CONTINUOUS
10
128.094
20
-100.387
11
127.932
21
-100.549
0
LINE
8
BLACK
6
CONTINUOUS
10
127.932
20
-100.549
11
127.929
21
-100.553
0
LINE
8
BLACK
6
CONTINUOUS
10
127.929
20
-100.553
11
127.929
21
-100.553
0
LINE
8
BLACK
6
CONTINUOUS
10
127.929
20
-100.553
11
127.885
21
-100.616
0
LINE
8
BLACK
6
CONTINUOUS
10
127.885
20
-100.616
11
127.8
21
-100.736
0
LINE
8
BLACK
6
CONTINUOUS
10
127.8
20
-100.736
11
127.798
21
-100.741
0
LINE
8
BLACK
6
CONTINUOUS
10
127.798
20
-100.741
11
127.798
21
-100.741
0
LINE
8
BLACK
6
CONTINUOUS
10
127.798
20
-100.741
11
127.707
21
-100.938
0
LINE
8
BLACK
6
CONTINUOUS
10
127.707
20
-100.938
11
127.704
21
-100.944
0
LINE
8
BLACK
6
CONTINUOUS
10
127.704
20
-100.944
11
127.702
21
-100.949
0
LINE
8
BLACK
6
CONTINUOUS
10
127.702
20
-100.949
11
127.702
21
-100.949
0
LINE
8
BLACK
6
CONTINUOUS
10
127.702
20
-100.949
11
127.652
21
-101.136
0
LINE
8
BLACK
6
CONTINUOUS
10
127.652
20
-101.136
11
127.644
21
-101.165
0
LINE
8
BLACK
6
CONTINUOUS
10
127.644
20
-101.165
11
127.625
21
-101.393
0
LINE
8
BLACK
6
CONTINUOUS
10
127.625
20
-101.393
11
127.644
21
-101.621
0
LINE
8
BLACK
6
CONTINUOUS
10
127.644
20
-101.621
11
127.646
21
-101.626
0
LINE
8
BLACK
6
CONTINUOUS
10
127.646
20
-101.626
11
127.646
21
-101.626
0
LINE
8
BLACK
6
CONTINUOUS
10
127.646
20
-101.626
11
127.697
21
-101.817
0
LINE
8
BLACK
6
CONTINUOUS
10
127.697
20
-101.817
11
127.704
21
-101.842
0
LINE
8
BLACK
6
CONTINUOUS
10
127.704
20
-101.842
11
127.706
21
-101.847
0
LINE
8
BLACK
6
CONTINUOUS
10
127.706
20
-101.847
11
127.706
21
-101.847
0
LINE
8
BLACK
6
CONTINUOUS
10
127.706
20
-101.847
11
127.798
21
-102.045
0
LINE
8
BLACK
6
CONTINUOUS
10
127.798
20
-102.045
11
127.798
21
-102.045
0
LINE
8
BLACK
6
CONTINUOUS
10
127.798
20
-102.045
11
127.8
21
-102.05
0
LINE
8
BLACK
6
CONTINUOUS
10
127.8
20
-102.05
11
127.813
21
-102.068
0
LINE
8
BLACK
6
CONTINUOUS
10
127.813
20
-102.068
11
127.926
21
-102.23
0
LINE
8
BLACK
6
CONTINUOUS
10
127.926
20
-102.23
11
127.932
21
-102.237
0
LINE
8
BLACK
6
CONTINUOUS
10
127.932
20
-102.237
11
128.094
21
-102.399
0
LINE
8
BLACK
6
CONTINUOUS
10
128.094
20
-102.399
11
128.098
21
-102.402
0
LINE
8
BLACK
6
CONTINUOUS
10
128.098
20
-102.402
11
128.098
21
-102.402
0
LINE
8
BLACK
6
CONTINUOUS
10
128.098
20
-102.402
11
128.16
21
-102.446
0
LINE
8
BLACK
6
CONTINUOUS
10
128.16
20
-102.446
11
128.281
21
-102.531
0
LINE
8
BLACK
6
CONTINUOUS
10
128.281
20
-102.531
11
128.286
21
-102.533
0
LINE
8
BLACK
6
CONTINUOUS
10
128.286
20
-102.533
11
128.286
21
-102.533
0
LINE
8
BLACK
6
CONTINUOUS
10
128.286
20
-102.533
11
128.452
21
-102.61
0
LINE
8
BLACK
6
CONTINUOUS
10
128.452
20
-102.61
11
128.489
21
-102.627
0
LINE
8
BLACK
6
CONTINUOUS
10
128.489
20
-102.627
11
128.494
21
-102.629
0
LINE
8
BLACK
6
CONTINUOUS
10
128.494
20
-102.629
11
128.494
21
-102.629
0
LINE
8
BLACK
6
CONTINUOUS
10
128.494
20
-102.629
11
128.705
21
-102.685
0
LINE
8
BLACK
6
CONTINUOUS
10
128.705
20
-102.685
11
128.705
21
-102.685
0
LINE
8
BLACK
6
CONTINUOUS
10
128.705
20
-102.685
11
128.71
21
-102.687
0
LINE
8
BLACK
6
CONTINUOUS
10
128.71
20
-102.687
11
128.938
21
-102.707
0
LINE
8
BLACK
6
CONTINUOUS
10
128.938
20
-102.707
11
129.166
21
-102.687
0
LINE
8
BLACK
6
CONTINUOUS
10
129.166
20
-102.687
11
129.171
21
-102.685
0
LINE
8
BLACK
6
CONTINUOUS
10
129.171
20
-102.685
11
129.171
21
-102.685
0
LINE
8
BLACK
6
CONTINUOUS
10
129.171
20
-102.685
11
129.382
21
-102.629
0
LINE
8
BLACK
6
CONTINUOUS
10
129.382
20
-102.629
11
129.382
21
-102.629
0
LINE
8
BLACK
6
CONTINUOUS
10
129.382
20
-102.629
11
129.387
21
-102.627
0
LINE
8
BLACK
6
CONTINUOUS
10
129.387
20
-102.627
11
129.424
21
-102.61
0
LINE
8
BLACK
6
CONTINUOUS
10
129.424
20
-102.61
11
129.59
21
-102.533
0
LINE
8
BLACK
6
CONTINUOUS
10
129.59
20
-102.533
11
129.59
21
-102.533
0
LINE
8
BLACK
6
CONTINUOUS
10
129.59
20
-102.533
11
129.595
21
-102.531
0
LINE
8
BLACK
6
CONTINUOUS
10
129.595
20
-102.531
11
129.746
21
-102.424
0
LINE
8
BLACK
6
CONTINUOUS
10
129.746
20
-102.424
11
129.819
21
-102.402
0
LINE
8
BLACK
6
CONTINUOUS
10
129.819
20
-102.402
11
132.506
21
-102.402
0
LINE
8
BLACK
6
CONTINUOUS
10
132.506
20
-102.402
11
132.574
21
-102.422
0
LINE
8
BLACK
6
CONTINUOUS
10
132.574
20
-102.422
11
132.602
21
-102.446
0
LINE
8
BLACK
6
CONTINUOUS
10
132.602
20
-102.446
11
132.633
21
-102.482
0
LINE
8
BLACK
6
CONTINUOUS
10
132.633
20
-102.482
11
132.677
21
-102.534
0
LINE
8
BLACK
6
CONTINUOUS
10
132.677
20
-102.534
11
132.87
21
-102.698
0
LINE
8
BLACK
6
CONTINUOUS
10
132.87
20
-102.698
11
133.086
21
-102.831
0
LINE
8
BLACK
6
CONTINUOUS
10
133.086
20
-102.831
11
133.09
21
-102.833
0
LINE
8
BLACK
6
CONTINUOUS
10
133.09
20
-102.833
11
133.09
21
-102.833
0
LINE
8
BLACK
6
CONTINUOUS
10
133.09
20
-102.833
11
133.315
21
-102.926
0
LINE
8
BLACK
6
CONTINUOUS
10
133.315
20
-102.926
11
133.319
21
-102.928
0
LINE
8
BLACK
6
CONTINUOUS
10
133.319
20
-102.928
11
133.404
21
-102.948
0
LINE
8
BLACK
6
CONTINUOUS
10
133.404
20
-102.948
11
133.561
21
-102.986
0
LINE
8
BLACK
6
CONTINUOUS
10
133.561
20
-102.986
11
133.561
21
-102.986
0
LINE
8
BLACK
6
CONTINUOUS
10
133.561
20
-102.986
11
133.566
21
-102.987
0
LINE
8
BLACK
6
CONTINUOUS
10
133.566
20
-102.987
11
133.818
21
-103.007
0
LINE
8
BLACK
6
CONTINUOUS
10
133.818
20
-103.007
11
134.07
21
-102.987
0
LINE
8
BLACK
6
CONTINUOUS
10
134.07
20
-102.987
11
134.075
21
-102.986
0
LINE
8
BLACK
6
CONTINUOUS
10
134.075
20
-102.986
11
134.075
21
-102.986
0
LINE
8
BLACK
6
CONTINUOUS
10
134.075
20
-102.986
11
134.232
21
-102.948
0
LINE
8
BLACK
6
CONTINUOUS
10
134.232
20
-102.948
11
134.317
21
-102.928
0
LINE
8
BLACK
6
CONTINUOUS
10
134.317
20
-102.928
11
134.321
21
-102.926
0
LINE
8
BLACK
6
CONTINUOUS
10
134.321
20
-102.926
11
134.539
21
-102.835
0
LINE
8
BLACK
6
CONTINUOUS
10
134.539
20
-102.835
11
134.546
21
-102.833
0
LINE
8
BLACK
6
CONTINUOUS
10
134.546
20
-102.833
11
134.546
21
-102.833
0
LINE
8
BLACK
6
CONTINUOUS
10
125.023
20
-101.281
11
125.047
21
-101.261
0
LINE
8
BLACK
6
CONTINUOUS
10
125.047
20
-101.261
11
125.052
21
-101.257
0
LINE
8
BLACK
6
CONTINUOUS
10
125.052
20
-101.257
11
125.084
21
-101.219
0
LINE
8
BLACK
6
CONTINUOUS
10
125.084
20
-101.219
11
125.087
21
-101.215
0
LINE
8
BLACK
6
CONTINUOUS
10
125.087
20
-101.215
11
125.089
21
-101.213
0
LINE
8
BLACK
6
CONTINUOUS
10
125.089
20
-101.213
11
125.091
21
-101.211
0
LINE
8
BLACK
6
CONTINUOUS
10
125.091
20
-101.211
11
125.119
21
-101.178
0
LINE
8
BLACK
6
CONTINUOUS
10
125.119
20
-101.178
11
125.119
21
-101.177
0
LINE
8
BLACK
6
CONTINUOUS
10
125.119
20
-101.177
11
125.121
21
-101.175
0
LINE
8
BLACK
6
CONTINUOUS
10
125.121
20
-101.175
11
125.179
21
-101.106
0
LINE
8
BLACK
6
CONTINUOUS
10
125.179
20
-101.106
11
125.182
21
-101.101
0
LINE
8
BLACK
6
CONTINUOUS
10
125.182
20
-101.101
11
125.185
21
-101.097
0
LINE
8
BLACK
6
CONTINUOUS
10
125.185
20
-101.097
11
125.229
21
-101.015
0
LINE
8
BLACK
6
CONTINUOUS
10
125.229
20
-101.015
11
125.23
21
-101.014
0
LINE
8
BLACK
6
CONTINUOUS
10
125.23
20
-101.014
11
125.271
21
-100.938
0
LINE
8
BLACK
6
CONTINUOUS
10
125.271
20
-100.938
11
125.271
21
-100.938
0
LINE
8
BLACK
6
CONTINUOUS
10
125.271
20
-100.938
11
125.274
21
-100.932
0
LINE
8
BLACK
6
CONTINUOUS
10
125.274
20
-100.932
11
125.276
21
-100.927
0
LINE
8
BLACK
6
CONTINUOUS
10
125.276
20
-100.927
11
125.279
21
-100.923
0
LINE
8
BLACK
6
CONTINUOUS
10
125.279
20
-100.923
11
125.306
21
-100.834
0
LINE
8
BLACK
6
CONTINUOUS
10
125.306
20
-100.834
11
125.306
21
-100.832
0
LINE
8
BLACK
6
CONTINUOUS
10
125.306
20
-100.832
11
125.332
21
-100.75
0
LINE
8
BLACK
6
CONTINUOUS
10
125.332
20
-100.75
11
125.334
21
-100.744
0
LINE
8
BLACK
6
CONTINUOUS
10
125.334
20
-100.744
11
125.335
21
-100.738
0
LINE
8
BLACK
6
CONTINUOUS
10
125.335
20
-100.738
11
125.336
21
-100.733
0
LINE
8
BLACK
6
CONTINUOUS
10
125.336
20
-100.733
11
125.346
21
-100.641
0
LINE
8
BLACK
6
CONTINUOUS
10
125.346
20
-100.641
11
125.346
21
-100.64
0
LINE
8
BLACK
6
CONTINUOUS
10
125.346
20
-100.64
11
125.352
21
-100.59
0
LINE
8
BLACK
6
CONTINUOUS
10
125.352
20
-100.59
11
125.352
21
-100.586
0
LINE
8
BLACK
6
CONTINUOUS
10
125.352
20
-100.586
11
125.352
21
-100.585
0
LINE
8
BLACK
6
CONTINUOUS
10
125.352
20
-100.585
11
125.352
21
-100.58
0
LINE
8
BLACK
6
CONTINUOUS
10
125.352
20
-100.58
11
125.355
21
-100.547
0
LINE
8
BLACK
6
CONTINUOUS
10
125.355
20
-100.547
11
125.356
21
-100.543
0
LINE
8
BLACK
6
CONTINUOUS
10
125.356
20
-100.543
11
125.356
21
-100.543
0
LINE
8
BLACK
6
CONTINUOUS
10
125.356
20
-100.543
11
125.356
21
-100.537
0
LINE
8
BLACK
6
CONTINUOUS
10
125.356
20
-100.537
11
125.352
21
-100.491
0
LINE
8
BLACK
6
CONTINUOUS
10
125.352
20
-100.491
11
125.352
21
-100.479
0
LINE
8
BLACK
6
CONTINUOUS
10
125.352
20
-100.479
11
125.352
21
-98.2171
0
LINE
8
BLACK
6
CONTINUOUS
10
125.352
20
-98.2171
11
125.372
21
-98.149
0
LINE
8
BLACK
6
CONTINUOUS
10
125.372
20
-98.149
11
125.426
21
-98.102
0
LINE
8
BLACK
6
CONTINUOUS
10
125.426
20
-98.102
11
125.6
21
-98.0246
0
LINE
8
BLACK
6
CONTINUOUS
10
125.6
20
-98.0246
11
125.604
21
-98.0213
0
LINE
8
BLACK
6
CONTINUOUS
10
125.604
20
-98.0213
11
125.604
21
-98.0213
0
LINE
8
BLACK
6
CONTINUOUS
10
125.604
20
-98.0213
11
125.738
21
-97.9291
0
LINE
8
BLACK
6
CONTINUOUS
10
125.738
20
-97.9291
11
125.779
21
-97.9012
0
LINE
8
BLACK
6
CONTINUOUS
10
125.779
20
-97.9012
11
125.932
21
-97.7473
0
LINE
8
BLACK
6
CONTINUOUS
10
125.932
20
-97.7473
11
126.056
21
-97.5679
0
LINE
8
BLACK
6
CONTINUOUS
10
126.056
20
-97.5679
11
126.058
21
-97.5624
0
LINE
8
BLACK
6
CONTINUOUS
10
126.058
20
-97.5624
11
126.114
21
-97.4371
0
LINE
8
BLACK
6
CONTINUOUS
10
126.114
20
-97.4371
11
126.144
21
-97.3691
0
LINE
8
BLACK
6
CONTINUOUS
10
126.144
20
-97.3691
11
126.176
21
-97.2351
0
LINE
8
BLACK
6
CONTINUOUS
10
126.176
20
-97.2351
11
126.193
21
-97.1626
0
LINE
8
BLACK
6
CONTINUOUS
10
126.193
20
-97.1626
11
126.193
21
-97.1626
0
LINE
8
BLACK
6
CONTINUOUS
10
126.193
20
-97.1626
11
126.194
21
-97.1576
0
LINE
8
BLACK
6
CONTINUOUS
10
126.194
20
-97.1576
11
126.2
21
-97.0866
0
LINE
8
BLACK
6
CONTINUOUS
10
126.2
20
-97.0866
11
126.201
21
-97.061
0
LINE
8
BLACK
6
CONTINUOUS
10
126.201
20
-97.061
11
126.201
21
-97.061
0
LINE
8
BLACK
6
CONTINUOUS
10
126.201
20
-97.061
11
126.202
21
-97.0588
0
LINE
8
BLACK
6
CONTINUOUS
10
126.202
20
-97.0588
11
126.202
21
-95.5673
0
LINE
8
BLACK
6
CONTINUOUS
10
126.202
20
-95.5673
11
126.196
21
-95.494
0
LINE
8
BLACK
6
CONTINUOUS
10
126.196
20
-95.494
11
126.195
21
-95.4716
0
LINE
8
BLACK
6
CONTINUOUS
10
126.195
20
-95.4716
11
126.195
21
-95.4716
0
LINE
8
BLACK
6
CONTINUOUS
10
126.195
20
-95.4716
11
126.194
21
-95.4665
0
LINE
8
BLACK
6
CONTINUOUS
10
126.194
20
-95.4665
11
126.191
21
-95.4537
0
LINE
8
BLACK
6
CONTINUOUS
10
126.191
20
-95.4537
11
126.158
21
-95.3186
0
LINE
8
BLACK
6
CONTINUOUS
10
126.158
20
-95.3186
11
126.143
21
-95.255
0
LINE
8
BLACK
6
CONTINUOUS
10
126.143
20
-95.255
11
126.055
21
-95.0564
0
LINE
8
BLACK
6
CONTINUOUS
10
126.055
20
-95.0564
11
126.051
21
-95.0516
0
LINE
8
BLACK
6
CONTINUOUS
10
126.051
20
-95.0516
11
126.051
21
-95.0516
0
LINE
8
BLACK
6
CONTINUOUS
10
126.051
20
-95.0516
11
125.97
21
-94.9333
0
LINE
8
BLACK
6
CONTINUOUS
10
125.97
20
-94.9333
11
125.931
21
-94.8773
0
LINE
8
BLACK
6
CONTINUOUS
10
125.931
20
-94.8773
11
125.923
21
-94.8689
0
LINE
8
BLACK
6
CONTINUOUS
10
125.923
20
-94.8689
11
125.809
21
-94.7558
0
LINE
8
BLACK
6
CONTINUOUS
10
125.809
20
-94.7558
11
125.777
21
-94.7236
0
LINE
8
BLACK
6
CONTINUOUS
10
125.777
20
-94.7236
11
125.598
21
-94.6005
0
LINE
8
BLACK
6
CONTINUOUS
10
125.598
20
-94.6005
11
125.593
21
-94.5982
0
LINE
8
BLACK
6
CONTINUOUS
10
125.593
20
-94.5982
11
125.593
21
-94.5982
0
LINE
8
BLACK
6
CONTINUOUS
10
125.593
20
-94.5982
11
125.498
21
-94.5564
0
LINE
8
BLACK
6
CONTINUOUS
10
125.498
20
-94.5564
11
125.399
21
-94.5122
0
LINE
8
BLACK
6
CONTINUOUS
10
125.399
20
-94.5122
11
125.332
21
-94.4961
0
LINE
8
BLACK
6
CONTINUOUS
10
125.332
20
-94.4961
11
125.193
21
-94.4628
0
LINE
8
BLACK
6
CONTINUOUS
10
125.193
20
-94.4628
11
125.193
21
-94.4628
0
LINE
8
BLACK
6
CONTINUOUS
10
125.193
20
-94.4628
11
125.188
21
-94.4617
0
LINE
8
BLACK
6
CONTINUOUS
10
125.188
20
-94.4617
11
125.15
21
-94.4589
0
LINE
8
BLACK
6
CONTINUOUS
10
125.15
20
-94.4589
11
125.091
21
-94.4547
0
LINE
8
BLACK
6
CONTINUOUS
10
125.091
20
-94.4547
11
125.091
21
-94.4547
0
LINE
8
BLACK
6
CONTINUOUS
10
125.091
20
-94.4547
11
125.089
21
-94.4546
0
LINE
8
BLACK
6
CONTINUOUS
10
125.089
20
-94.4546
11
123.597
21
-94.4546
0
LINE
8
BLACK
6
CONTINUOUS
10
123.597
20
-94.4546
11
123.595
21
-94.4547
0
LINE
8
BLACK
6
CONTINUOUS
10
123.595
20
-94.4547
11
123.595
21
-94.4547
0
LINE
8
BLACK
6
CONTINUOUS
10
123.595
20
-94.4547
11
123.502
21
-94.4616
0
LINE
8
BLACK
6
CONTINUOUS
10
123.502
20
-94.4616
11
123.502
21
-94.4616
0
LINE
8
BLACK
6
CONTINUOUS
10
123.502
20
-94.4616
11
123.496
21
-94.4619
0
LINE
8
BLACK
6
CONTINUOUS
10
123.496
20
-94.4619
11
123.491
21
-94.4632
0
LINE
8
BLACK
6
CONTINUOUS
10
123.491
20
-94.4632
11
123.491
21
-94.4632
0
LINE
8
BLACK
6
CONTINUOUS
10
123.491
20
-94.4632
11
123.35
21
-94.4971
0
LINE
8
BLACK
6
CONTINUOUS
10
123.35
20
-94.4971
11
123.285
21
-94.5129
0
LINE
8
BLACK
6
CONTINUOUS
10
123.285
20
-94.5129
11
123.086
21
-94.6016
0
LINE
8
BLACK
6
CONTINUOUS
10
123.086
20
-94.6016
11
123.082
21
-94.6048
0
LINE
8
BLACK
6
CONTINUOUS
10
123.082
20
-94.6048
11
123.082
21
-94.6048
0
LINE
8
BLACK
6
CONTINUOUS
10
123.082
20
-94.6048
11
122.991
21
-94.6669
0
LINE
8
BLACK
6
CONTINUOUS
10
122.991
20
-94.6669
11
122.907
21
-94.7249
0
LINE
8
BLACK
6
CONTINUOUS
10
122.907
20
-94.7249
11
122.754
21
-94.8788
0
LINE
8
BLACK
6
CONTINUOUS
10
122.754
20
-94.8788
11
122.63
21
-95.0582
0
LINE
8
BLACK
6
CONTINUOUS
10
122.63
20
-95.0582
11
122.628
21
-95.0635
0
LINE
8
BLACK
6
CONTINUOUS
10
122.628
20
-95.0635
11
122.628
21
-95.0635
0
LINE
8
BLACK
6
CONTINUOUS
10
122.628
20
-95.0635
11
122.554
21
-95.2297
0
LINE
8
BLACK
6
CONTINUOUS
10
122.554
20
-95.2297
11
122.508
21
-95.2839
0
LINE
8
BLACK
6
CONTINUOUS
10
122.508
20
-95.2839
11
122.439
21
-95.3046
0
LINE
8
BLACK
6
CONTINUOUS
10
122.439
20
-95.3046
11
119.487
21
-95.3046
0
LINE
8
BLACK
6
CONTINUOUS
10
119.487
20
-95.3046
11
119.419
21
-95.2846
0
LINE
8
BLACK
6
CONTINUOUS
10
119.419
20
-95.2846
11
119.372
21
-95.2299
0
LINE
8
BLACK
6
CONTINUOUS
10
119.372
20
-95.2299
11
119.369
21
-95.2228
0
LINE
8
BLACK
6
CONTINUOUS
10
119.369
20
-95.2228
11
119.295
21
-95.0564
0
LINE
8
BLACK
6
CONTINUOUS
10
119.295
20
-95.0564
11
119.291
21
-95.0516
0
LINE
8
BLACK
6
CONTINUOUS
10
119.291
20
-95.0516
11
119.291
21
-95.0516
0
LINE
8
BLACK
6
CONTINUOUS
10
119.291
20
-95.0516
11
119.21
21
-94.9333
0
LINE
8
BLACK
6
CONTINUOUS
10
119.21
20
-94.9333
11
119.171
21
-94.8773
0
LINE
8
BLACK
6
CONTINUOUS
10
119.171
20
-94.8773
11
119.163
21
-94.8689
0
LINE
8
BLACK
6
CONTINUOUS
10
119.163
20
-94.8689
11
119.049
21
-94.7558
0
LINE
8
BLACK
6
CONTINUOUS
10
119.049
20
-94.7558
11
119.017
21
-94.7236
0
LINE
8
BLACK
6
CONTINUOUS
10
119.017
20
-94.7236
11
118.838
21
-94.6005
0
LINE
8
BLACK
6
CONTINUOUS
10
118.838
20
-94.6005
11
118.833
21
-94.5982
0
LINE
8
BLACK
6
CONTINUOUS
10
118.833
20
-94.5982
11
118.833
21
-94.5982
0
LINE
8
BLACK
6
CONTINUOUS
10
118.833
20
-94.5982
11
118.738
21
-94.5564
0
LINE
8
BLACK
6
CONTINUOUS
10
118.738
20
-94.5564
11
118.639
21
-94.5122
0
LINE
8
BLACK
6
CONTINUOUS
10
118.639
20
-94.5122
11
118.572
21
-94.4961
0
LINE
8
BLACK
6
CONTINUOUS
10
118.572
20
-94.4961
11
118.433
21
-94.4628
0
LINE
8
BLACK
6
CONTINUOUS
10
118.433
20
-94.4628
11
118.433
21
-94.4628
0
LINE
8
BLACK
6
CONTINUOUS
10
118.433
20
-94.4628
11
118.428
21
-94.4617
0
LINE
8
BLACK
6
CONTINUOUS
10
118.428
20
-94.4617
11
118.39
21
-94.4589
0
LINE
8
BLACK
6
CONTINUOUS
10
118.39
20
-94.4589
11
118.331
21
-94.4547
0
LINE
8
BLACK
6
CONTINUOUS
10
118.331
20
-94.4547
11
118.331
21
-94.4547
0
LINE
8
BLACK
6
CONTINUOUS
10
118.331
20
-94.4547
11
118.329
21
-94.4546
0
LINE
8
BLACK
6
CONTINUOUS
10
118.329
20
-94.4546
11
116.837
21
-94.4546
0
LINE
8
BLACK
6
CONTINUOUS
10
116.837
20
-94.4546
11
116.835
21
-94.4547
0
LINE
8
BLACK
6
CONTINUOUS
10
116.835
20
-94.4547
11
116.835
21
-94.4547
0
LINE
8
BLACK
6
CONTINUOUS
10
116.835
20
-94.4547
11
116.742
21
-94.4616
0
LINE
8
BLACK
6
CONTINUOUS
10
116.742
20
-94.4616
11
116.742
21
-94.4616
0
LINE
8
BLACK
6
CONTINUOUS
10
116.742
20
-94.4616
11
116.736
21
-94.4619
0
LINE
8
BLACK
6
CONTINUOUS
10
116.736
20
-94.4619
11
116.731
21
-94.4632
0
LINE
8
BLACK
6
CONTINUOUS
10
116.731
20
-94.4632
11
116.731
21
-94.4632
0
LINE
8
BLACK
6
CONTINUOUS
10
116.731
20
-94.4632
11
116.59
21
-94.4971
0
LINE
8
BLACK
6
CONTINUOUS
10
116.59
20
-94.4971
11
116.525
21
-94.5129
0
LINE
8
BLACK
6
CONTINUOUS
10
116.525
20
-94.5129
11
116.326
21
-94.6016
0
LINE
8
BLACK
6
CONTINUOUS
10
116.326
20
-94.6016
11
116.322
21
-94.6048
0
LINE
8
BLACK
6
CONTINUOUS
10
116.322
20
-94.6048
11
116.322
21
-94.6048
0
LINE
8
BLACK
6
CONTINUOUS
10
116.322
20
-94.6048
11
116.231
21
-94.6669
0
LINE
8
BLACK
6
CONTINUOUS
10
116.231
20
-94.6669
11
116.147
21
-94.7249
0
LINE
8
BLACK
6
CONTINUOUS
10
116.147
20
-94.7249
11
115.994
21
-94.8788
0
LINE
8
BLACK
6
CONTINUOUS
10
115.994
20
-94.8788
11
115.87
21
-95.0582
0
LINE
8
BLACK
6
CONTINUOUS
10
115.87
20
-95.0582
11
115.868
21
-95.0635
0
LINE
8
BLACK
6
CONTINUOUS
10
115.868
20
-95.0635
11
115.868
21
-95.0635
0
LINE
8
BLACK
6
CONTINUOUS
10
115.868
20
-95.0635
11
115.826
21
-95.1576
0
LINE
8
BLACK
6
CONTINUOUS
10
115.826
20
-95.1576
11
115.782
21
-95.257
0
LINE
8
BLACK
6
CONTINUOUS
10
115.782
20
-95.257
11
115.771
21
-95.3044
0
LINE
8
BLACK
6
CONTINUOUS
10
115.771
20
-95.3044
11
115.733
21
-95.4635
0
LINE
8
BLACK
6
CONTINUOUS
10
115.733
20
-95.4635
11
115.733
21
-95.4636
0
LINE
8
BLACK
6
CONTINUOUS
10
115.733
20
-95.4636
11
115.732
21
-95.4685
0
LINE
8
BLACK
6
CONTINUOUS
10
115.732
20
-95.4685
11
115.731
21
-95.4737
0
LINE
8
BLACK
6
CONTINUOUS
10
115.731
20
-95.4737
11
115.725
21
-95.565
0
LINE
8
BLACK
6
CONTINUOUS
10
115.725
20
-95.565
11
115.725
21
-95.5673
0
LINE
8
BLACK
6
CONTINUOUS
10
115.725
20
-95.5673
11
115.725
21
-97.0588
0
LINE
8
BLACK
6
CONTINUOUS
10
115.725
20
-97.0588
11
115.725
21
-97.0611
0
LINE
8
BLACK
6
CONTINUOUS
10
115.725
20
-97.0611
11
115.725
21
-97.0611
0
LINE
8
BLACK
6
CONTINUOUS
10
115.725
20
-97.0611
11
115.73
21
-97.1329
0
LINE
8
BLACK
6
CONTINUOUS
10
115.73
20
-97.1329
11
115.732
21
-97.1596
0
LINE
8
BLACK
6
CONTINUOUS
10
115.732
20
-97.1596
11
115.733
21
-97.1646
0
LINE
8
BLACK
6
CONTINUOUS
10
115.733
20
-97.1646
11
115.733
21
-97.1647
0
LINE
8
BLACK
6
CONTINUOUS
10
115.733
20
-97.1647
11
115.761
21
-97.2804
0
LINE
8
BLACK
6
CONTINUOUS
10
115.761
20
-97.2804
11
115.783
21
-97.3711
0
LINE
8
BLACK
6
CONTINUOUS
10
115.783
20
-97.3711
11
115.871
21
-97.5697
0
LINE
8
BLACK
6
CONTINUOUS
10
115.871
20
-97.5697
11
115.875
21
-97.5745
0
LINE
8
BLACK
6
CONTINUOUS
10
115.875
20
-97.5745
11
115.875
21
-97.5745
0
LINE
8
BLACK
6
CONTINUOUS
10
115.875
20
-97.5745
11
115.92
21
-97.6402
0
LINE
8
BLACK
6
CONTINUOUS
10
115.92
20
-97.6402
11
115.995
21
-97.7489
0
LINE
8
BLACK
6
CONTINUOUS
10
115.995
20
-97.7489
11
115.999
21
-97.753
0
LINE
8
BLACK
6
CONTINUOUS
10
115.999
20
-97.753
11
115.999
21
-97.753
0
LINE
8
BLACK
6
CONTINUOUS
10
115.999
20
-97.753
11
116.031
21
-97.7853
0
LINE
8
BLACK
6
CONTINUOUS
10
116.031
20
-97.7853
11
116.149
21
-97.9026
0
LINE
8
BLACK
6
CONTINUOUS
10
116.149
20
-97.9026
11
116.328
21
-98.0256
0
LINE
8
BLACK
6
CONTINUOUS
10
116.328
20
-98.0256
11
116.333
21
-98.0279
0
LINE
8
BLACK
6
CONTINUOUS
10
116.333
20
-98.0279
11
116.333
21
-98.0279
0
LINE
8
BLACK
6
CONTINUOUS
10
116.333
20
-98.0279
11
116.427
21
-98.0694
0
LINE
8
BLACK
6
CONTINUOUS
10
116.427
20
-98.0694
11
116.527
21
-98.1139
0
LINE
8
BLACK
6
CONTINUOUS
10
116.527
20
-98.1139
11
116.594
21
-98.13
0
LINE
8
BLACK
6
CONTINUOUS
10
116.594
20
-98.13
11
116.733
21
-98.1633
0
LINE
8
BLACK
6
CONTINUOUS
10
116.733
20
-98.1633
11
116.733
21
-98.1633
0
LINE
8
BLACK
6
CONTINUOUS
10
116.733
20
-98.1633
11
116.738
21
-98.1645
0
LINE
8
BLACK
6
CONTINUOUS
10
116.738
20
-98.1645
11
116.776
21
-98.1672
0
LINE
8
BLACK
6
CONTINUOUS
10
116.776
20
-98.1672
11
116.835
21
-98.1714
0
LINE
8
BLACK
6
CONTINUOUS
10
116.835
20
-98.1714
11
116.835
21
-98.1714
0
LINE
8
BLACK
6
CONTINUOUS
10
116.835
20
-98.1714
11
116.837
21
-98.1716
0
LINE
8
BLACK
6
CONTINUOUS
10
116.837
20
-98.1716
11
118.329
21
-98.1716
0
LINE
8
BLACK
6
CONTINUOUS
10
118.329
20
-98.1716
11
118.331
21
-98.1714
0
LINE
8
BLACK
6
CONTINUOUS
10
118.331
20
-98.1714
11
118.331
21
-98.1714
0
LINE
8
BLACK
6
CONTINUOUS
10
118.331
20
-98.1714
11
118.424
21
-98.1646
0
LINE
8
BLACK
6
CONTINUOUS
10
118.424
20
-98.1646
11
118.424
21
-98.1646
0
LINE
8
BLACK
6
CONTINUOUS
10
118.424
20
-98.1646
11
118.43
21
-98.1642
0
LINE
8
BLACK
6
CONTINUOUS
10
118.43
20
-98.1642
11
118.435
21
-98.163
0
LINE
8
BLACK
6
CONTINUOUS
10
118.435
20
-98.163
11
118.435
21
-98.163
0
LINE
8
BLACK
6
CONTINUOUS
10
118.435
20
-98.163
11
118.59
21
-98.1256
0
LINE
8
BLACK
6
CONTINUOUS
10
118.59
20
-98.1256
11
118.641
21
-98.1132
0
LINE
8
BLACK
6
CONTINUOUS
10
118.641
20
-98.1132
11
118.84
21
-98.0246
0
LINE
8
BLACK
6
CONTINUOUS
10
118.84
20
-98.0246
11
118.844
21
-98.0213
0
LINE
8
BLACK
6
CONTINUOUS
10
118.844
20
-98.0213
11
118.844
21
-98.0213
0
LINE
8
BLACK
6
CONTINUOUS
10
118.844
20
-98.0213
11
118.978
21
-97.9291
0
LINE
8
BLACK
6
CONTINUOUS
10
118.978
20
-97.9291
11
119.019
21
-97.9012
0
LINE
8
BLACK
6
CONTINUOUS
10
119.019
20
-97.9012
11
119.172
21
-97.7473
0
LINE
8
BLACK
6
CONTINUOUS
10
119.172
20
-97.7473
11
119.296
21
-97.5679
0
LINE
8
BLACK
6
CONTINUOUS
10
119.296
20
-97.5679
11
119.298
21
-97.5624
0
LINE
8
BLACK
6
CONTINUOUS
10
119.298
20
-97.5624
11
119.372
21
-97.3964
0
LINE
8
BLACK
6
CONTINUOUS
10
119.372
20
-97.3964
11
119.418
21
-97.3423
0
LINE
8
BLACK
6
CONTINUOUS
10
119.418
20
-97.3423
11
119.487
21
-97.3216
0
LINE
8
BLACK
6
CONTINUOUS
10
119.487
20
-97.3216
11
122.439
21
-97.3216
0
LINE
8
BLACK
6
CONTINUOUS
10
122.439
20
-97.3216
11
122.507
21
-97.3416
0
LINE
8
BLACK
6
CONTINUOUS
10
122.507
20
-97.3416
11
122.554
21
-97.3962
0
LINE
8
BLACK
6
CONTINUOUS
10
122.554
20
-97.3962
11
122.631
21
-97.5697
0
LINE
8
BLACK
6
CONTINUOUS
10
122.631
20
-97.5697
11
122.635
21
-97.5745
0
LINE
8
BLACK
6
CONTINUOUS
10
122.635
20
-97.5745
11
122.635
21
-97.5745
0
LINE
8
BLACK
6
CONTINUOUS
10
122.635
20
-97.5745
11
122.68
21
-97.6402
0
LINE
8
BLACK
6
CONTINUOUS
10
122.68
20
-97.6402
11
122.755
21
-97.7489
0
LINE
8
BLACK
6
CONTINUOUS
10
122.755
20
-97.7489
11
122.759
21
-97.753
0
LINE
8
BLACK
6
CONTINUOUS
10
122.759
20
-97.753
11
122.759
21
-97.753
0
LINE
8
BLACK
6
CONTINUOUS
10
122.759
20
-97.753
11
122.791
21
-97.7853
0
LINE
8
BLACK
6
CONTINUOUS
10
122.791
20
-97.7853
11
122.909
21
-97.9026
0
LINE
8
BLACK
6
CONTINUOUS
10
122.909
20
-97.9026
11
123.088
21
-98.0256
0
LINE
8
BLACK
6
CONTINUOUS
10
123.088
20
-98.0256
11
123.093
21
-98.0279
0
LINE
8
BLACK
6
CONTINUOUS
10
123.093
20
-98.0279
11
123.093
21
-98.0279
0
LINE
8
BLACK
6
CONTINUOUS
10
123.093
20
-98.0279
11
123.26
21
-98.1018
0
LINE
8
BLACK
6
CONTINUOUS
10
123.26
20
-98.1018
11
123.314
21
-98.1477
0
LINE
8
BLACK
6
CONTINUOUS
10
123.314
20
-98.1477
11
123.335
21
-98.2169
0
LINE
8
BLACK
6
CONTINUOUS
10
123.335
20
-98.2169
11
123.335
21
-100.063
0
LINE
8
BLACK
6
CONTINUOUS
10
123.335
20
-100.063
11
123.315
21
-100.131
0
LINE
8
BLACK
6
CONTINUOUS
10
123.315
20
-100.131
11
123.298
21
-100.152
0
LINE
8
BLACK
6
CONTINUOUS
10
123.298
20
-100.152
11
122.218
21
-101.232
0
LINE
8
BLACK
6
CONTINUOUS
10
122.218
20
-101.232
11
122.156
21
-101.266
0
LINE
8
BLACK
6
CONTINUOUS
10
122.156
20
-101.266
11
122.109
21
-101.267
0
LINE
8
BLACK
6
CONTINUOUS
10
122.109
20
-101.267
11
121.986
21
-101.247
0
LINE
8
BLACK
6
CONTINUOUS
10
121.986
20
-101.247
11
121.986
21
-101.247
0
LINE
8
BLACK
6
CONTINUOUS
10
121.986
20
-101.247
11
121.981
21
-101.246
0
LINE
8
BLACK
6
CONTINUOUS
10
121.981
20
-101.246
11
121.851
21
-101.245
0
LINE
8
BLACK
6
CONTINUOUS
10
121.851
20
-101.245
11
121.717
21
-101.243
0
LINE
8
BLACK
6
CONTINUOUS
10
121.717
20
-101.243
11
121.717
21
-101.243
0
LINE
8
BLACK
6
CONTINUOUS
10
121.717
20
-101.243
11
121.712
21
-101.243
0
LINE
8
BLACK
6
CONTINUOUS
10
121.712
20
-101.243
11
121.446
21
-101.279
0
LINE
8
BLACK
6
CONTINUOUS
10
121.446
20
-101.279
11
121.441
21
-101.28
0
LINE
8
BLACK
6
CONTINUOUS
10
121.441
20
-101.28
11
121.441
21
-101.28
0
LINE
8
BLACK
6
CONTINUOUS
10
121.441
20
-101.28
11
121.425
21
-101.285
0
LINE
8
BLACK
6
CONTINUOUS
10
121.425
20
-101.285
11
121.188
21
-101.354
0
LINE
8
BLACK
6
CONTINUOUS
10
121.188
20
-101.354
11
121.184
21
-101.356
0
LINE
8
BLACK
6
CONTINUOUS
10
121.184
20
-101.356
11
121.184
21
-101.356
0
LINE
8
BLACK
6
CONTINUOUS
10
121.184
20
-101.356
11
121.166
21
-101.364
0
LINE
8
BLACK
6
CONTINUOUS
10
121.166
20
-101.364
11
120.944
21
-101.467
0
LINE
8
BLACK
6
CONTINUOUS
10
120.944
20
-101.467
11
120.94
21
-101.469
0
LINE
8
BLACK
6
CONTINUOUS
10
120.94
20
-101.469
11
120.723
21
-101.612
0
LINE
8
BLACK
6
CONTINUOUS
10
120.723
20
-101.612
11
120.723
21
-101.612
0
LINE
8
BLACK
6
CONTINUOUS
10
120.723
20
-101.612
11
120.719
21
-101.614
0
LINE
8
BLACK
6
CONTINUOUS
10
120.719
20
-101.614
11
120.518
21
-101.793
0
LINE
8
BLACK
6
CONTINUOUS
10
120.518
20
-101.793
11
120.473
21
-101.847
0
LINE
8
BLACK
6
CONTINUOUS
10
120.473
20
-101.847
11
120.363
21
-101.981
0
LINE
8
BLACK
6
CONTINUOUS
10
120.363
20
-101.981
11
120.347
21
-102
0
LINE
8
BLACK
6
CONTINUOUS
10
120.347
20
-102
11
120.207
21
-102.23
0
LINE
8
BLACK
6
CONTINUOUS
10
120.207
20
-102.23
11
120.205
21
-102.234
0
LINE
8
BLACK
6
CONTINUOUS
10
120.205
20
-102.234
11
120.205
21
-102.234
0
LINE
8
BLACK
6
CONTINUOUS
10
120.205
20
-102.234
11
120.127
21
-102.422
0
LINE
8
BLACK
6
CONTINUOUS
10
120.127
20
-102.422
11
120.103
21
-102.478
0
LINE
8
BLACK
6
CONTINUOUS
10
120.103
20
-102.478
11
120.037
21
-102.738
0
LINE
8
BLACK
6
CONTINUOUS
10
120.037
20
-102.738
11
120.01
21
-103.006
0
LINE
8
BLACK
6
CONTINUOUS
10
120.01
20
-103.006
11
120.01
21
-103.01
0
LINE
8
BLACK
6
CONTINUOUS
10
120.01
20
-103.01
11
120.01
21
-103.01
0
LINE
8
BLACK
6
CONTINUOUS
10
120.01
20
-103.01
11
120.017
21
-103.145
0
LINE
8
BLACK
6
CONTINUOUS
10
120.017
20
-103.145
11
120.023
21
-103.274
0
LINE
8
BLACK
6
CONTINUOUS
10
120.023
20
-103.274
11
120.075
21
-103.538
0
LINE
8
BLACK
6
CONTINUOUS
10
120.075
20
-103.538
11
120.166
21
-103.791
0
LINE
8
BLACK
6
CONTINUOUS
10
120.166
20
-103.791
11
120.168
21
-103.795
0
LINE
8
BLACK
6
CONTINUOUS
10
120.168
20
-103.795
11
120.168
21
-103.795
0
LINE
8
BLACK
6
CONTINUOUS
10
120.168
20
-103.795
11
120.246
21
-103.939
0
LINE
8
BLACK
6
CONTINUOUS
10
120.246
20
-103.939
11
120.293
21
-104.028
0
LINE
8
BLACK
6
CONTINUOUS
10
120.293
20
-104.028
11
120.296
21
-104.031
0
LINE
8
BLACK
6
CONTINUOUS
10
120.296
20
-104.031
11
120.296
21
-104.031
0
LINE
8
BLACK
6
CONTINUOUS
10
120.296
20
-104.031
11
120.389
21
-104.156
0
LINE
8
BLACK
6
CONTINUOUS
10
120.389
20
-104.156
11
120.454
21
-104.243
0
LINE
8
BLACK
6
CONTINUOUS
10
120.454
20
-104.243
11
120.458
21
-104.246
0
LINE
8
BLACK
6
CONTINUOUS
10
120.458
20
-104.246
11
120.458
21
-104.246
0
LINE
8
BLACK
6
CONTINUOUS
10
120.458
20
-104.246
11
120.642
21
-104.429
0
LINE
8
BLACK
6
CONTINUOUS
10
120.642
20
-104.429
11
120.645
21
-104.432
0
LINE
8
BLACK
6
CONTINUOUS
10
120.645
20
-104.432
11
120.649
21
-104.435
0
LINE
8
BLACK
6
CONTINUOUS
10
120.649
20
-104.435
11
120.649
21
-104.435
0
LINE
8
BLACK
6
CONTINUOUS
10
120.649
20
-104.435
11
120.835
21
-104.571
0
LINE
8
BLACK
6
CONTINUOUS
10
120.835
20
-104.571
11
120.862
21
-104.591
0
LINE
8
BLACK
6
CONTINUOUS
10
120.862
20
-104.591
11
120.866
21
-104.593
0
LINE
8
BLACK
6
CONTINUOUS
10
120.866
20
-104.593
11
120.866
21
-104.593
0
LINE
8
BLACK
6
CONTINUOUS
10
120.866
20
-104.593
11
121.096
21
-104.714
0
LINE
8
BLACK
6
CONTINUOUS
10
121.096
20
-104.714
11
121.1
21
-104.716
0
LINE
8
BLACK
6
CONTINUOUS
10
121.1
20
-104.716
11
121.147
21
-104.733
0
LINE
8
BLACK
6
CONTINUOUS
10
121.147
20
-104.733
11
121.341
21
-104.8
0
LINE
8
BLACK
6
CONTINUOUS
10
121.341
20
-104.8
11
121.354
21
-104.805
0
LINE
8
BLACK
6
CONTINUOUS
10
121.354
20
-104.805
11
121.358
21
-104.806
0
LINE
8
BLACK
6
CONTINUOUS
10
121.358
20
-104.806
11
121.613
21
-104.854
0
LINE
8
BLACK
6
CONTINUOUS
10
121.613
20
-104.854
11
121.613
21
-104.854
0
LINE
8
BLACK
6
CONTINUOUS
10
121.613
20
-104.854
11
121.618
21
-104.855
0
LINE
8
BLACK
6
CONTINUOUS
10
121.618
20
-104.855
11
121.745
21
-104.86
0
LINE
8
BLACK
6
CONTINUOUS
10
121.745
20
-104.86
11
121.882
21
-104.865
0
LINE
8
BLACK
6
CONTINUOUS
10
121.882
20
-104.865
11
121.882
21
-104.865
0
LINE
8
BLACK
6
CONTINUOUS
10
121.882
20
-104.865
11
121.886
21
-104.866
0
LINE
8
BLACK
6
CONTINUOUS
10
121.886
20
-104.866
11
121.991
21
-104.854
0
LINE
8
BLACK
6
CONTINUOUS
10
121.991
20
-104.854
11
122.149
21
-104.837
0
LINE
8
BLACK
6
CONTINUOUS
10
122.149
20
-104.837
11
122.149
21
-104.837
0
LINE
8
BLACK
6
CONTINUOUS
10
122.149
20
-104.837
11
122.154
21
-104.836
0
LINE
8
BLACK
6
CONTINUOUS
10
122.154
20
-104.836
11
122.201
21
-104.824
0
LINE
8
BLACK
6
CONTINUOUS
10
122.201
20
-104.824
11
122.409
21
-104.769
0
LINE
8
BLACK
6
CONTINUOUS
10
122.409
20
-104.769
11
122.409
21
-104.769
0
LINE
8
BLACK
6
CONTINUOUS
10
122.409
20
-104.769
11
122.413
21
-104.768
0
LINE
8
BLACK
6
CONTINUOUS
10
122.413
20
-104.768
11
122.495
21
-104.733
0
LINE
8
BLACK
6
CONTINUOUS
10
122.495
20
-104.733
11
122.656
21
-104.664
0
LINE
8
BLACK
6
CONTINUOUS
10
122.656
20
-104.664
11
122.656
21
-104.664
0
LINE
8
BLACK
6
CONTINUOUS
10
122.656
20
-104.664
11
122.66
21
-104.662
0
LINE
8
BLACK
6
CONTINUOUS
10
122.66
20
-104.662
11
122.804
21
-104.573
0
LINE
8
BLACK
6
CONTINUOUS
10
122.804
20
-104.573
11
122.885
21
-104.523
0
LINE
8
BLACK
6
CONTINUOUS
10
122.885
20
-104.523
11
122.885
21
-104.523
0
LINE
8
BLACK
6
CONTINUOUS
10
122.885
20
-104.523
11
122.889
21
-104.52
0
LINE
8
BLACK
6
CONTINUOUS
10
122.889
20
-104.52
11
123.094
21
-104.347
0
LINE
8
BLACK
6
CONTINUOUS
10
123.094
20
-104.347
11
123.271
21
-104.145
0
LINE
8
BLACK
6
CONTINUOUS
10
123.271
20
-104.145
11
123.305
21
-104.092
0
LINE
8
BLACK
6
CONTINUOUS
10
123.305
20
-104.092
11
123.414
21
-103.922
0
LINE
8
BLACK
6
CONTINUOUS
10
123.414
20
-103.922
11
123.417
21
-103.918
0
LINE
8
BLACK
6
CONTINUOUS
10
123.417
20
-103.918
11
123.527
21
-103.673
0
LINE
8
BLACK
6
CONTINUOUS
10
123.527
20
-103.673
11
123.539
21
-103.631
0
LINE
8
BLACK
6
CONTINUOUS
10
123.539
20
-103.631
11
123.599
21
-103.419
0
LINE
8
BLACK
6
CONTINUOUS
10
123.599
20
-103.419
11
123.599
21
-103.419
0
LINE
8
BLACK
6
CONTINUOUS
10
123.599
20
-103.419
11
123.6
21
-103.415
0
LINE
8
BLACK
6
CONTINUOUS
10
123.6
20
-103.415
11
123.616
21
-103.293
0
LINE
8
BLACK
6
CONTINUOUS
10
123.616
20
-103.293
11
123.634
21
-103.151
0
LINE
8
BLACK
6
CONTINUOUS
10
123.634
20
-103.151
11
123.634
21
-103.151
0
LINE
8
BLACK
6
CONTINUOUS
10
123.634
20
-103.151
11
123.634
21
-103.148
0
LINE
8
BLACK
6
CONTINUOUS
10
123.634
20
-103.148
11
123.637
21
-103.053
0
LINE
8
BLACK
6
CONTINUOUS
10
123.637
20
-103.053
11
123.62
21
-102.835
0
LINE
8
BLACK
6
CONTINUOUS
10
123.62
20
-102.835
11
123.617
21
-102.79
0
LINE
8
BLACK
6
CONTINUOUS
10
123.617
20
-102.79
11
123.617
21
-102.79
0
LINE
8
BLACK
6
CONTINUOUS
10
123.617
20
-102.79
11
123.617
21
-102.785
0
LINE
8
BLACK
6
CONTINUOUS
10
123.617
20
-102.785
11
123.616
21
-102.78
0
LINE
8
BLACK
6
CONTINUOUS
10
123.616
20
-102.78
11
123.614
21
-102.772
0
LINE
8
BLACK
6
CONTINUOUS
10
123.614
20
-102.772
11
123.618
21
-102.701
0
LINE
8
BLACK
6
CONTINUOUS
10
123.618
20
-102.701
11
123.647
21
-102.655
0
LINE
8
BLACK
6
CONTINUOUS
10
123.647
20
-102.655
11
125.012
21
-101.29
0
LINE
8
BLACK
6
CONTINUOUS
10
125.012
20
-101.29
11
125.023
21
-101.281
0
LINE
8
BLACK
6
CONTINUOUS
10
203.749
20
-99.2733
11
203.797
21
-99.5131
0
LINE
8
BLACK
6
CONTINUOUS
10
203.797
20
-99.5131
11
203.8
21
-99.5221
0
LINE
8
BLACK
6
CONTINUOUS
10
203.8
20
-99.5221
11
203.882
21
-99.7522
0
LINE
8
BLACK
6
CONTINUOUS
10
203.882
20
-99.7522
11
203.886
21
-99.7608
0
LINE
8
BLACK
6
CONTINUOUS
10
203.886
20
-99.7608
11
204.002
21
-99.9762
0
LINE
8
BLACK
6
CONTINUOUS
10
204.002
20
-99.9762
11
204.007
21
-99.984
0
LINE
8
BLACK
6
CONTINUOUS
10
204.007
20
-99.984
11
204.064
21
-100.06
0
LINE
8
BLACK
6
CONTINUOUS
10
204.064
20
-100.06
11
204.075
21
-100.069
0
LINE
8
BLACK
6
CONTINUOUS
10
204.075
20
-100.069
11
204.087
21
-100.062
0
LINE
8
BLACK
6
CONTINUOUS
10
204.087
20
-100.062
11
204.442
21
-99.7069
0
LINE
8
BLACK
6
CONTINUOUS
10
204.442
20
-99.7069
11
204.409
21
-99.66
0
LINE
8
BLACK
6
CONTINUOUS
10
204.409
20
-99.66
11
204.317
21
-99.4606
0
LINE
8
BLACK
6
CONTINUOUS
10
204.317
20
-99.4606
11
204.263
21
-99.2477
0
LINE
8
BLACK
6
CONTINUOUS
10
204.263
20
-99.2477
11
204.249
21
-99.0286
0
LINE
8
BLACK
6
CONTINUOUS
10
204.249
20
-99.0286
11
204.275
21
-98.8105
0
LINE
8
BLACK
6
CONTINUOUS
10
204.275
20
-98.8105
11
204.34
21
-98.6008
0
LINE
8
BLACK
6
CONTINUOUS
10
204.34
20
-98.6008
11
204.44
21
-98.4106
0
LINE
8
BLACK
6
CONTINUOUS
10
204.44
20
-98.4106
11
204.085
21
-98.056
0
LINE
8
BLACK
6
CONTINUOUS
10
204.085
20
-98.056
11
204.072
21
-98.0488
0
LINE
8
BLACK
6
CONTINUOUS
10
204.072
20
-98.0488
11
204.062
21
-98.0559
0
LINE
8
BLACK
6
CONTINUOUS
10
204.062
20
-98.0559
11
204.057
21
-98.0618
0
LINE
8
BLACK
6
CONTINUOUS
10
204.057
20
-98.0618
11
204.052
21
-98.0694
0
LINE
8
BLACK
6
CONTINUOUS
10
204.052
20
-98.0694
11
203.925
21
-98.2784
0
LINE
8
BLACK
6
CONTINUOUS
10
203.925
20
-98.2784
11
203.921
21
-98.2867
0
LINE
8
BLACK
6
CONTINUOUS
10
203.921
20
-98.2867
11
203.826
21
-98.5122
0
LINE
8
BLACK
6
CONTINUOUS
10
203.826
20
-98.5122
11
203.823
21
-98.5211
0
LINE
8
BLACK
6
CONTINUOUS
10
203.823
20
-98.5211
11
203.763
21
-98.758
0
LINE
8
BLACK
6
CONTINUOUS
10
203.763
20
-98.758
11
203.761
21
-98.7672
0
LINE
8
BLACK
6
CONTINUOUS
10
203.761
20
-98.7672
11
203.737
21
-99.0105
0
LINE
8
BLACK
6
CONTINUOUS
10
203.737
20
-99.0105
11
203.737
21
-99.0198
0
LINE
8
BLACK
6
CONTINUOUS
10
203.737
20
-99.0198
11
203.748
21
-99.2641
0
LINE
8
BLACK
6
CONTINUOUS
10
203.748
20
-99.2641
11
203.749
21
-99.2733
0
LINE
8
BLACK
6
CONTINUOUS
10
204.802
20
-98.0542
11
204.932
21
-97.9769
0
LINE
8
BLACK
6
CONTINUOUS
10
204.932
20
-97.9769
11
205.138
21
-97.9009
0
LINE
8
BLACK
6
CONTINUOUS
10
205.138
20
-97.9009
11
205.354
21
-97.8637
0
LINE
8
BLACK
6
CONTINUOUS
10
205.354
20
-97.8637
11
205.574
21
-97.8666
0
LINE
8
BLACK
6
CONTINUOUS
10
205.574
20
-97.8666
11
205.789
21
-97.9094
0
LINE
8
BLACK
6
CONTINUOUS
10
205.789
20
-97.9094
11
205.993
21
-97.9908
0
LINE
8
BLACK
6
CONTINUOUS
10
205.993
20
-97.9908
11
206.095
21
-98.0547
0
LINE
8
BLACK
6
CONTINUOUS
10
206.095
20
-98.0547
11
206.451
21
-97.6983
0
LINE
8
BLACK
6
CONTINUOUS
10
206.451
20
-97.6983
11
206.457
21
-97.6866
0
LINE
8
BLACK
6
CONTINUOUS
10
206.457
20
-97.6866
11
206.448
21
-97.6745
0
LINE
8
BLACK
6
CONTINUOUS
10
206.448
20
-97.6745
11
206.322
21
-97.5869
0
LINE
8
BLACK
6
CONTINUOUS
10
206.322
20
-97.5869
11
206.314
21
-97.5821
0
LINE
8
BLACK
6
CONTINUOUS
10
206.314
20
-97.5821
11
206.094
21
-97.474
0
LINE
8
BLACK
6
CONTINUOUS
10
206.094
20
-97.474
11
206.086
21
-97.4705
0
LINE
8
BLACK
6
CONTINUOUS
10
206.086
20
-97.4705
11
205.853
21
-97.396
0
LINE
8
BLACK
6
CONTINUOUS
10
205.853
20
-97.396
11
205.844
21
-97.3938
0
LINE
8
BLACK
6
CONTINUOUS
10
205.844
20
-97.3938
11
205.602
21
-97.3545
0
LINE
8
BLACK
6
CONTINUOUS
10
205.602
20
-97.3545
11
205.593
21
-97.3537
0
LINE
8
BLACK
6
CONTINUOUS
10
205.593
20
-97.3537
11
205.349
21
-97.3505
0
LINE
8
BLACK
6
CONTINUOUS
10
205.349
20
-97.3505
11
205.339
21
-97.351
0
LINE
8
BLACK
6
CONTINUOUS
10
205.339
20
-97.351
11
205.097
21
-97.384
0
LINE
8
BLACK
6
CONTINUOUS
10
205.097
20
-97.384
11
205.088
21
-97.3859
0
LINE
8
BLACK
6
CONTINUOUS
10
205.088
20
-97.3859
11
204.853
21
-97.4544
0
LINE
8
BLACK
6
CONTINUOUS
10
204.853
20
-97.4544
11
204.844
21
-97.4576
0
LINE
8
BLACK
6
CONTINUOUS
10
204.844
20
-97.4576
11
204.622
21
-97.56
0
LINE
8
BLACK
6
CONTINUOUS
10
204.622
20
-97.56
11
204.614
21
-97.5645
0
LINE
8
BLACK
6
CONTINUOUS
10
204.614
20
-97.5645
11
204.447
21
-97.6742
0
LINE
8
BLACK
6
CONTINUOUS
10
204.447
20
-97.6742
11
204.438
21
-97.6849
0
LINE
8
BLACK
6
CONTINUOUS
10
204.438
20
-97.6849
11
204.442
21
-97.6947
0
LINE
8
BLACK
6
CONTINUOUS
10
204.442
20
-97.6947
11
204.802
21
-98.0542
0
LINE
8
BLACK
6
CONTINUOUS
10
189.856
20
-110.341
11
189.882
21
-110.564
0
LINE
8
BLACK
6
CONTINUOUS
10
189.882
20
-110.564
11
189.883
21
-110.577
0
LINE
8
BLACK
6
CONTINUOUS
10
189.883
20
-110.577
11
189.885
21
-110.582
0
LINE
8
BLACK
6
CONTINUOUS
10
189.885
20
-110.582
11
189.885
21
-110.582
0
LINE
8
BLACK
6
CONTINUOUS
10
189.885
20
-110.582
11
189.923
21
-110.717
0
LINE
8
BLACK
6
CONTINUOUS
10
189.923
20
-110.717
11
189.95
21
-110.811
0
LINE
8
BLACK
6
CONTINUOUS
10
189.95
20
-110.811
11
189.952
21
-110.815
0
LINE
8
BLACK
6
CONTINUOUS
10
189.952
20
-110.815
11
189.952
21
-110.815
0
LINE
8
BLACK
6
CONTINUOUS
10
189.952
20
-110.815
11
190
21
-110.918
0
LINE
8
BLACK
6
CONTINUOUS
10
190
20
-110.918
11
190.052
21
-111.031
0
LINE
8
BLACK
6
CONTINUOUS
10
190.052
20
-111.031
11
190.055
21
-111.035
0
LINE
8
BLACK
6
CONTINUOUS
10
190.055
20
-111.035
11
190.055
21
-111.035
0
LINE
8
BLACK
6
CONTINUOUS
10
190.055
20
-111.035
11
190.068
21
-111.055
0
LINE
8
BLACK
6
CONTINUOUS
10
190.068
20
-111.055
11
190.189
21
-111.231
0
LINE
8
BLACK
6
CONTINUOUS
10
190.189
20
-111.231
11
190.355
21
-111.408
0
LINE
8
BLACK
6
CONTINUOUS
10
190.355
20
-111.408
11
190.359
21
-111.411
0
LINE
8
BLACK
6
CONTINUOUS
10
190.359
20
-111.411
11
190.359
21
-111.411
0
LINE
8
BLACK
6
CONTINUOUS
10
190.359
20
-111.411
11
190.544
21
-111.552
0
LINE
8
BLACK
6
CONTINUOUS
10
190.544
20
-111.552
11
190.544
21
-111.552
0
LINE
8
BLACK
6
CONTINUOUS
10
190.544
20
-111.552
11
190.548
21
-111.555
0
LINE
8
BLACK
6
CONTINUOUS
10
190.548
20
-111.555
11
190.762
21
-111.67
0
LINE
8
BLACK
6
CONTINUOUS
10
190.762
20
-111.67
11
190.992
21
-111.749
0
LINE
8
BLACK
6
CONTINUOUS
10
190.992
20
-111.749
11
191.076
21
-111.764
0
LINE
8
BLACK
6
CONTINUOUS
10
191.076
20
-111.764
11
191.227
21
-111.79
0
LINE
8
BLACK
6
CONTINUOUS
10
191.227
20
-111.79
11
191.227
21
-111.79
0
LINE
8
BLACK
6
CONTINUOUS
10
191.227
20
-111.79
11
191.231
21
-111.79
0
LINE
8
BLACK
6
CONTINUOUS
10
191.231
20
-111.79
11
191.235
21
-111.79
0
LINE
8
BLACK
6
CONTINUOUS
10
191.235
20
-111.79
11
191.235
21
-111.79
0
LINE
8
BLACK
6
CONTINUOUS
10
191.235
20
-111.79
11
191.259
21
-111.792
0
LINE
8
BLACK
6
CONTINUOUS
10
191.259
20
-111.792
11
191.259
21
-111.792
0
LINE
8
BLACK
6
CONTINUOUS
10
191.259
20
-111.792
11
191.26
21
-111.792
0
LINE
8
BLACK
6
CONTINUOUS
10
191.26
20
-111.792
11
194.806
21
-111.792
0
LINE
8
BLACK
6
CONTINUOUS
10
194.806
20
-111.792
11
194.828
21
-111.793
0
LINE
8
BLACK
6
CONTINUOUS
10
194.828
20
-111.793
11
194.879
21
-111.802
0
LINE
8
BLACK
6
CONTINUOUS
10
194.879
20
-111.802
11
194.886
21
-111.804
0
LINE
8
BLACK
6
CONTINUOUS
10
194.886
20
-111.804
11
194.957
21
-111.82
0
LINE
8
BLACK
6
CONTINUOUS
10
194.957
20
-111.82
11
194.957
21
-111.82
0
LINE
8
BLACK
6
CONTINUOUS
10
194.957
20
-111.82
11
194.962
21
-111.821
0
LINE
8
BLACK
6
CONTINUOUS
10
194.962
20
-111.821
11
194.995
21
-111.823
0
LINE
8
BLACK
6
CONTINUOUS
10
194.995
20
-111.823
11
195.008
21
-111.825
0
LINE
8
BLACK
6
CONTINUOUS
10
195.008
20
-111.825
11
195.031
21
-111.828
0
LINE
8
BLACK
6
CONTINUOUS
10
195.031
20
-111.828
11
195.037
21
-111.83
0
LINE
8
BLACK
6
CONTINUOUS
10
195.037
20
-111.83
11
195.037
21
-111.83
0
LINE
8
BLACK
6
CONTINUOUS
10
195.037
20
-111.83
11
195.041
21
-111.83
0
LINE
8
BLACK
6
CONTINUOUS
10
195.041
20
-111.83
11
195.045
21
-111.83
0
LINE
8
BLACK
6
CONTINUOUS
10
195.045
20
-111.83
11
195.045
21
-111.83
0
LINE
8
BLACK
6
CONTINUOUS
10
195.045
20
-111.83
11
195.069
21
-111.832
0
LINE
8
BLACK
6
CONTINUOUS
10
195.069
20
-111.832
11
195.069
21
-111.832
0
LINE
8
BLACK
6
CONTINUOUS
10
195.069
20
-111.832
11
195.07
21
-111.832
0
LINE
8
BLACK
6
CONTINUOUS
10
195.07
20
-111.832
11
195.126
21
-111.832
0
LINE
8
BLACK
6
CONTINUOUS
10
195.126
20
-111.832
11
195.134
21
-111.832
0
LINE
8
BLACK
6
CONTINUOUS
10
195.134
20
-111.832
11
195.204
21
-111.836
0
LINE
8
BLACK
6
CONTINUOUS
10
195.204
20
-111.836
11
195.246
21
-111.832
0
LINE
8
BLACK
6
CONTINUOUS
10
195.246
20
-111.832
11
195.258
21
-111.832
0
LINE
8
BLACK
6
CONTINUOUS
10
195.258
20
-111.832
11
200.347
21
-111.832
0
LINE
8
BLACK
6
CONTINUOUS
10
200.347
20
-111.832
11
200.415
21
-111.852
0
LINE
8
BLACK
6
CONTINUOUS
10
200.415
20
-111.852
11
200.462
21
-111.905
0
LINE
8
BLACK
6
CONTINUOUS
10
200.462
20
-111.905
11
200.465
21
-111.913
0
LINE
8
BLACK
6
CONTINUOUS
10
200.465
20
-111.913
11
200.506
21
-112.023
0
LINE
8
BLACK
6
CONTINUOUS
10
200.506
20
-112.023
11
200.509
21
-112.032
0
LINE
8
BLACK
6
CONTINUOUS
10
200.509
20
-112.032
11
200.597
21
-112.148
0
LINE
8
BLACK
6
CONTINUOUS
10
200.597
20
-112.148
11
200.713
21
-112.236
0
LINE
8
BLACK
6
CONTINUOUS
10
200.713
20
-112.236
11
200.85
21
-112.287
0
LINE
8
BLACK
6
CONTINUOUS
10
200.85
20
-112.287
11
200.912
21
-112.293
0
LINE
8
BLACK
6
CONTINUOUS
10
200.912
20
-112.293
11
203.608
21
-112.293
0
LINE
8
BLACK
6
CONTINUOUS
10
203.608
20
-112.293
11
203.67
21
-112.287
0
LINE
8
BLACK
6
CONTINUOUS
10
203.67
20
-112.287
11
203.807
21
-112.236
0
LINE
8
BLACK
6
CONTINUOUS
10
203.807
20
-112.236
11
203.923
21
-112.148
0
LINE
8
BLACK
6
CONTINUOUS
10
203.923
20
-112.148
11
204.011
21
-112.032
0
LINE
8
BLACK
6
CONTINUOUS
10
204.011
20
-112.032
11
204.062
21
-111.895
0
LINE
8
BLACK
6
CONTINUOUS
10
204.062
20
-111.895
11
204.069
21
-111.833
0
LINE
8
BLACK
6
CONTINUOUS
10
204.069
20
-111.833
11
204.069
21
-109.137
0
LINE
8
BLACK
6
CONTINUOUS
10
204.069
20
-109.137
11
204.062
21
-109.075
0
LINE
8
BLACK
6
CONTINUOUS
10
204.062
20
-109.075
11
204.011
21
-108.938
0
LINE
8
BLACK
6
CONTINUOUS
10
204.011
20
-108.938
11
203.923
21
-108.822
0
LINE
8
BLACK
6
CONTINUOUS
10
203.923
20
-108.822
11
203.819
21
-108.744
0
LINE
8
BLACK
6
CONTINUOUS
10
203.819
20
-108.744
11
203.776
21
-108.687
0
LINE
8
BLACK
6
CONTINUOUS
10
203.776
20
-108.687
11
203.768
21
-108.643
0
LINE
8
BLACK
6
CONTINUOUS
10
203.768
20
-108.643
11
203.768
21
-106.399
0
LINE
8
BLACK
6
CONTINUOUS
10
203.768
20
-106.399
11
203.769
21
-106.395
0
LINE
8
BLACK
6
CONTINUOUS
10
203.769
20
-106.395
11
203.771
21
-106.301
0
LINE
8
BLACK
6
CONTINUOUS
10
203.771
20
-106.301
11
203.771
21
-106.301
0
LINE
8
BLACK
6
CONTINUOUS
10
203.771
20
-106.301
11
203.771
21
-106.296
0
LINE
8
BLACK
6
CONTINUOUS
10
203.771
20
-106.296
11
203.761
21
-106.218
0
LINE
8
BLACK
6
CONTINUOUS
10
203.761
20
-106.218
11
203.76
21
-106.211
0
LINE
8
BLACK
6
CONTINUOUS
10
203.76
20
-106.211
11
203.76
21
-106.211
0
LINE
8
BLACK
6
CONTINUOUS
10
203.76
20
-106.211
11
203.757
21
-106.166
0
LINE
8
BLACK
6
CONTINUOUS
10
203.757
20
-106.166
11
203.754
21
-106.138
0
LINE
8
BLACK
6
CONTINUOUS
10
203.754
20
-106.138
11
203.754
21
-106.138
0
LINE
8
BLACK
6
CONTINUOUS
10
203.754
20
-106.138
11
203.754
21
-106.133
0
LINE
8
BLACK
6
CONTINUOUS
10
203.754
20
-106.133
11
203.746
21
-106.101
0
LINE
8
BLACK
6
CONTINUOUS
10
203.746
20
-106.101
11
203.744
21
-106.088
0
LINE
8
BLACK
6
CONTINUOUS
10
203.744
20
-106.088
11
203.74
21
-106.06
0
LINE
8
BLACK
6
CONTINUOUS
10
203.74
20
-106.06
11
203.739
21
-106.055
0
LINE
8
BLACK
6
CONTINUOUS
10
203.739
20
-106.055
11
203.737
21
-106.047
0
LINE
8
BLACK
6
CONTINUOUS
10
203.737
20
-106.047
11
203.717
21
-105.98
0
LINE
8
BLACK
6
CONTINUOUS
10
203.717
20
-105.98
11
203.715
21
-105.974
0
LINE
8
BLACK
6
CONTINUOUS
10
203.715
20
-105.974
11
203.708
21
-105.946
0
LINE
8
BLACK
6
CONTINUOUS
10
203.708
20
-105.946
11
203.696
21
-105.897
0
LINE
8
BLACK
6
CONTINUOUS
10
203.696
20
-105.897
11
203.683
21
-105.867
0
LINE
8
BLACK
6
CONTINUOUS
10
203.683
20
-105.867
11
203.679
21
-105.854
0
LINE
8
BLACK
6
CONTINUOUS
10
203.679
20
-105.854
11
203.671
21
-105.828
0
LINE
8
BLACK
6
CONTINUOUS
10
203.671
20
-105.828
11
203.669
21
-105.823
0
LINE
8
BLACK
6
CONTINUOUS
10
203.669
20
-105.823
11
203.667
21
-105.818
0
LINE
8
BLACK
6
CONTINUOUS
10
203.667
20
-105.818
11
203.667
21
-105.818
0
LINE
8
BLACK
6
CONTINUOUS
10
203.667
20
-105.818
11
203.635
21
-105.752
0
LINE
8
BLACK
6
CONTINUOUS
10
203.635
20
-105.752
11
203.632
21
-105.746
0
LINE
8
BLACK
6
CONTINUOUS
10
203.632
20
-105.746
11
203.603
21
-105.678
0
LINE
8
BLACK
6
CONTINUOUS
10
203.603
20
-105.678
11
203.601
21
-105.674
0
LINE
8
BLACK
6
CONTINUOUS
10
203.601
20
-105.674
11
203.584
21
-105.646
0
LINE
8
BLACK
6
CONTINUOUS
10
203.584
20
-105.646
11
203.577
21
-105.634
0
LINE
8
BLACK
6
CONTINUOUS
10
203.577
20
-105.634
11
203.574
21
-105.629
0
LINE
8
BLACK
6
CONTINUOUS
10
203.574
20
-105.629
11
203.563
21
-105.605
0
LINE
8
BLACK
6
CONTINUOUS
10
203.563
20
-105.605
11
203.517
21
-105.54
0
LINE
8
BLACK
6
CONTINUOUS
10
203.517
20
-105.54
11
203.514
21
-105.535
0
LINE
8
BLACK
6
CONTINUOUS
10
203.514
20
-105.535
11
203.475
21
-105.473
0
LINE
8
BLACK
6
CONTINUOUS
10
203.475
20
-105.473
11
203.475
21
-105.473
0
LINE
8
BLACK
6
CONTINUOUS
10
203.475
20
-105.473
11
203.472
21
-105.468
0
LINE
8
BLACK
6
CONTINUOUS
10
203.472
20
-105.468
11
203.468
21
-105.465
0
LINE
8
BLACK
6
CONTINUOUS
10
203.468
20
-105.465
11
203.468
21
-105.465
0
LINE
8
BLACK
6
CONTINUOUS
10
203.468
20
-105.465
11
203.45
21
-105.444
0
LINE
8
BLACK
6
CONTINUOUS
10
203.45
20
-105.444
11
203.442
21
-105.433
0
LINE
8
BLACK
6
CONTINUOUS
10
203.442
20
-105.433
11
203.425
21
-105.409
0
LINE
8
BLACK
6
CONTINUOUS
10
203.425
20
-105.409
11
203.423
21
-105.406
0
LINE
8
BLACK
6
CONTINUOUS
10
203.423
20
-105.406
11
203.403
21
-105.385
0
LINE
8
BLACK
6
CONTINUOUS
10
203.403
20
-105.385
11
203.363
21
-105.345
0
LINE
8
BLACK
6
CONTINUOUS
10
203.363
20
-105.345
11
203.358
21
-105.339
0
LINE
8
BLACK
6
CONTINUOUS
10
203.358
20
-105.339
11
203.315
21
-105.29
0
LINE
8
BLACK
6
CONTINUOUS
10
203.315
20
-105.29
11
203.315
21
-105.29
0
LINE
8
BLACK
6
CONTINUOUS
10
203.315
20
-105.29
11
203.311
21
-105.286
0
LINE
8
BLACK
6
CONTINUOUS
10
203.311
20
-105.286
11
203.298
21
-105.276
0
LINE
8
BLACK
6
CONTINUOUS
10
203.298
20
-105.276
11
203.279
21
-105.26
0
LINE
8
BLACK
6
CONTINUOUS
10
203.279
20
-105.26
11
203.27
21
-105.252
0
LINE
8
BLACK
6
CONTINUOUS
10
203.27
20
-105.252
11
201.994
21
-103.976
0
LINE
8
BLACK
6
CONTINUOUS
10
201.994
20
-103.976
11
201.96
21
-103.913
0
LINE
8
BLACK
6
CONTINUOUS
10
201.96
20
-103.913
11
201.957
21
-103.887
0
LINE
8
BLACK
6
CONTINUOUS
10
201.957
20
-103.887
11
201.957
21
-100.727
0
LINE
8
BLACK
6
CONTINUOUS
10
201.957
20
-100.727
11
201.977
21
-100.659
0
LINE
8
BLACK
6
CONTINUOUS
10
201.977
20
-100.659
11
201.999
21
-100.636
0
LINE
8
BLACK
6
CONTINUOUS
10
201.999
20
-100.636
11
201.998
21
-100.635
0
LINE
8
BLACK
6
CONTINUOUS
10
201.998
20
-100.635
11
202.005
21
-100.629
0
LINE
8
BLACK
6
CONTINUOUS
10
202.005
20
-100.629
11
202.012
21
-100.623
0
LINE
8
BLACK
6
CONTINUOUS
10
202.012
20
-100.623
11
202.099
21
-100.507
0
LINE
8
BLACK
6
CONTINUOUS
10
202.099
20
-100.507
11
202.127
21
-100.433
0
LINE
8
BLACK
6
CONTINUOUS
10
202.127
20
-100.433
11
202.15
21
-100.37
0
LINE
8
BLACK
6
CONTINUOUS
10
202.15
20
-100.37
11
202.157
21
-100.308
0
LINE
8
BLACK
6
CONTINUOUS
10
202.157
20
-100.308
11
202.157
21
-97.8119
0
LINE
8
BLACK
6
CONTINUOUS
10
202.157
20
-97.8119
11
202.15
21
-97.7497
0
LINE
8
BLACK
6
CONTINUOUS
10
202.15
20
-97.7497
11
202.126
21
-97.6849
0
LINE
8
BLACK
6
CONTINUOUS
10
202.126
20
-97.6849
11
202.099
21
-97.6133
0
LINE
8
BLACK
6
CONTINUOUS
10
202.099
20
-97.6133
11
202.012
21
-97.4967
0
LINE
8
BLACK
6
CONTINUOUS
10
202.012
20
-97.4967
11
201.895
21
-97.4094
0
LINE
8
BLACK
6
CONTINUOUS
10
201.895
20
-97.4094
11
201.759
21
-97.3583
0
LINE
8
BLACK
6
CONTINUOUS
10
201.759
20
-97.3583
11
201.697
21
-97.3515
0
LINE
8
BLACK
6
CONTINUOUS
10
201.697
20
-97.3515
11
200.926
21
-97.3515
0
LINE
8
BLACK
6
CONTINUOUS
10
200.926
20
-97.3515
11
200.857
21
-97.3315
0
LINE
8
BLACK
6
CONTINUOUS
10
200.857
20
-97.3315
11
200.836
21
-97.3146
0
LINE
8
BLACK
6
CONTINUOUS
10
200.836
20
-97.3146
11
198.785
21
-95.2634
0
LINE
8
BLACK
6
CONTINUOUS
10
198.785
20
-95.2634
11
198.783
21
-95.2609
0
LINE
8
BLACK
6
CONTINUOUS
10
198.783
20
-95.2609
11
198.718
21
-95.1921
0
LINE
8
BLACK
6
CONTINUOUS
10
198.718
20
-95.1921
11
198.718
21
-95.1921
0
LINE
8
BLACK
6
CONTINUOUS
10
198.718
20
-95.1921
11
198.714
21
-95.1884
0
LINE
8
BLACK
6
CONTINUOUS
10
198.714
20
-95.1884
11
198.652
21
-95.1407
0
LINE
8
BLACK
6
CONTINUOUS
10
198.652
20
-95.1407
11
198.647
21
-95.1365
0
LINE
8
BLACK
6
CONTINUOUS
10
198.647
20
-95.1365
11
198.591
21
-95.0889
0
LINE
8
BLACK
6
CONTINUOUS
10
198.591
20
-95.0889
11
198.591
21
-95.0889
0
LINE
8
BLACK
6
CONTINUOUS
10
198.591
20
-95.0889
11
198.587
21
-95.0856
0
LINE
8
BLACK
6
CONTINUOUS
10
198.587
20
-95.0856
11
198.583
21
-95.083
0
LINE
8
BLACK
6
CONTINUOUS
10
198.583
20
-95.083
11
198.583
21
-95.083
0
LINE
8
BLACK
6
CONTINUOUS
10
198.583
20
-95.083
11
198.559
21
-95.0686
0
LINE
8
BLACK
6
CONTINUOUS
10
198.559
20
-95.0686
11
198.548
21
-95.0609
0
LINE
8
BLACK
6
CONTINUOUS
10
198.548
20
-95.0609
11
198.521
21
-95.0409
0
LINE
8
BLACK
6
CONTINUOUS
10
198.521
20
-95.0409
11
198.506
21
-95.0327
0
LINE
8
BLACK
6
CONTINUOUS
10
198.506
20
-95.0327
11
198.452
21
-95.0038
0
LINE
8
BLACK
6
CONTINUOUS
10
198.452
20
-95.0038
11
198.446
21
-95.0006
0
LINE
8
BLACK
6
CONTINUOUS
10
198.446
20
-95.0006
11
198.428
21
-94.9893
0
LINE
8
BLACK
6
CONTINUOUS
10
198.428
20
-94.9893
11
198.379
21
-94.9598
0
LINE
8
BLACK
6
CONTINUOUS
10
198.379
20
-94.9598
11
198.349
21
-94.9475
0
LINE
8
BLACK
6
CONTINUOUS
10
198.349
20
-94.9475
11
198.336
21
-94.9418
0
LINE
8
BLACK
6
CONTINUOUS
10
198.336
20
-94.9418
11
198.312
21
-94.9286
0
LINE
8
BLACK
6
CONTINUOUS
10
198.312
20
-94.9286
11
198.312
21
-94.9286
0
LINE
8
BLACK
6
CONTINUOUS
10
198.312
20
-94.9286
11
198.307
21
-94.9262
0
LINE
8
BLACK
6
CONTINUOUS
10
198.307
20
-94.9262
11
198.303
21
-94.9246
0
LINE
8
BLACK
6
CONTINUOUS
10
198.303
20
-94.9246
11
198.303
21
-94.9246
0
LINE
8
BLACK
6
CONTINUOUS
10
198.303
20
-94.9246
11
198.233
21
-94.9007
0
LINE
8
BLACK
6
CONTINUOUS
10
198.233
20
-94.9007
11
198.227
21
-94.8983
0
LINE
8
BLACK
6
CONTINUOUS
10
198.227
20
-94.8983
11
198.159
21
-94.8708
0
LINE
8
BLACK
6
CONTINUOUS
10
198.159
20
-94.8708
11
198.159
21
-94.8708
0
LINE
8
BLACK
6
CONTINUOUS
10
198.159
20
-94.8708
11
198.154
21
-94.8689
0
LINE
8
BLACK
6
CONTINUOUS
10
198.154
20
-94.8689
11
198.122
21
-94.8616
0
LINE
8
BLACK
6
CONTINUOUS
10
198.122
20
-94.8616
11
198.109
21
-94.8579
0
LINE
8
BLACK
6
CONTINUOUS
10
198.109
20
-94.8579
11
198.078
21
-94.8472
0
LINE
8
BLACK
6
CONTINUOUS
10
198.078
20
-94.8472
11
198.001
21
-94.8338
0
LINE
8
BLACK
6
CONTINUOUS
10
198.001
20
-94.8338
11
197.994
21
-94.8325
0
LINE
8
BLACK
6
CONTINUOUS
10
197.994
20
-94.8325
11
197.917
21
-94.8151
0
LINE
8
BLACK
6
CONTINUOUS
10
197.917
20
-94.8151
11
197.885
21
-94.8131
0
LINE
8
BLACK
6
CONTINUOUS
10
197.885
20
-94.8131
11
197.871
21
-94.8115
0
LINE
8
BLACK
6
CONTINUOUS
10
197.871
20
-94.8115
11
197.839
21
-94.8059
0
LINE
8
BLACK
6
CONTINUOUS
10
197.839
20
-94.8059
11
197.835
21
-94.8057
0
LINE
8
BLACK
6
CONTINUOUS
10
197.835
20
-94.8057
11
197.835
21
-94.8057
0
LINE
8
BLACK
6
CONTINUOUS
10
197.835
20
-94.8057
11
197.811
21
-94.8046
0
LINE
8
BLACK
6
CONTINUOUS
10
197.811
20
-94.8046
11
197.811
21
-94.8046
0
LINE
8
BLACK
6
CONTINUOUS
10
197.811
20
-94.8046
11
197.81
21
-94.8046
0
LINE
8
BLACK
6
CONTINUOUS
10
197.81
20
-94.8046
11
197.753
21
-94.8046
0
LINE
8
BLACK
6
CONTINUOUS
10
197.753
20
-94.8046
11
197.746
21
-94.8043
0
LINE
8
BLACK
6
CONTINUOUS
10
197.746
20
-94.8043
11
197.74
21
-94.804
0
LINE
8
BLACK
6
CONTINUOUS
10
197.74
20
-94.804
11
197.675
21
-94.7999
0
LINE
8
BLACK
6
CONTINUOUS
10
197.675
20
-94.7999
11
197.636
21
-94.8037
0
LINE
8
BLACK
6
CONTINUOUS
10
197.636
20
-94.8037
11
197.634
21
-94.804
0
LINE
8
BLACK
6
CONTINUOUS
10
197.634
20
-94.804
11
197.621
21
-94.8046
0
LINE
8
BLACK
6
CONTINUOUS
10
197.621
20
-94.8046
11
193.834
21
-94.8046
0
LINE
8
BLACK
6
CONTINUOUS
10
193.834
20
-94.8046
11
193.824
21
-94.8042
0
LINE
8
BLACK
6
CONTINUOUS
10
193.824
20
-94.8042
11
193.775
21
-94.8003
0
LINE
8
BLACK
6
CONTINUOUS
10
193.775
20
-94.8003
11
193.77
21
-94.7999
0
LINE
8
BLACK
6
CONTINUOUS
10
193.77
20
-94.7999
11
193.765
21
-94.8003
0
LINE
8
BLACK
6
CONTINUOUS
10
193.765
20
-94.8003
11
193.712
21
-94.8044
0
LINE
8
BLACK
6
CONTINUOUS
10
193.712
20
-94.8044
11
193.71
21
-94.8046
0
LINE
8
BLACK
6
CONTINUOUS
10
193.71
20
-94.8046
11
193.709
21
-94.8046
0
LINE
8
BLACK
6
CONTINUOUS
10
193.709
20
-94.8046
11
193.706
21
-94.8048
0
LINE
8
BLACK
6
CONTINUOUS
10
193.706
20
-94.8048
11
193.706
21
-94.8048
0
LINE
8
BLACK
6
CONTINUOUS
10
193.706
20
-94.8048
11
193.632
21
-94.8108
0
LINE
8
BLACK
6
CONTINUOUS
10
193.632
20
-94.8108
11
193.631
21
-94.8108
0
LINE
8
BLACK
6
CONTINUOUS
10
193.631
20
-94.8108
11
193.533
21
-94.8185
0
LINE
8
BLACK
6
CONTINUOUS
10
193.533
20
-94.8185
11
193.532
21
-94.8188
0
LINE
8
BLACK
6
CONTINUOUS
10
193.532
20
-94.8188
11
193.528
21
-94.8191
0
LINE
8
BLACK
6
CONTINUOUS
10
193.528
20
-94.8191
11
193.408
21
-94.8486
0
LINE
8
BLACK
6
CONTINUOUS
10
193.408
20
-94.8486
11
193.408
21
-94.8487
0
LINE
8
BLACK
6
CONTINUOUS
10
193.408
20
-94.8487
11
193.302
21
-94.874
0
LINE
8
BLACK
6
CONTINUOUS
10
193.302
20
-94.874
11
193.3
21
-94.875
0
LINE
8
BLACK
6
CONTINUOUS
10
193.3
20
-94.875
11
193.298
21
-94.8754
0
LINE
8
BLACK
6
CONTINUOUS
10
193.298
20
-94.8754
11
193.297
21
-94.8758
0
LINE
8
BLACK
6
CONTINUOUS
10
193.297
20
-94.8758
11
193.292
21
-94.877
0
LINE
8
BLACK
6
CONTINUOUS
10
193.292
20
-94.877
11
193.288
21
-94.879
0
LINE
8
BLACK
6
CONTINUOUS
10
193.288
20
-94.879
11
193.288
21
-94.879
0
LINE
8
BLACK
6
CONTINUOUS
10
193.288
20
-94.879
11
193.184
21
-94.9232
0
LINE
8
BLACK
6
CONTINUOUS
10
193.184
20
-94.9232
11
193.183
21
-94.9235
0
LINE
8
BLACK
6
CONTINUOUS
10
193.183
20
-94.9235
11
193.083
21
-94.9648
0
LINE
8
BLACK
6
CONTINUOUS
10
193.083
20
-94.9648
11
193.079
21
-94.9672
0
LINE
8
BLACK
6
CONTINUOUS
10
193.079
20
-94.9672
11
193.075
21
-94.9693
0
LINE
8
BLACK
6
CONTINUOUS
10
193.075
20
-94.9693
11
193.074
21
-94.9699
0
LINE
8
BLACK
6
CONTINUOUS
10
193.074
20
-94.9699
11
193.069
21
-94.9719
0
LINE
8
BLACK
6
CONTINUOUS
10
193.069
20
-94.9719
11
192.972
21
-95.0327
0
LINE
8
BLACK
6
CONTINUOUS
10
192.972
20
-95.0327
11
192.971
21
-95.0335
0
LINE
8
BLACK
6
CONTINUOUS
10
192.971
20
-95.0335
11
192.881
21
-95.0889
0
LINE
8
BLACK
6
CONTINUOUS
10
192.881
20
-95.0889
11
192.877
21
-95.0921
0
LINE
8
BLACK
6
CONTINUOUS
10
192.877
20
-95.0921
11
192.873
21
-95.0949
0
LINE
8
BLACK
6
CONTINUOUS
10
192.873
20
-95.0949
11
192.869
21
-95.0977
0
LINE
8
BLACK
6
CONTINUOUS
10
192.869
20
-95.0977
11
192.868
21
-95.0985
0
LINE
8
BLACK
6
CONTINUOUS
10
192.868
20
-95.0985
11
192.863
21
-95.1012
0
LINE
8
BLACK
6
CONTINUOUS
10
192.863
20
-95.1012
11
192.85
21
-95.1135
0
LINE
8
BLACK
6
CONTINUOUS
10
192.85
20
-95.1135
11
192.78
21
-95.1744
0
LINE
8
BLACK
6
CONTINUOUS
10
192.78
20
-95.1744
11
192.779
21
-95.1757
0
LINE
8
BLACK
6
CONTINUOUS
10
192.779
20
-95.1757
11
192.7
21
-95.2431
0
LINE
8
BLACK
6
CONTINUOUS
10
192.7
20
-95.2431
11
192.697
21
-95.2469
0
LINE
8
BLACK
6
CONTINUOUS
10
192.697
20
-95.2469
11
192.693
21
-95.2504
0
LINE
8
BLACK
6
CONTINUOUS
10
192.693
20
-95.2504
11
192.693
21
-95.2503
0
LINE
8
BLACK
6
CONTINUOUS
10
192.693
20
-95.2503
11
192.686
21
-95.2579
0
LINE
8
BLACK
6
CONTINUOUS
10
192.686
20
-95.2579
11
192.681
21
-95.2618
0
LINE
8
BLACK
6
CONTINUOUS
10
192.681
20
-95.2618
11
192.678
21
-95.2657
0
LINE
8
BLACK
6
CONTINUOUS
10
192.678
20
-95.2657
11
192.678
21
-95.2657
0
LINE
8
BLACK
6
CONTINUOUS
10
192.678
20
-95.2657
11
192.613
21
-95.3447
0
LINE
8
BLACK
6
CONTINUOUS
10
192.613
20
-95.3447
11
192.612
21
-95.3466
0
LINE
8
BLACK
6
CONTINUOUS
10
192.612
20
-95.3466
11
192.546
21
-95.4237
0
LINE
8
BLACK
6
CONTINUOUS
10
192.546
20
-95.4237
11
192.543
21
-95.4284
0
LINE
8
BLACK
6
CONTINUOUS
10
192.543
20
-95.4284
11
192.533
21
-95.4426
0
LINE
8
BLACK
6
CONTINUOUS
10
192.533
20
-95.4426
11
192.53
21
-95.4454
0
LINE
8
BLACK
6
CONTINUOUS
10
192.53
20
-95.4454
11
192.53
21
-95.4454
0
LINE
8
BLACK
6
CONTINUOUS
10
192.53
20
-95.4454
11
192.527
21
-95.4493
0
LINE
8
BLACK
6
CONTINUOUS
10
192.527
20
-95.4493
11
192.51
21
-95.4785
0
LINE
8
BLACK
6
CONTINUOUS
10
192.51
20
-95.4785
11
192.475
21
-95.5395
0
LINE
8
BLACK
6
CONTINUOUS
10
192.475
20
-95.5395
11
192.473
21
-95.5419
0
LINE
8
BLACK
6
CONTINUOUS
10
192.473
20
-95.5419
11
192.422
21
-95.6261
0
LINE
8
BLACK
6
CONTINUOUS
10
192.422
20
-95.6261
11
192.42
21
-95.6307
0
LINE
8
BLACK
6
CONTINUOUS
10
192.42
20
-95.6307
11
192.42
21
-95.6307
0
LINE
8
BLACK
6
CONTINUOUS
10
192.42
20
-95.6307
11
192.419
21
-95.6339
0
LINE
8
BLACK
6
CONTINUOUS
10
192.419
20
-95.6339
11
192.411
21
-95.6491
0
LINE
8
BLACK
6
CONTINUOUS
10
192.411
20
-95.6491
11
192.405
21
-95.6591
0
LINE
8
BLACK
6
CONTINUOUS
10
192.405
20
-95.6591
11
192.377
21
-95.7332
0
LINE
8
BLACK
6
CONTINUOUS
10
192.377
20
-95.7332
11
192.369
21
-95.7537
0
LINE
8
BLACK
6
CONTINUOUS
10
192.369
20
-95.7537
11
192.368
21
-95.7567
0
LINE
8
BLACK
6
CONTINUOUS
10
192.368
20
-95.7567
11
192.331
21
-95.8455
0
LINE
8
BLACK
6
CONTINUOUS
10
192.331
20
-95.8455
11
192.33
21
-95.8503
0
LINE
8
BLACK
6
CONTINUOUS
10
192.33
20
-95.8503
11
192.33
21
-95.8503
0
LINE
8
BLACK
6
CONTINUOUS
10
192.33
20
-95.8503
11
192.328
21
-95.8565
0
LINE
8
BLACK
6
CONTINUOUS
10
192.328
20
-95.8565
11
192.323
21
-95.8722
0
LINE
8
BLACK
6
CONTINUOUS
10
192.323
20
-95.8722
11
192.318
21
-95.8858
0
LINE
8
BLACK
6
CONTINUOUS
10
192.318
20
-95.8858
11
192.317
21
-95.8907
0
LINE
8
BLACK
6
CONTINUOUS
10
192.317
20
-95.8907
11
192.298
21
-95.9819
0
LINE
8
BLACK
6
CONTINUOUS
10
192.298
20
-95.9819
11
192.297
21
-95.9855
0
LINE
8
BLACK
6
CONTINUOUS
10
192.297
20
-95.9855
11
192.28
21
-96.057
0
LINE
8
BLACK
6
CONTINUOUS
10
192.28
20
-96.057
11
192.275
21
-96.0764
0
LINE
8
BLACK
6
CONTINUOUS
10
192.275
20
-96.0764
11
192.275
21
-96.0813
0
LINE
8
BLACK
6
CONTINUOUS
10
192.275
20
-96.0813
11
192.274
21
-96.0905
0
LINE
8
BLACK
6
CONTINUOUS
10
192.274
20
-96.0905
11
192.272
21
-96.1064
0
LINE
8
BLACK
6
CONTINUOUS
10
192.272
20
-96.1064
11
192.269
21
-96.1234
0
LINE
8
BLACK
6
CONTINUOUS
10
192.269
20
-96.1234
11
192.268
21
-96.1284
0
LINE
8
BLACK
6
CONTINUOUS
10
192.268
20
-96.1284
11
192.268
21
-96.1284
0
LINE
8
BLACK
6
CONTINUOUS
10
192.268
20
-96.1284
11
192.264
21
-96.2185
0
LINE
8
BLACK
6
CONTINUOUS
10
192.264
20
-96.2185
11
192.264
21
-96.2227
0
LINE
8
BLACK
6
CONTINUOUS
10
192.264
20
-96.2227
11
192.257
21
-96.3131
0
LINE
8
BLACK
6
CONTINUOUS
10
192.257
20
-96.3131
11
192.257
21
-96.318
0
LINE
8
BLACK
6
CONTINUOUS
10
192.257
20
-96.318
11
192.257
21
-96.318
0
LINE
8
BLACK
6
CONTINUOUS
10
192.257
20
-96.318
11
192.258
21
-96.3301
0
LINE
8
BLACK
6
CONTINUOUS
10
192.258
20
-96.3301
11
192.258
21
-96.3457
0
LINE
8
BLACK
6
CONTINUOUS
10
192.258
20
-96.3457
11
192.258
21
-96.3608
0
LINE
8
BLACK
6
CONTINUOUS
10
192.258
20
-96.3608
11
192.258
21
-96.3608
0
LINE
8
BLACK
6
CONTINUOUS
10
192.258
20
-96.3608
11
192.258
21
-96.3659
0
LINE
8
BLACK
6
CONTINUOUS
10
192.258
20
-96.3659
11
192.258
21
-96.3709
0
LINE
8
BLACK
6
CONTINUOUS
10
192.258
20
-96.3709
11
192.258
21
-96.3709
0
LINE
8
BLACK
6
CONTINUOUS
10
192.258
20
-96.3709
11
192.268
21
-96.4576
0
LINE
8
BLACK
6
CONTINUOUS
10
192.268
20
-96.4576
11
192.269
21
-96.4622
0
LINE
8
BLACK
6
CONTINUOUS
10
192.269
20
-96.4622
11
192.275
21
-96.5448
0
LINE
8
BLACK
6
CONTINUOUS
10
192.275
20
-96.5448
11
192.275
21
-96.5498
0
LINE
8
BLACK
6
CONTINUOUS
10
192.275
20
-96.5498
11
192.277
21
-96.5546
0
LINE
8
BLACK
6
CONTINUOUS
10
192.277
20
-96.5546
11
192.28
21
-96.5691
0
LINE
8
BLACK
6
CONTINUOUS
10
192.28
20
-96.5691
11
192.283
21
-96.5841
0
LINE
8
BLACK
6
CONTINUOUS
10
192.283
20
-96.5841
11
192.285
21
-96.607
0
LINE
8
BLACK
6
CONTINUOUS
10
192.285
20
-96.607
11
192.298
21
-96.6528
0
LINE
8
BLACK
6
CONTINUOUS
10
192.298
20
-96.6528
11
192.31
21
-96.693
0
LINE
8
BLACK
6
CONTINUOUS
10
192.31
20
-96.693
11
192.311
21
-96.6979
0
LINE
8
BLACK
6
CONTINUOUS
10
192.311
20
-96.6979
11
192.331
21
-96.7807
0
LINE
8
BLACK
6
CONTINUOUS
10
192.331
20
-96.7807
11
192.34
21
-96.8017
0
LINE
8
BLACK
6
CONTINUOUS
10
192.34
20
-96.8017
11
192.344
21
-96.8156
0
LINE
8
BLACK
6
CONTINUOUS
10
192.344
20
-96.8156
11
192.352
21
-96.8406
0
LINE
8
BLACK
6
CONTINUOUS
10
192.352
20
-96.8406
11
192.354
21
-96.8452
0
LINE
8
BLACK
6
CONTINUOUS
10
192.354
20
-96.8452
11
192.354
21
-96.8452
0
LINE
8
BLACK
6
CONTINUOUS
10
192.354
20
-96.8452
11
192.388
21
-96.919
0
LINE
8
BLACK
6
CONTINUOUS
10
192.388
20
-96.919
11
192.39
21
-96.924
0
LINE
8
BLACK
6
CONTINUOUS
10
192.39
20
-96.924
11
192.415
21
-96.9844
0
LINE
8
BLACK
6
CONTINUOUS
10
192.415
20
-96.9844
11
192.422
21
-97
0
LINE
8
BLACK
6
CONTINUOUS
10
192.422
20
-97
11
192.435
21
-97.0219
0
LINE
8
BLACK
6
CONTINUOUS
10
192.435
20
-97.0219
11
192.442
21
-97.0345
0
LINE
8
BLACK
6
CONTINUOUS
10
192.442
20
-97.0345
11
192.454
21
-97.0606
0
LINE
8
BLACK
6
CONTINUOUS
10
192.454
20
-97.0606
11
192.457
21
-97.0648
0
LINE
8
BLACK
6
CONTINUOUS
10
192.457
20
-97.0648
11
192.457
21
-97.0648
0
LINE
8
BLACK
6
CONTINUOUS
10
192.457
20
-97.0648
11
192.501
21
-97.1297
0
LINE
8
BLACK
6
CONTINUOUS
10
192.501
20
-97.1297
11
192.504
21
-97.1347
0
LINE
8
BLACK
6
CONTINUOUS
10
192.504
20
-97.1347
11
192.546
21
-97.2025
0
LINE
8
BLACK
6
CONTINUOUS
10
192.546
20
-97.2025
11
192.549
21
-97.2062
0
LINE
8
BLACK
6
CONTINUOUS
10
192.549
20
-97.2062
11
192.549
21
-97.2062
0
LINE
8
BLACK
6
CONTINUOUS
10
192.549
20
-97.2062
11
192.564
21
-97.2241
0
LINE
8
BLACK
6
CONTINUOUS
10
192.564
20
-97.2241
11
192.573
21
-97.2351
0
LINE
8
BLACK
6
CONTINUOUS
10
192.573
20
-97.2351
11
192.591
21
-97.2614
0
LINE
8
BLACK
6
CONTINUOUS
10
192.591
20
-97.2614
11
192.594
21
-97.2651
0
LINE
8
BLACK
6
CONTINUOUS
10
192.594
20
-97.2651
11
192.594
21
-97.2651
0
LINE
8
BLACK
6
CONTINUOUS
10
192.594
20
-97.2651
11
192.646
21
-97.32
0
LINE
8
BLACK
6
CONTINUOUS
10
192.646
20
-97.32
11
192.65
21
-97.3247
0
LINE
8
BLACK
6
CONTINUOUS
10
192.65
20
-97.3247
11
192.697
21
-97.3793
0
LINE
8
BLACK
6
CONTINUOUS
10
192.697
20
-97.3793
11
192.697
21
-97.3793
0
LINE
8
BLACK
6
CONTINUOUS
10
192.697
20
-97.3793
11
192.7
21
-97.383
0
LINE
8
BLACK
6
CONTINUOUS
10
192.7
20
-97.383
11
192.724
21
-97.4034
0
LINE
8
BLACK
6
CONTINUOUS
10
192.724
20
-97.4034
11
192.734
21
-97.4126
0
LINE
8
BLACK
6
CONTINUOUS
10
192.734
20
-97.4126
11
192.757
21
-97.4378
0
LINE
8
BLACK
6
CONTINUOUS
10
192.757
20
-97.4378
11
192.761
21
-97.4408
0
LINE
8
BLACK
6
CONTINUOUS
10
192.761
20
-97.4408
11
192.761
21
-97.4408
0
LINE
8
BLACK
6
CONTINUOUS
10
192.761
20
-97.4408
11
192.819
21
-97.485
0
LINE
8
BLACK
6
CONTINUOUS
10
192.819
20
-97.485
11
192.824
21
-97.4893
0
LINE
8
BLACK
6
CONTINUOUS
10
192.824
20
-97.4893
11
192.881
21
-97.5372
0
LINE
8
BLACK
6
CONTINUOUS
10
192.881
20
-97.5372
11
192.885
21
-97.5398
0
LINE
8
BLACK
6
CONTINUOUS
10
192.885
20
-97.5398
11
192.885
21
-97.5398
0
LINE
8
BLACK
6
CONTINUOUS
10
192.885
20
-97.5398
11
192.91
21
-97.5551
0
LINE
8
BLACK
6
CONTINUOUS
10
192.91
20
-97.5551
11
192.92
21
-97.5624
0
LINE
8
BLACK
6
CONTINUOUS
10
192.92
20
-97.5624
11
192.946
21
-97.5821
0
LINE
8
BLACK
6
CONTINUOUS
10
192.946
20
-97.5821
11
192.946
21
-97.5821
0
LINE
8
BLACK
6
CONTINUOUS
10
192.946
20
-97.5821
11
192.95
21
-97.5852
0
LINE
8
BLACK
6
CONTINUOUS
10
192.95
20
-97.5852
11
192.955
21
-97.5876
0
LINE
8
BLACK
6
CONTINUOUS
10
192.955
20
-97.5876
11
192.955
21
-97.5876
0
LINE
8
BLACK
6
CONTINUOUS
10
192.955
20
-97.5876
11
193.016
21
-97.6206
0
LINE
8
BLACK
6
CONTINUOUS
10
193.016
20
-97.6206
11
193.022
21
-97.6242
0
LINE
8
BLACK
6
CONTINUOUS
10
193.022
20
-97.6242
11
193.083
21
-97.6613
0
LINE
8
BLACK
6
CONTINUOUS
10
193.083
20
-97.6613
11
193.117
21
-97.6755
0
LINE
8
BLACK
6
CONTINUOUS
10
193.117
20
-97.6755
11
193.129
21
-97.6808
0
LINE
8
BLACK
6
CONTINUOUS
10
193.129
20
-97.6808
11
193.164
21
-97.6999
0
LINE
8
BLACK
6
CONTINUOUS
10
193.164
20
-97.6999
11
193.232
21
-97.7233
0
LINE
8
BLACK
6
CONTINUOUS
10
193.232
20
-97.7233
11
193.239
21
-97.726
0
LINE
8
BLACK
6
CONTINUOUS
10
193.239
20
-97.726
11
193.302
21
-97.7522
0
LINE
8
BLACK
6
CONTINUOUS
10
193.302
20
-97.7522
11
193.341
21
-97.7615
0
LINE
8
BLACK
6
CONTINUOUS
10
193.341
20
-97.7615
11
193.353
21
-97.7649
0
LINE
8
BLACK
6
CONTINUOUS
10
193.353
20
-97.7649
11
193.389
21
-97.7773
0
LINE
8
BLACK
6
CONTINUOUS
10
193.389
20
-97.7773
11
193.389
21
-97.7773
0
LINE
8
BLACK
6
CONTINUOUS
10
193.389
20
-97.7773
11
193.394
21
-97.7789
0
LINE
8
BLACK
6
CONTINUOUS
10
193.394
20
-97.7789
11
193.462
21
-97.7907
0
LINE
8
BLACK
6
CONTINUOUS
10
193.462
20
-97.7907
11
193.47
21
-97.7923
0
LINE
8
BLACK
6
CONTINUOUS
10
193.47
20
-97.7923
11
193.528
21
-97.8064
0
LINE
8
BLACK
6
CONTINUOUS
10
193.528
20
-97.8064
11
193.528
21
-97.8065
0
LINE
8
BLACK
6
CONTINUOUS
10
193.528
20
-97.8065
11
193.533
21
-97.8076
0
LINE
8
BLACK
6
CONTINUOUS
10
193.533
20
-97.8076
11
193.576
21
-97.811
0
LINE
8
BLACK
6
CONTINUOUS
10
193.576
20
-97.811
11
193.587
21
-97.8124
0
LINE
8
BLACK
6
CONTINUOUS
10
193.587
20
-97.8124
11
193.633
21
-97.8202
0
LINE
8
BLACK
6
CONTINUOUS
10
193.633
20
-97.8202
11
193.637
21
-97.8204
0
LINE
8
BLACK
6
CONTINUOUS
10
193.637
20
-97.8204
11
193.637
21
-97.8204
0
LINE
8
BLACK
6
CONTINUOUS
10
193.637
20
-97.8204
11
193.661
21
-97.8215
0
LINE
8
BLACK
6
CONTINUOUS
10
193.661
20
-97.8215
11
193.661
21
-97.8215
0
LINE
8
BLACK
6
CONTINUOUS
10
193.661
20
-97.8215
11
193.662
21
-97.8216
0
LINE
8
BLACK
6
CONTINUOUS
10
193.662
20
-97.8216
11
193.706
21
-97.8216
0
LINE
8
BLACK
6
CONTINUOUS
10
193.706
20
-97.8216
11
193.716
21
-97.822
0
LINE
8
BLACK
6
CONTINUOUS
10
193.716
20
-97.822
11
193.753
21
-97.8249
0
LINE
8
BLACK
6
CONTINUOUS
10
193.753
20
-97.8249
11
193.77
21
-97.8262
0
LINE
8
BLACK
6
CONTINUOUS
10
193.77
20
-97.8262
11
193.787
21
-97.8249
0
LINE
8
BLACK
6
CONTINUOUS
10
193.787
20
-97.8249
11
193.824
21
-97.822
0
LINE
8
BLACK
6
CONTINUOUS
10
193.824
20
-97.822
11
193.834
21
-97.8216
0
LINE
8
BLACK
6
CONTINUOUS
10
193.834
20
-97.8216
11
197.025
21
-97.8216
0
LINE
8
BLACK
6
CONTINUOUS
10
197.025
20
-97.8216
11
197.093
21
-97.8416
0
LINE
8
BLACK
6
CONTINUOUS
10
197.093
20
-97.8416
11
197.114
21
-97.8585
0
LINE
8
BLACK
6
CONTINUOUS
10
197.114
20
-97.8585
11
198.703
21
-99.4479
0
LINE
8
BLACK
6
CONTINUOUS
10
198.703
20
-99.4479
11
198.737
21
-99.5102
0
LINE
8
BLACK
6
CONTINUOUS
10
198.737
20
-99.5102
11
198.74
21
-99.537
0
LINE
8
BLACK
6
CONTINUOUS
10
198.74
20
-99.537
11
198.74
21
-100.308
0
LINE
8
BLACK
6
CONTINUOUS
10
198.74
20
-100.308
11
198.747
21
-100.37
0
LINE
8
BLACK
6
CONTINUOUS
10
198.747
20
-100.37
11
198.798
21
-100.507
0
LINE
8
BLACK
6
CONTINUOUS
10
198.798
20
-100.507
11
198.885
21
-100.623
0
LINE
8
BLACK
6
CONTINUOUS
10
198.885
20
-100.623
11
198.892
21
-100.629
0
LINE
8
BLACK
6
CONTINUOUS
10
198.892
20
-100.629
11
198.899
21
-100.635
0
LINE
8
BLACK
6
CONTINUOUS
10
198.899
20
-100.635
11
198.897
21
-100.637
0
LINE
8
BLACK
6
CONTINUOUS
10
198.897
20
-100.637
11
198.932
21
-100.683
0
LINE
8
BLACK
6
CONTINUOUS
10
198.932
20
-100.683
11
198.94
21
-100.727
0
LINE
8
BLACK
6
CONTINUOUS
10
198.94
20
-100.727
11
198.94
21
-104.54
0
LINE
8
BLACK
6
CONTINUOUS
10
198.94
20
-104.54
11
198.94
21
-104.543
0
LINE
8
BLACK
6
CONTINUOUS
10
198.94
20
-104.543
11
198.938
21
-104.629
0
LINE
8
BLACK
6
CONTINUOUS
10
198.938
20
-104.629
11
198.937
21
-104.643
0
LINE
8
BLACK
6
CONTINUOUS
10
198.937
20
-104.643
11
198.948
21
-104.72
0
LINE
8
BLACK
6
CONTINUOUS
10
198.948
20
-104.72
11
198.948
21
-104.721
0
LINE
8
BLACK
6
CONTINUOUS
10
198.948
20
-104.721
11
198.948
21
-104.727
0
LINE
8
BLACK
6
CONTINUOUS
10
198.948
20
-104.727
11
198.95
21
-104.747
0
LINE
8
BLACK
6
CONTINUOUS
10
198.95
20
-104.747
11
198.953
21
-104.789
0
LINE
8
BLACK
6
CONTINUOUS
10
198.953
20
-104.789
11
198.955
21
-104.805
0
LINE
8
BLACK
6
CONTINUOUS
10
198.955
20
-104.805
11
198.962
21
-104.837
0
LINE
8
BLACK
6
CONTINUOUS
10
198.962
20
-104.837
11
198.965
21
-104.851
0
LINE
8
BLACK
6
CONTINUOUS
10
198.965
20
-104.851
11
198.969
21
-104.883
0
LINE
8
BLACK
6
CONTINUOUS
10
198.969
20
-104.883
11
198.971
21
-104.888
0
LINE
8
BLACK
6
CONTINUOUS
10
198.971
20
-104.888
11
198.971
21
-104.888
0
LINE
8
BLACK
6
CONTINUOUS
10
198.971
20
-104.888
11
198.992
21
-104.959
0
LINE
8
BLACK
6
CONTINUOUS
10
198.992
20
-104.959
11
198.994
21
-104.965
0
LINE
8
BLACK
6
CONTINUOUS
10
198.994
20
-104.965
11
199.012
21
-105.041
0
LINE
8
BLACK
6
CONTINUOUS
10
199.012
20
-105.041
11
199.014
21
-105.046
0
LINE
8
BLACK
6
CONTINUOUS
10
199.014
20
-105.046
11
199.025
21
-105.071
0
LINE
8
BLACK
6
CONTINUOUS
10
199.025
20
-105.071
11
199.03
21
-105.084
0
LINE
8
BLACK
6
CONTINUOUS
10
199.03
20
-105.084
11
199.039
21
-105.116
0
LINE
8
BLACK
6
CONTINUOUS
10
199.039
20
-105.116
11
199.042
21
-105.12
0
LINE
8
BLACK
6
CONTINUOUS
10
199.042
20
-105.12
11
199.042
21
-105.12
0
LINE
8
BLACK
6
CONTINUOUS
10
199.042
20
-105.12
11
199.074
21
-105.186
0
LINE
8
BLACK
6
CONTINUOUS
10
199.074
20
-105.186
11
199.077
21
-105.192
0
LINE
8
BLACK
6
CONTINUOUS
10
199.077
20
-105.192
11
199.096
21
-105.237
0
LINE
8
BLACK
6
CONTINUOUS
10
199.096
20
-105.237
11
199.107
21
-105.265
0
LINE
8
BLACK
6
CONTINUOUS
10
199.107
20
-105.265
11
199.11
21
-105.269
0
LINE
8
BLACK
6
CONTINUOUS
10
199.11
20
-105.269
11
199.125
21
-105.292
0
LINE
8
BLACK
6
CONTINUOUS
10
199.125
20
-105.292
11
199.131
21
-105.304
0
LINE
8
BLACK
6
CONTINUOUS
10
199.131
20
-105.304
11
199.146
21
-105.334
0
LINE
8
BLACK
6
CONTINUOUS
10
199.146
20
-105.334
11
199.149
21
-105.338
0
LINE
8
BLACK
6
CONTINUOUS
10
199.149
20
-105.338
11
199.149
21
-105.338
0
LINE
8
BLACK
6
CONTINUOUS
10
199.149
20
-105.338
11
199.191
21
-105.398
0
LINE
8
BLACK
6
CONTINUOUS
10
199.191
20
-105.398
11
199.195
21
-105.404
0
LINE
8
BLACK
6
CONTINUOUS
10
199.195
20
-105.404
11
199.22
21
-105.444
0
LINE
8
BLACK
6
CONTINUOUS
10
199.22
20
-105.444
11
199.237
21
-105.47
0
LINE
8
BLACK
6
CONTINUOUS
10
199.237
20
-105.47
11
199.24
21
-105.474
0
LINE
8
BLACK
6
CONTINUOUS
10
199.24
20
-105.474
11
199.24
21
-105.474
0
LINE
8
BLACK
6
CONTINUOUS
10
199.24
20
-105.474
11
199.258
21
-105.495
0
LINE
8
BLACK
6
CONTINUOUS
10
199.258
20
-105.495
11
199.267
21
-105.505
0
LINE
8
BLACK
6
CONTINUOUS
10
199.267
20
-105.505
11
199.286
21
-105.532
0
LINE
8
BLACK
6
CONTINUOUS
10
199.286
20
-105.532
11
199.305
21
-105.554
0
LINE
8
BLACK
6
CONTINUOUS
10
199.305
20
-105.554
11
199.345
21
-105.593
0
LINE
8
BLACK
6
CONTINUOUS
10
199.345
20
-105.593
11
199.351
21
-105.599
0
LINE
8
BLACK
6
CONTINUOUS
10
199.351
20
-105.599
11
199.394
21
-105.648
0
LINE
8
BLACK
6
CONTINUOUS
10
199.394
20
-105.648
11
199.394
21
-105.648
0
LINE
8
BLACK
6
CONTINUOUS
10
199.394
20
-105.648
11
199.397
21
-105.652
0
LINE
8
BLACK
6
CONTINUOUS
10
199.397
20
-105.652
11
199.401
21
-105.655
0
LINE
8
BLACK
6
CONTINUOUS
10
199.401
20
-105.655
11
199.401
21
-105.655
0
LINE
8
BLACK
6
CONTINUOUS
10
199.401
20
-105.655
11
199.43
21
-105.679
0
LINE
8
BLACK
6
CONTINUOUS
10
199.43
20
-105.679
11
199.439
21
-105.687
0
LINE
8
BLACK
6
CONTINUOUS
10
199.439
20
-105.687
11
200.715
21
-106.963
0
LINE
8
BLACK
6
CONTINUOUS
10
200.715
20
-106.963
11
200.749
21
-107.025
0
LINE
8
BLACK
6
CONTINUOUS
10
200.749
20
-107.025
11
200.751
21
-107.052
0
LINE
8
BLACK
6
CONTINUOUS
10
200.751
20
-107.052
11
200.751
21
-108.643
0
LINE
8
BLACK
6
CONTINUOUS
10
200.751
20
-108.643
11
200.731
21
-108.711
0
LINE
8
BLACK
6
CONTINUOUS
10
200.731
20
-108.711
11
200.701
21
-108.744
0
LINE
8
BLACK
6
CONTINUOUS
10
200.701
20
-108.744
11
200.64
21
-108.789
0
LINE
8
BLACK
6
CONTINUOUS
10
200.64
20
-108.789
11
200.573
21
-108.814
0
LINE
8
BLACK
6
CONTINUOUS
10
200.573
20
-108.814
11
200.564
21
-108.815
0
LINE
8
BLACK
6
CONTINUOUS
10
200.564
20
-108.815
11
195.51
21
-108.815
0
LINE
8
BLACK
6
CONTINUOUS
10
195.51
20
-108.815
11
195.488
21
-108.813
0
LINE
8
BLACK
6
CONTINUOUS
10
195.488
20
-108.813
11
195.437
21
-108.804
0
LINE
8
BLACK
6
CONTINUOUS
10
195.437
20
-108.804
11
195.43
21
-108.803
0
LINE
8
BLACK
6
CONTINUOUS
10
195.43
20
-108.803
11
195.359
21
-108.786
0
LINE
8
BLACK
6
CONTINUOUS
10
195.359
20
-108.786
11
195.359
21
-108.786
0
LINE
8
BLACK
6
CONTINUOUS
10
195.359
20
-108.786
11
195.354
21
-108.785
0
LINE
8
BLACK
6
CONTINUOUS
10
195.354
20
-108.785
11
195.321
21
-108.783
0
LINE
8
BLACK
6
CONTINUOUS
10
195.321
20
-108.783
11
195.308
21
-108.781
0
LINE
8
BLACK
6
CONTINUOUS
10
195.308
20
-108.781
11
195.275
21
-108.776
0
LINE
8
BLACK
6
CONTINUOUS
10
195.275
20
-108.776
11
195.271
21
-108.776
0
LINE
8
BLACK
6
CONTINUOUS
10
195.271
20
-108.776
11
195.271
21
-108.776
0
LINE
8
BLACK
6
CONTINUOUS
10
195.271
20
-108.776
11
195.248
21
-108.775
0
LINE
8
BLACK
6
CONTINUOUS
10
195.248
20
-108.775
11
195.247
21
-108.775
0
LINE
8
BLACK
6
CONTINUOUS
10
195.247
20
-108.775
11
195.246
21
-108.775
0
LINE
8
BLACK
6
CONTINUOUS
10
195.246
20
-108.775
11
195.19
21
-108.775
0
LINE
8
BLACK
6
CONTINUOUS
10
195.19
20
-108.775
11
195.182
21
-108.774
0
LINE
8
BLACK
6
CONTINUOUS
10
195.182
20
-108.774
11
195.176
21
-108.774
0
LINE
8
BLACK
6
CONTINUOUS
10
195.176
20
-108.774
11
195.112
21
-108.77
0
LINE
8
BLACK
6
CONTINUOUS
10
195.112
20
-108.77
11
195.073
21
-108.774
0
LINE
8
BLACK
6
CONTINUOUS
10
195.073
20
-108.774
11
195.07
21
-108.774
0
LINE
8
BLACK
6
CONTINUOUS
10
195.07
20
-108.774
11
195.058
21
-108.775
0
LINE
8
BLACK
6
CONTINUOUS
10
195.058
20
-108.775
11
191.307
21
-108.775
0
LINE
8
BLACK
6
CONTINUOUS
10
191.307
20
-108.775
11
191.304
21
-108.775
0
LINE
8
BLACK
6
CONTINUOUS
10
191.304
20
-108.775
11
191.304
21
-108.775
0
LINE
8
BLACK
6
CONTINUOUS
10
191.304
20
-108.775
11
191.131
21
-108.789
0
LINE
8
BLACK
6
CONTINUOUS
10
191.131
20
-108.789
11
191.131
21
-108.789
0
LINE
8
BLACK
6
CONTINUOUS
10
191.131
20
-108.789
11
191.126
21
-108.789
0
LINE
8
BLACK
6
CONTINUOUS
10
191.126
20
-108.789
11
191.121
21
-108.79
0
LINE
8
BLACK
6
CONTINUOUS
10
191.121
20
-108.79
11
191.121
21
-108.79
0
LINE
8
BLACK
6
CONTINUOUS
10
191.121
20
-108.79
11
190.895
21
-108.846
0
LINE
8
BLACK
6
CONTINUOUS
10
190.895
20
-108.846
11
190.89
21
-108.847
0
LINE
8
BLACK
6
CONTINUOUS
10
190.89
20
-108.847
11
190.886
21
-108.849
0
LINE
8
BLACK
6
CONTINUOUS
10
190.886
20
-108.849
11
190.886
21
-108.849
0
LINE
8
BLACK
6
CONTINUOUS
10
190.886
20
-108.849
11
190.83
21
-108.872
0
LINE
8
BLACK
6
CONTINUOUS
10
190.83
20
-108.872
11
190.667
21
-108.942
0
LINE
8
BLACK
6
CONTINUOUS
10
190.667
20
-108.942
11
190.596
21
-108.987
0
LINE
8
BLACK
6
CONTINUOUS
10
190.596
20
-108.987
11
190.466
21
-109.069
0
LINE
8
BLACK
6
CONTINUOUS
10
190.466
20
-109.069
11
190.466
21
-109.069
0
LINE
8
BLACK
6
CONTINUOUS
10
190.466
20
-109.069
11
190.461
21
-109.071
0
LINE
8
BLACK
6
CONTINUOUS
10
190.461
20
-109.071
11
190.458
21
-109.075
0
LINE
8
BLACK
6
CONTINUOUS
10
190.458
20
-109.075
11
190.283
21
-109.228
0
LINE
8
BLACK
6
CONTINUOUS
10
190.283
20
-109.228
11
190.283
21
-109.228
0
LINE
8
BLACK
6
CONTINUOUS
10
190.283
20
-109.228
11
190.279
21
-109.232
0
LINE
8
BLACK
6
CONTINUOUS
10
190.279
20
-109.232
11
190.125
21
-109.419
0
LINE
8
BLACK
6
CONTINUOUS
10
190.125
20
-109.419
11
190.003
21
-109.629
0
LINE
8
BLACK
6
CONTINUOUS
10
190.003
20
-109.629
11
190.001
21
-109.634
0
LINE
8
BLACK
6
CONTINUOUS
10
190.001
20
-109.634
11
189.937
21
-109.801
0
LINE
8
BLACK
6
CONTINUOUS
10
189.937
20
-109.801
11
189.916
21
-109.856
0
LINE
8
BLACK
6
CONTINUOUS
10
189.916
20
-109.856
11
189.915
21
-109.861
0
LINE
8
BLACK
6
CONTINUOUS
10
189.915
20
-109.861
11
189.915
21
-109.861
0
LINE
8
BLACK
6
CONTINUOUS
10
189.915
20
-109.861
11
189.88
21
-110.028
0
LINE
8
BLACK
6
CONTINUOUS
10
189.88
20
-110.028
11
189.867
21
-110.093
0
LINE
8
BLACK
6
CONTINUOUS
10
189.867
20
-110.093
11
189.856
21
-110.336
0
LINE
8
BLACK
6
CONTINUOUS
10
189.856
20
-110.336
11
189.856
21
-110.341
0
LINE
8
BLACK
6
CONTINUOUS
10
189.856
20
-110.341
11
189.856
21
-110.341
0
LINE
8
BLACK
6
CONTINUOUS
10
164.125
20
-89.6591
11
164.126
21
-89.6804
0
LINE
8
BLACK
6
CONTINUOUS
10
164.126
20
-89.6804
11
164.127
21
-89.6845
0
LINE
8
BLACK
6
CONTINUOUS
10
164.127
20
-89.6845
11
164.127
21
-89.6845
0
LINE
8
BLACK
6
CONTINUOUS
10
164.127
20
-89.6845
11
164.183
21
-89.9667
0
LINE
8
BLACK
6
CONTINUOUS
10
164.183
20
-89.9667
11
164.184
21
-89.9708
0
LINE
8
BLACK
6
CONTINUOUS
10
164.184
20
-89.9708
11
164.185
21
-89.9747
0
LINE
8
BLACK
6
CONTINUOUS
10
164.185
20
-89.9747
11
164.185
21
-89.9747
0
LINE
8
BLACK
6
CONTINUOUS
10
164.185
20
-89.9747
11
164.241
21
-90.1386
0
LINE
8
BLACK
6
CONTINUOUS
10
164.241
20
-90.1386
11
164.279
21
-90.2511
0
LINE
8
BLACK
6
CONTINUOUS
10
164.279
20
-90.2511
11
164.41
21
-90.5167
0
LINE
8
BLACK
6
CONTINUOUS
10
164.41
20
-90.5167
11
164.412
21
-90.5201
0
LINE
8
BLACK
6
CONTINUOUS
10
164.412
20
-90.5201
11
164.568
21
-90.7539
0
LINE
8
BLACK
6
CONTINUOUS
10
164.568
20
-90.7539
11
164.574
21
-90.7628
0
LINE
8
BLACK
6
CONTINUOUS
10
164.574
20
-90.7628
11
164.577
21
-90.7659
0
LINE
8
BLACK
6
CONTINUOUS
10
164.577
20
-90.7659
11
164.577
21
-90.7659
0
LINE
8
BLACK
6
CONTINUOUS
10
164.577
20
-90.7659
11
164.742
21
-90.9538
0
LINE
8
BLACK
6
CONTINUOUS
10
164.742
20
-90.9538
11
164.77
21
-90.9854
0
LINE
8
BLACK
6
CONTINUOUS
10
164.77
20
-90.9854
11
164.773
21
-90.9881
0
LINE
8
BLACK
6
CONTINUOUS
10
164.773
20
-90.9881
11
164.989
21
-91.1779
0
LINE
8
BLACK
6
CONTINUOUS
10
164.989
20
-91.1779
11
164.989
21
-91.1779
0
LINE
8
BLACK
6
CONTINUOUS
10
164.989
20
-91.1779
11
164.992
21
-91.1806
0
LINE
8
BLACK
6
CONTINUOUS
10
164.992
20
-91.1806
11
164.996
21
-91.1829
0
LINE
8
BLACK
6
CONTINUOUS
10
164.996
20
-91.1829
11
164.996
21
-91.1829
0
LINE
8
BLACK
6
CONTINUOUS
10
164.996
20
-91.1829
11
165.13
21
-91.273
0
LINE
8
BLACK
6
CONTINUOUS
10
165.13
20
-91.273
11
165.238
21
-91.3451
0
LINE
8
BLACK
6
CONTINUOUS
10
165.238
20
-91.3451
11
165.242
21
-91.3469
0
LINE
8
BLACK
6
CONTINUOUS
10
165.242
20
-91.3469
11
165.242
21
-91.3469
0
LINE
8
BLACK
6
CONTINUOUS
10
165.242
20
-91.3469
11
165.306
21
-91.3784
0
LINE
8
BLACK
6
CONTINUOUS
10
165.306
20
-91.3784
11
165.504
21
-91.4761
0
LINE
8
BLACK
6
CONTINUOUS
10
165.504
20
-91.4761
11
165.508
21
-91.4774
0
LINE
8
BLACK
6
CONTINUOUS
10
165.508
20
-91.4774
11
165.508
21
-91.4774
0
LINE
8
BLACK
6
CONTINUOUS
10
165.508
20
-91.4774
11
165.78
21
-91.5699
0
LINE
8
BLACK
6
CONTINUOUS
10
165.78
20
-91.5699
11
165.78
21
-91.5699
0
LINE
8
BLACK
6
CONTINUOUS
10
165.78
20
-91.5699
11
165.784
21
-91.5712
0
LINE
8
BLACK
6
CONTINUOUS
10
165.784
20
-91.5712
11
165.788
21
-91.572
0
LINE
8
BLACK
6
CONTINUOUS
10
165.788
20
-91.572
11
165.788
21
-91.572
0
LINE
8
BLACK
6
CONTINUOUS
10
165.788
20
-91.572
11
166.071
21
-91.6282
0
LINE
8
BLACK
6
CONTINUOUS
10
166.071
20
-91.6282
11
166.071
21
-91.6282
0
LINE
8
BLACK
6
CONTINUOUS
10
166.071
20
-91.6282
11
166.075
21
-91.629
0
LINE
8
BLACK
6
CONTINUOUS
10
166.075
20
-91.629
11
166.079
21
-91.6293
0
LINE
8
BLACK
6
CONTINUOUS
10
166.079
20
-91.6293
11
166.079
21
-91.6293
0
LINE
8
BLACK
6
CONTINUOUS
10
166.079
20
-91.6293
11
166.366
21
-91.6481
0
LINE
8
BLACK
6
CONTINUOUS
10
166.366
20
-91.6481
11
166.37
21
-91.6483
0
LINE
8
BLACK
6
CONTINUOUS
10
166.37
20
-91.6483
11
166.374
21
-91.6481
0
LINE
8
BLACK
6
CONTINUOUS
10
166.374
20
-91.6481
11
166.661
21
-91.6293
0
LINE
8
BLACK
6
CONTINUOUS
10
166.661
20
-91.6293
11
166.661
21
-91.6293
0
LINE
8
BLACK
6
CONTINUOUS
10
166.661
20
-91.6293
11
166.665
21
-91.629
0
LINE
8
BLACK
6
CONTINUOUS
10
166.665
20
-91.629
11
166.669
21
-91.6282
0
LINE
8
BLACK
6
CONTINUOUS
10
166.669
20
-91.6282
11
166.669
21
-91.6282
0
LINE
8
BLACK
6
CONTINUOUS
10
166.669
20
-91.6282
11
166.952
21
-91.572
0
LINE
8
BLACK
6
CONTINUOUS
10
166.952
20
-91.572
11
166.952
21
-91.572
0
LINE
8
BLACK
6
CONTINUOUS
10
166.952
20
-91.572
11
166.956
21
-91.5712
0
LINE
8
BLACK
6
CONTINUOUS
10
166.956
20
-91.5712
11
166.96
21
-91.5699
0
LINE
8
BLACK
6
CONTINUOUS
10
166.96
20
-91.5699
11
166.96
21
-91.5699
0
LINE
8
BLACK
6
CONTINUOUS
10
166.96
20
-91.5699
11
167.232
21
-91.4774
0
LINE
8
BLACK
6
CONTINUOUS
10
167.232
20
-91.4774
11
167.232
21
-91.4774
0
LINE
8
BLACK
6
CONTINUOUS
10
167.232
20
-91.4774
11
167.236
21
-91.4761
0
LINE
8
BLACK
6
CONTINUOUS
10
167.236
20
-91.4761
11
167.434
21
-91.3784
0
LINE
8
BLACK
6
CONTINUOUS
10
167.434
20
-91.3784
11
167.498
21
-91.3469
0
LINE
8
BLACK
6
CONTINUOUS
10
167.498
20
-91.3469
11
167.498
21
-91.3469
0
LINE
8
BLACK
6
CONTINUOUS
10
167.498
20
-91.3469
11
167.502
21
-91.3451
0
LINE
8
BLACK
6
CONTINUOUS
10
167.502
20
-91.3451
11
167.61
21
-91.273
0
LINE
8
BLACK
6
CONTINUOUS
10
167.61
20
-91.273
11
167.744
21
-91.1829
0
LINE
8
BLACK
6
CONTINUOUS
10
167.744
20
-91.1829
11
167.744
21
-91.1829
0
LINE
8
BLACK
6
CONTINUOUS
10
167.744
20
-91.1829
11
167.748
21
-91.1806
0
LINE
8
BLACK
6
CONTINUOUS
10
167.748
20
-91.1806
11
167.751
21
-91.1779
0
LINE
8
BLACK
6
CONTINUOUS
10
167.751
20
-91.1779
11
167.751
21
-91.1779
0
LINE
8
BLACK
6
CONTINUOUS
10
167.751
20
-91.1779
11
167.967
21
-90.9881
0
LINE
8
BLACK
6
CONTINUOUS
10
167.967
20
-90.9881
11
167.97
21
-90.9854
0
LINE
8
BLACK
6
CONTINUOUS
10
167.97
20
-90.9854
11
167.998
21
-90.9538
0
LINE
8
BLACK
6
CONTINUOUS
10
167.998
20
-90.9538
11
168.163
21
-90.7659
0
LINE
8
BLACK
6
CONTINUOUS
10
168.163
20
-90.7659
11
168.163
21
-90.7659
0
LINE
8
BLACK
6
CONTINUOUS
10
168.163
20
-90.7659
11
168.166
21
-90.7628
0
LINE
8
BLACK
6
CONTINUOUS
10
168.166
20
-90.7628
11
168.172
21
-90.7539
0
LINE
8
BLACK
6
CONTINUOUS
10
168.172
20
-90.7539
11
168.328
21
-90.5201
0
LINE
8
BLACK
6
CONTINUOUS
10
168.328
20
-90.5201
11
168.33
21
-90.5167
0
LINE
8
BLACK
6
CONTINUOUS
10
168.33
20
-90.5167
11
168.461
21
-90.2511
0
LINE
8
BLACK
6
CONTINUOUS
10
168.461
20
-90.2511
11
168.499
21
-90.1386
0
LINE
8
BLACK
6
CONTINUOUS
10
168.499
20
-90.1386
11
168.555
21
-89.9747
0
LINE
8
BLACK
6
CONTINUOUS
10
168.555
20
-89.9747
11
168.555
21
-89.9747
0
LINE
8
BLACK
6
CONTINUOUS
10
168.555
20
-89.9747
11
168.556
21
-89.9708
0
LINE
8
BLACK
6
CONTINUOUS
10
168.556
20
-89.9708
11
168.557
21
-89.9667
0
LINE
8
BLACK
6
CONTINUOUS
10
168.557
20
-89.9667
11
168.613
21
-89.6845
0
LINE
8
BLACK
6
CONTINUOUS
10
168.613
20
-89.6845
11
168.613
21
-89.6845
0
LINE
8
BLACK
6
CONTINUOUS
10
168.613
20
-89.6845
11
168.614
21
-89.6804
0
LINE
8
BLACK
6
CONTINUOUS
10
168.614
20
-89.6804
11
168.615
21
-89.6591
0
LINE
8
BLACK
6
CONTINUOUS
10
168.615
20
-89.6591
11
168.633
21
-89.3891
0
LINE
8
BLACK
6
CONTINUOUS
10
168.633
20
-89.3891
11
168.633
21
-89.385
0
LINE
8
BLACK
6
CONTINUOUS
10
168.633
20
-89.385
11
168.624
21
-89.2424
0
LINE
8
BLACK
6
CONTINUOUS
10
168.624
20
-89.2424
11
168.614
21
-89.0937
0
LINE
8
BLACK
6
CONTINUOUS
10
168.614
20
-89.0937
11
168.614
21
-89.0937
0
LINE
8
BLACK
6
CONTINUOUS
10
168.614
20
-89.0937
11
168.614
21
-89.0896
0
LINE
8
BLACK
6
CONTINUOUS
10
168.614
20
-89.0896
11
168.609
21
-89.0669
0
LINE
8
BLACK
6
CONTINUOUS
10
168.609
20
-89.0669
11
168.557
21
-88.8033
0
LINE
8
BLACK
6
CONTINUOUS
10
168.557
20
-88.8033
11
168.557
21
-88.8032
0
LINE
8
BLACK
6
CONTINUOUS
10
168.557
20
-88.8032
11
168.556
21
-88.7992
0
LINE
8
BLACK
6
CONTINUOUS
10
168.556
20
-88.7992
11
168.551
21
-88.7836
0
LINE
8
BLACK
6
CONTINUOUS
10
168.551
20
-88.7836
11
168.462
21
-88.5228
0
LINE
8
BLACK
6
CONTINUOUS
10
168.462
20
-88.5228
11
168.462
21
-88.5228
0
LINE
8
BLACK
6
CONTINUOUS
10
168.462
20
-88.5228
11
168.461
21
-88.5189
0
LINE
8
BLACK
6
CONTINUOUS
10
168.461
20
-88.5189
11
168.33
21
-88.2533
0
LINE
8
BLACK
6
CONTINUOUS
10
168.33
20
-88.2533
11
168.291
21
-88.1944
0
LINE
8
BLACK
6
CONTINUOUS
10
168.291
20
-88.1944
11
168.168
21
-88.0106
0
LINE
8
BLACK
6
CONTINUOUS
10
168.168
20
-88.0106
11
168.168
21
-88.0106
0
LINE
8
BLACK
6
CONTINUOUS
10
168.168
20
-88.0106
11
168.166
21
-88.0072
0
LINE
8
BLACK
6
CONTINUOUS
10
168.166
20
-88.0072
11
168.163
21
-88.0041
0
LINE
8
BLACK
6
CONTINUOUS
10
168.163
20
-88.0041
11
168.163
21
-88.0041
0
LINE
8
BLACK
6
CONTINUOUS
10
168.163
20
-88.0041
11
167.973
21
-87.7877
0
LINE
8
BLACK
6
CONTINUOUS
10
167.973
20
-87.7877
11
167.97
21
-87.7846
0
LINE
8
BLACK
6
CONTINUOUS
10
167.97
20
-87.7846
11
167.788
21
-87.6245
0
LINE
8
BLACK
6
CONTINUOUS
10
167.788
20
-87.6245
11
167.751
21
-87.5921
0
LINE
8
BLACK
6
CONTINUOUS
10
167.751
20
-87.5921
11
167.751
21
-87.5921
0
LINE
8
BLACK
6
CONTINUOUS
10
167.751
20
-87.5921
11
167.748
21
-87.5894
0
LINE
8
BLACK
6
CONTINUOUS
10
167.748
20
-87.5894
11
167.744
21
-87.5871
0
LINE
8
BLACK
6
CONTINUOUS
10
167.744
20
-87.5871
11
167.744
21
-87.5871
0
LINE
8
BLACK
6
CONTINUOUS
10
167.744
20
-87.5871
11
167.505
21
-87.4272
0
LINE
8
BLACK
6
CONTINUOUS
10
167.505
20
-87.4272
11
167.502
21
-87.4249
0
LINE
8
BLACK
6
CONTINUOUS
10
167.502
20
-87.4249
11
167.498
21
-87.4231
0
LINE
8
BLACK
6
CONTINUOUS
10
167.498
20
-87.4231
11
167.498
21
-87.4231
0
LINE
8
BLACK
6
CONTINUOUS
10
167.498
20
-87.4231
11
167.362
21
-87.3559
0
LINE
8
BLACK
6
CONTINUOUS
10
167.362
20
-87.3559
11
167.236
21
-87.2939
0
LINE
8
BLACK
6
CONTINUOUS
10
167.236
20
-87.2939
11
167.112
21
-87.2519
0
LINE
8
BLACK
6
CONTINUOUS
10
167.112
20
-87.2519
11
166.96
21
-87.2001
0
LINE
8
BLACK
6
CONTINUOUS
10
166.96
20
-87.2001
11
166.96
21
-87.2001
0
LINE
8
BLACK
6
CONTINUOUS
10
166.96
20
-87.2001
11
166.956
21
-87.1988
0
LINE
8
BLACK
6
CONTINUOUS
10
166.956
20
-87.1988
11
166.952
21
-87.198
0
LINE
8
BLACK
6
CONTINUOUS
10
166.952
20
-87.198
11
166.952
21
-87.198
0
LINE
8
BLACK
6
CONTINUOUS
10
166.952
20
-87.198
11
166.669
21
-87.1418
0
LINE
8
BLACK
6
CONTINUOUS
10
166.669
20
-87.1418
11
166.669
21
-87.1418
0
LINE
8
BLACK
6
CONTINUOUS
10
166.669
20
-87.1418
11
166.665
21
-87.141
0
LINE
8
BLACK
6
CONTINUOUS
10
166.665
20
-87.141
11
166.661
21
-87.1407
0
LINE
8
BLACK
6
CONTINUOUS
10
166.661
20
-87.1407
11
166.661
21
-87.1407
0
LINE
8
BLACK
6
CONTINUOUS
10
166.661
20
-87.1407
11
166.374
21
-87.1219
0
LINE
8
BLACK
6
CONTINUOUS
10
166.374
20
-87.1219
11
166.37
21
-87.1217
0
LINE
8
BLACK
6
CONTINUOUS
10
166.37
20
-87.1217
11
166.366
21
-87.1219
0
LINE
8
BLACK
6
CONTINUOUS
10
166.366
20
-87.1219
11
166.079
21
-87.1407
0
LINE
8
BLACK
6
CONTINUOUS
10
166.079
20
-87.1407
11
166.079
21
-87.1407
0
LINE
8
BLACK
6
CONTINUOUS
10
166.079
20
-87.1407
11
166.075
21
-87.141
0
LINE
8
BLACK
6
CONTINUOUS
10
166.075
20
-87.141
11
166.071
21
-87.1418
0
LINE
8
BLACK
6
CONTINUOUS
10
166.071
20
-87.1418
11
166.071
21
-87.1418
0
LINE
8
BLACK
6
CONTINUOUS
10
166.071
20
-87.1418
11
165.788
21
-87.198
0
LINE
8
BLACK
6
CONTINUOUS
10
165.788
20
-87.198
11
165.788
21
-87.198
0
LINE
8
BLACK
6
CONTINUOUS
10
165.788
20
-87.198
11
165.784
21
-87.1988
0
LINE
8
BLACK
6
CONTINUOUS
10
165.784
20
-87.1988
11
165.78
21
-87.2001
0
LINE
8
BLACK
6
CONTINUOUS
10
165.78
20
-87.2001
11
165.78
21
-87.2001
0
LINE
8
BLACK
6
CONTINUOUS
10
165.78
20
-87.2001
11
165.628
21
-87.2519
0
LINE
8
BLACK
6
CONTINUOUS
10
165.628
20
-87.2519
11
165.504
21
-87.2939
0
LINE
8
BLACK
6
CONTINUOUS
10
165.504
20
-87.2939
11
165.378
21
-87.3559
0
LINE
8
BLACK
6
CONTINUOUS
10
165.378
20
-87.3559
11
165.242
21
-87.4231
0
LINE
8
BLACK
6
CONTINUOUS
10
165.242
20
-87.4231
11
165.242
21
-87.4231
0
LINE
8
BLACK
6
CONTINUOUS
10
165.242
20
-87.4231
11
165.238
21
-87.4249
0
LINE
8
BLACK
6
CONTINUOUS
10
165.238
20
-87.4249
11
165.235
21
-87.4272
0
LINE
8
BLACK
6
CONTINUOUS
10
165.235
20
-87.4272
11
164.996
21
-87.5871
0
LINE
8
BLACK
6
CONTINUOUS
10
164.996
20
-87.5871
11
164.996
21
-87.5871
0
LINE
8
BLACK
6
CONTINUOUS
10
164.996
20
-87.5871
11
164.992
21
-87.5894
0
LINE
8
BLACK
6
CONTINUOUS
10
164.992
20
-87.5894
11
164.989
21
-87.5921
0
LINE
8
BLACK
6
CONTINUOUS
10
164.989
20
-87.5921
11
164.989
21
-87.5921
0
LINE
8
BLACK
6
CONTINUOUS
10
164.989
20
-87.5921
11
164.952
21
-87.6245
0
LINE
8
BLACK
6
CONTINUOUS
10
164.952
20
-87.6245
11
164.77
21
-87.7846
0
LINE
8
BLACK
6
CONTINUOUS
10
164.77
20
-87.7846
11
164.767
21
-87.7877
0
LINE
8
BLACK
6
CONTINUOUS
10
164.767
20
-87.7877
11
164.577
21
-88.0041
0
LINE
8
BLACK
6
CONTINUOUS
10
164.577
20
-88.0041
11
164.577
21
-88.0041
0
LINE
8
BLACK
6
CONTINUOUS
10
164.577
20
-88.0041
11
164.574
21
-88.0072
0
LINE
8
BLACK
6
CONTINUOUS
10
164.574
20
-88.0072
11
164.572
21
-88.0106
0
LINE
8
BLACK
6
CONTINUOUS
10
164.572
20
-88.0106
11
164.572
21
-88.0106
0
LINE
8
BLACK
6
CONTINUOUS
10
164.572
20
-88.0106
11
164.449
21
-88.1944
0
LINE
8
BLACK
6
CONTINUOUS
10
164.449
20
-88.1944
11
164.41
21
-88.2533
0
LINE
8
BLACK
6
CONTINUOUS
10
164.41
20
-88.2533
11
164.279
21
-88.5189
0
LINE
8
BLACK
6
CONTINUOUS
10
164.279
20
-88.5189
11
164.278
21
-88.5228
0
LINE
8
BLACK
6
CONTINUOUS
10
164.278
20
-88.5228
11
164.278
21
-88.5228
0
LINE
8
BLACK
6
CONTINUOUS
10
164.278
20
-88.5228
11
164.189
21
-88.7836
0
LINE
8
BLACK
6
CONTINUOUS
10
164.189
20
-88.7836
11
164.184
21
-88.7992
0
LINE
8
BLACK
6
CONTINUOUS
10
164.184
20
-88.7992
11
164.183
21
-88.8032
0
LINE
8
BLACK
6
CONTINUOUS
10
164.183
20
-88.8032
11
164.183
21
-88.8033
0
LINE
8
BLACK
6
CONTINUOUS
10
164.183
20
-88.8033
11
164.131
21
-89.0669
0
LINE
8
BLACK
6
CONTINUOUS
10
164.131
20
-89.0669
11
164.126
21
-89.0896
0
LINE
8
BLACK
6
CONTINUOUS
10
164.126
20
-89.0896
11
164.126
21
-89.0937
0
LINE
8
BLACK
6
CONTINUOUS
10
164.126
20
-89.0937
11
164.126
21
-89.0937
0
LINE
8
BLACK
6
CONTINUOUS
10
164.126
20
-89.0937
11
164.116
21
-89.2424
0
LINE
8
BLACK
6
CONTINUOUS
10
164.116
20
-89.2424
11
164.107
21
-89.385
0
LINE
8
BLACK
6
CONTINUOUS
10
164.107
20
-89.385
11
164.107
21
-89.3891
0
LINE
8
BLACK
6
CONTINUOUS
10
164.107
20
-89.3891
11
164.125
21
-89.6591
0
LINE
8
BLACK
6
CONTINUOUS
10
147.174
20
-90.7467
11
147.262
21
-90.8633
0
LINE
8
BLACK
6
CONTINUOUS
10
147.262
20
-90.8633
11
147.378
21
-90.9506
0
LINE
8
BLACK
6
CONTINUOUS
10
147.378
20
-90.9506
11
147.515
21
-91.0017
0
LINE
8
BLACK
6
CONTINUOUS
10
147.515
20
-91.0017
11
147.577
21
-91.0085
0
LINE
8
BLACK
6
CONTINUOUS
10
147.577
20
-91.0085
11
147.59
21
-91.0085
0
LINE
8
BLACK
6
CONTINUOUS
10
147.59
20
-91.0085
11
147.659
21
-91.0285
0
LINE
8
BLACK
6
CONTINUOUS
10
147.659
20
-91.0285
11
147.705
21
-91.0822
0
LINE
8
BLACK
6
CONTINUOUS
10
147.705
20
-91.0822
11
147.716
21
-91.1345
0
LINE
8
BLACK
6
CONTINUOUS
10
147.716
20
-91.1345
11
147.716
21
-92.4653
0
LINE
8
BLACK
6
CONTINUOUS
10
147.716
20
-92.4653
11
147.716
21
-92.471
0
LINE
8
BLACK
6
CONTINUOUS
10
147.716
20
-92.471
11
147.713
21
-92.5559
0
LINE
8
BLACK
6
CONTINUOUS
10
147.713
20
-92.5559
11
147.713
21
-92.5609
0
LINE
8
BLACK
6
CONTINUOUS
10
147.713
20
-92.5609
11
147.713
21
-92.5609
0
LINE
8
BLACK
6
CONTINUOUS
10
147.713
20
-92.5609
11
147.723
21
-92.6481
0
LINE
8
BLACK
6
CONTINUOUS
10
147.723
20
-92.6481
11
147.724
21
-92.6525
0
LINE
8
BLACK
6
CONTINUOUS
10
147.724
20
-92.6525
11
147.731
21
-92.745
0
LINE
8
BLACK
6
CONTINUOUS
10
147.731
20
-92.745
11
147.732
21
-92.7499
0
LINE
8
BLACK
6
CONTINUOUS
10
147.732
20
-92.7499
11
147.735
21
-92.763
0
LINE
8
BLACK
6
CONTINUOUS
10
147.735
20
-92.763
11
147.738
21
-92.7786
0
LINE
8
BLACK
6
CONTINUOUS
10
147.738
20
-92.7786
11
147.74
21
-92.792
0
LINE
8
BLACK
6
CONTINUOUS
10
147.74
20
-92.792
11
147.74
21
-92.797
0
LINE
8
BLACK
6
CONTINUOUS
10
147.74
20
-92.797
11
147.742
21
-92.8019
0
LINE
8
BLACK
6
CONTINUOUS
10
147.742
20
-92.8019
11
147.742
21
-92.8019
0
LINE
8
BLACK
6
CONTINUOUS
10
147.742
20
-92.8019
11
147.766
21
-92.8864
0
LINE
8
BLACK
6
CONTINUOUS
10
147.766
20
-92.8864
11
147.767
21
-92.8906
0
LINE
8
BLACK
6
CONTINUOUS
10
147.767
20
-92.8906
11
147.789
21
-92.9808
0
LINE
8
BLACK
6
CONTINUOUS
10
147.789
20
-92.9808
11
147.791
21
-92.9854
0
LINE
8
BLACK
6
CONTINUOUS
10
147.791
20
-92.9854
11
147.791
21
-92.9854
0
LINE
8
BLACK
6
CONTINUOUS
10
147.791
20
-92.9854
11
147.796
21
-92.9978
0
LINE
8
BLACK
6
CONTINUOUS
10
147.796
20
-92.9978
11
147.801
21
-93.0128
0
LINE
8
BLACK
6
CONTINUOUS
10
147.801
20
-93.0128
11
147.807
21
-93.0306
0
LINE
8
BLACK
6
CONTINUOUS
10
147.807
20
-93.0306
11
147.809
21
-93.0352
0
LINE
8
BLACK
6
CONTINUOUS
10
147.809
20
-93.0352
11
147.809
21
-93.0352
0
LINE
8
BLACK
6
CONTINUOUS
10
147.809
20
-93.0352
11
147.846
21
-93.1147
0
LINE
8
BLACK
6
CONTINUOUS
10
147.846
20
-93.1147
11
147.848
21
-93.1187
0
LINE
8
BLACK
6
CONTINUOUS
10
147.848
20
-93.1187
11
147.884
21
-93.2042
0
LINE
8
BLACK
6
CONTINUOUS
10
147.884
20
-93.2042
11
147.887
21
-93.2085
0
LINE
8
BLACK
6
CONTINUOUS
10
147.887
20
-93.2085
11
147.887
21
-93.2085
0
LINE
8
BLACK
6
CONTINUOUS
10
147.887
20
-93.2085
11
147.894
21
-93.2199
0
LINE
8
BLACK
6
CONTINUOUS
10
147.894
20
-93.2199
11
147.901
21
-93.2338
0
LINE
8
BLACK
6
CONTINUOUS
10
147.901
20
-93.2338
11
147.909
21
-93.2506
0
LINE
8
BLACK
6
CONTINUOUS
10
147.909
20
-93.2506
11
147.912
21
-93.2548
0
LINE
8
BLACK
6
CONTINUOUS
10
147.912
20
-93.2548
11
147.912
21
-93.2548
0
LINE
8
BLACK
6
CONTINUOUS
10
147.912
20
-93.2548
11
147.961
21
-93.3274
0
LINE
8
BLACK
6
CONTINUOUS
10
147.961
20
-93.3274
11
147.964
21
-93.3311
0
LINE
8
BLACK
6
CONTINUOUS
10
147.964
20
-93.3311
11
148.013
21
-93.4096
0
LINE
8
BLACK
6
CONTINUOUS
10
148.013
20
-93.4096
11
148.017
21
-93.4134
0
LINE
8
BLACK
6
CONTINUOUS
10
148.017
20
-93.4134
11
148.017
21
-93.4134
0
LINE
8
BLACK
6
CONTINUOUS
10
148.017
20
-93.4134
11
148.025
21
-93.4235
0
LINE
8
BLACK
6
CONTINUOUS
10
148.025
20
-93.4235
11
148.035
21
-93.436
0
LINE
8
BLACK
6
CONTINUOUS
10
148.035
20
-93.436
11
148.046
21
-93.4514
0
LINE
8
BLACK
6
CONTINUOUS
10
148.046
20
-93.4514
11
148.049
21
-93.4551
0
LINE
8
BLACK
6
CONTINUOUS
10
148.049
20
-93.4551
11
148.049
21
-93.4551
0
LINE
8
BLACK
6
CONTINUOUS
10
148.049
20
-93.4551
11
148.109
21
-93.5188
0
LINE
8
BLACK
6
CONTINUOUS
10
148.109
20
-93.5188
11
148.112
21
-93.5221
0
LINE
8
BLACK
6
CONTINUOUS
10
148.112
20
-93.5221
11
148.17
21
-93.5879
0
LINE
8
BLACK
6
CONTINUOUS
10
148.17
20
-93.5879
11
148.17
21
-93.5879
0
LINE
8
BLACK
6
CONTINUOUS
10
148.17
20
-93.5879
11
148.174
21
-93.5917
0
LINE
8
BLACK
6
CONTINUOUS
10
148.174
20
-93.5917
11
148.178
21
-93.5949
0
LINE
8
BLACK
6
CONTINUOUS
10
148.178
20
-93.5949
11
148.178
21
-93.5949
0
LINE
8
BLACK
6
CONTINUOUS
10
148.178
20
-93.5949
11
148.188
21
-93.6035
0
LINE
8
BLACK
6
CONTINUOUS
10
148.188
20
-93.6035
11
148.2
21
-93.6143
0
LINE
8
BLACK
6
CONTINUOUS
10
148.2
20
-93.6143
11
148.212
21
-93.6278
0
LINE
8
BLACK
6
CONTINUOUS
10
148.212
20
-93.6278
11
148.266
21
-93.6689
0
LINE
8
BLACK
6
CONTINUOUS
10
148.266
20
-93.6689
11
148.286
21
-93.6841
0
LINE
8
BLACK
6
CONTINUOUS
10
148.286
20
-93.6841
11
148.29
21
-93.6869
0
LINE
8
BLACK
6
CONTINUOUS
10
148.29
20
-93.6869
11
148.361
21
-93.7458
0
LINE
8
BLACK
6
CONTINUOUS
10
148.361
20
-93.7458
11
148.377
21
-93.7551
0
LINE
8
BLACK
6
CONTINUOUS
10
148.377
20
-93.7551
11
148.39
21
-93.7639
0
LINE
8
BLACK
6
CONTINUOUS
10
148.39
20
-93.7639
11
148.405
21
-93.7752
0
LINE
8
BLACK
6
CONTINUOUS
10
148.405
20
-93.7752
11
148.41
21
-93.7776
0
LINE
8
BLACK
6
CONTINUOUS
10
148.41
20
-93.7776
11
148.41
21
-93.7776
0
LINE
8
BLACK
6
CONTINUOUS
10
148.41
20
-93.7776
11
148.487
21
-93.8191
0
LINE
8
BLACK
6
CONTINUOUS
10
148.487
20
-93.8191
11
148.491
21
-93.8212
0
LINE
8
BLACK
6
CONTINUOUS
10
148.491
20
-93.8212
11
148.567
21
-93.8654
0
LINE
8
BLACK
6
CONTINUOUS
10
148.567
20
-93.8654
11
148.567
21
-93.8654
0
LINE
8
BLACK
6
CONTINUOUS
10
148.567
20
-93.8654
11
148.571
21
-93.8679
0
LINE
8
BLACK
6
CONTINUOUS
10
148.571
20
-93.8679
11
148.576
21
-93.8697
0
LINE
8
BLACK
6
CONTINUOUS
10
148.576
20
-93.8697
11
148.576
21
-93.8697
0
LINE
8
BLACK
6
CONTINUOUS
10
148.576
20
-93.8697
11
148.588
21
-93.8746
0
LINE
8
BLACK
6
CONTINUOUS
10
148.588
20
-93.8746
11
148.603
21
-93.8811
0
LINE
8
BLACK
6
CONTINUOUS
10
148.603
20
-93.8811
11
148.615
21
-93.8875
0
LINE
8
BLACK
6
CONTINUOUS
10
148.615
20
-93.8875
11
148.615
21
-93.8875
0
LINE
8
BLACK
6
CONTINUOUS
10
148.615
20
-93.8875
11
148.619
21
-93.8899
0
LINE
8
BLACK
6
CONTINUOUS
10
148.619
20
-93.8899
11
148.624
21
-93.8915
0
LINE
8
BLACK
6
CONTINUOUS
10
148.624
20
-93.8915
11
148.624
21
-93.8916
0
LINE
8
BLACK
6
CONTINUOUS
10
148.624
20
-93.8916
11
148.707
21
-93.9201
0
LINE
8
BLACK
6
CONTINUOUS
10
148.707
20
-93.9201
11
148.711
21
-93.9216
0
LINE
8
BLACK
6
CONTINUOUS
10
148.711
20
-93.9216
11
148.793
21
-93.9531
0
LINE
8
BLACK
6
CONTINUOUS
10
148.793
20
-93.9531
11
148.793
21
-93.9531
0
LINE
8
BLACK
6
CONTINUOUS
10
148.793
20
-93.9531
11
148.798
21
-93.9549
0
LINE
8
BLACK
6
CONTINUOUS
10
148.798
20
-93.9549
11
148.816
21
-93.9587
0
LINE
8
BLACK
6
CONTINUOUS
10
148.816
20
-93.9587
11
148.831
21
-93.9629
0
LINE
8
BLACK
6
CONTINUOUS
10
148.831
20
-93.9629
11
148.849
21
-93.9689
0
LINE
8
BLACK
6
CONTINUOUS
10
148.849
20
-93.9689
11
148.94
21
-93.9847
0
LINE
8
BLACK
6
CONTINUOUS
10
148.94
20
-93.9847
11
148.944
21
-93.9856
0
LINE
8
BLACK
6
CONTINUOUS
10
148.944
20
-93.9856
11
148.977
21
-93.9924
0
LINE
8
BLACK
6
CONTINUOUS
10
148.977
20
-93.9924
11
149.03
21
-94.0035
0
LINE
8
BLACK
6
CONTINUOUS
10
149.03
20
-94.0035
11
149.03
21
-94.0035
0
LINE
8
BLACK
6
CONTINUOUS
10
149.03
20
-94.0035
11
149.035
21
-94.0045
0
LINE
8
BLACK
6
CONTINUOUS
10
149.035
20
-94.0045
11
149.04
21
-94.0048
0
LINE
8
BLACK
6
CONTINUOUS
10
149.04
20
-94.0048
11
149.04
21
-94.0048
0
LINE
8
BLACK
6
CONTINUOUS
10
149.04
20
-94.0048
11
149.05
21
-94.0052
0
LINE
8
BLACK
6
CONTINUOUS
10
149.05
20
-94.0052
11
149.054
21
-94.0054
0
LINE
8
BLACK
6
CONTINUOUS
10
149.054
20
-94.0054
11
149.07
21
-94.0071
0
LINE
8
BLACK
6
CONTINUOUS
10
149.07
20
-94.0071
11
149.088
21
-94.0102
0
LINE
8
BLACK
6
CONTINUOUS
10
149.088
20
-94.0102
11
149.095
21
-94.0106
0
LINE
8
BLACK
6
CONTINUOUS
10
149.095
20
-94.0106
11
149.116
21
-94.0115
0
LINE
8
BLACK
6
CONTINUOUS
10
149.116
20
-94.0115
11
149.116
21
-94.0115
0
LINE
8
BLACK
6
CONTINUOUS
10
149.116
20
-94.0115
11
149.117
21
-94.0116
0
LINE
8
BLACK
6
CONTINUOUS
10
149.117
20
-94.0116
11
149.187
21
-94.0116
0
LINE
8
BLACK
6
CONTINUOUS
10
149.187
20
-94.0116
11
149.193
21
-94.0117
0
LINE
8
BLACK
6
CONTINUOUS
10
149.193
20
-94.0117
11
149.278
21
-94.0156
0
LINE
8
BLACK
6
CONTINUOUS
10
149.278
20
-94.0156
11
149.283
21
-94.015
0
LINE
8
BLACK
6
CONTINUOUS
10
149.283
20
-94.015
11
149.283
21
-94.015
0
LINE
8
BLACK
6
CONTINUOUS
10
149.283
20
-94.015
11
149.305
21
-94.0124
0
LINE
8
BLACK
6
CONTINUOUS
10
149.305
20
-94.0124
11
149.32
21
-94.0116
0
LINE
8
BLACK
6
CONTINUOUS
10
149.32
20
-94.0116
11
160.406
21
-94.0116
0
LINE
8
BLACK
6
CONTINUOUS
10
160.406
20
-94.0116
11
160.474
21
-94.0316
0
LINE
8
BLACK
6
CONTINUOUS
10
160.474
20
-94.0316
11
160.495
21
-94.0485
0
LINE
8
BLACK
6
CONTINUOUS
10
160.495
20
-94.0485
11
163.125
21
-96.6779
0
LINE
8
BLACK
6
CONTINUOUS
10
163.125
20
-96.6779
11
163.159
21
-96.7402
0
LINE
8
BLACK
6
CONTINUOUS
10
163.159
20
-96.7402
11
163.161
21
-96.767
0
LINE
8
BLACK
6
CONTINUOUS
10
163.161
20
-96.767
11
163.161
21
-105.626
0
LINE
8
BLACK
6
CONTINUOUS
10
163.161
20
-105.626
11
163.162
21
-105.629
0
LINE
8
BLACK
6
CONTINUOUS
10
163.162
20
-105.629
11
163.162
21
-105.629
0
LINE
8
BLACK
6
CONTINUOUS
10
163.162
20
-105.629
11
163.172
21
-105.762
0
LINE
8
BLACK
6
CONTINUOUS
10
163.172
20
-105.762
11
163.176
21
-105.807
0
LINE
8
BLACK
6
CONTINUOUS
10
163.176
20
-105.807
11
163.177
21
-105.812
0
LINE
8
BLACK
6
CONTINUOUS
10
163.177
20
-105.812
11
163.177
21
-105.812
0
LINE
8
BLACK
6
CONTINUOUS
10
163.177
20
-105.812
11
163.224
21
-106.004
0
LINE
8
BLACK
6
CONTINUOUS
10
163.224
20
-106.004
11
163.234
21
-106.043
0
LINE
8
BLACK
6
CONTINUOUS
10
163.234
20
-106.043
11
163.236
21
-106.047
0
LINE
8
BLACK
6
CONTINUOUS
10
163.236
20
-106.047
11
163.236
21
-106.047
0
LINE
8
BLACK
6
CONTINUOUS
10
163.236
20
-106.047
11
163.272
21
-106.133
0
LINE
8
BLACK
6
CONTINUOUS
10
163.272
20
-106.133
11
163.329
21
-106.266
0
LINE
8
BLACK
6
CONTINUOUS
10
163.329
20
-106.266
11
163.366
21
-106.325
0
LINE
8
BLACK
6
CONTINUOUS
10
163.366
20
-106.325
11
163.413
21
-106.4
0
LINE
8
BLACK
6
CONTINUOUS
10
163.413
20
-106.4
11
163.458
21
-106.472
0
LINE
8
BLACK
6
CONTINUOUS
10
163.458
20
-106.472
11
163.478
21
-106.494
0
LINE
8
BLACK
6
CONTINUOUS
10
163.478
20
-106.494
11
163.615
21
-106.65
0
LINE
8
BLACK
6
CONTINUOUS
10
163.615
20
-106.65
11
163.615
21
-106.65
0
LINE
8
BLACK
6
CONTINUOUS
10
163.615
20
-106.65
11
163.619
21
-106.654
0
LINE
8
BLACK
6
CONTINUOUS
10
163.619
20
-106.654
11
163.623
21
-106.657
0
LINE
8
BLACK
6
CONTINUOUS
10
163.623
20
-106.657
11
163.623
21
-106.657
0
LINE
8
BLACK
6
CONTINUOUS
10
163.623
20
-106.657
11
163.783
21
-106.788
0
LINE
8
BLACK
6
CONTINUOUS
10
163.783
20
-106.788
11
163.806
21
-106.808
0
LINE
8
BLACK
6
CONTINUOUS
10
163.806
20
-106.808
11
164.016
21
-106.93
0
LINE
8
BLACK
6
CONTINUOUS
10
164.016
20
-106.93
11
164.021
21
-106.932
0
LINE
8
BLACK
6
CONTINUOUS
10
164.021
20
-106.932
11
164.238
21
-107.015
0
LINE
8
BLACK
6
CONTINUOUS
10
164.238
20
-107.015
11
164.238
21
-107.015
0
LINE
8
BLACK
6
CONTINUOUS
10
164.238
20
-107.015
11
164.243
21
-107.017
0
LINE
8
BLACK
6
CONTINUOUS
10
164.243
20
-107.017
11
164.248
21
-107.018
0
LINE
8
BLACK
6
CONTINUOUS
10
164.248
20
-107.018
11
164.248
21
-107.018
0
LINE
8
BLACK
6
CONTINUOUS
10
164.248
20
-107.018
11
164.475
21
-107.065
0
LINE
8
BLACK
6
CONTINUOUS
10
164.475
20
-107.065
11
164.475
21
-107.065
0
LINE
8
BLACK
6
CONTINUOUS
10
164.475
20
-107.065
11
164.48
21
-107.066
0
LINE
8
BLACK
6
CONTINUOUS
10
164.48
20
-107.066
11
164.723
21
-107.077
0
LINE
8
BLACK
6
CONTINUOUS
10
164.723
20
-107.077
11
164.728
21
-107.077
0
LINE
8
BLACK
6
CONTINUOUS
10
164.728
20
-107.077
11
164.728
21
-107.077
0
LINE
8
BLACK
6
CONTINUOUS
10
164.728
20
-107.077
11
164.959
21
-107.05
0
LINE
8
BLACK
6
CONTINUOUS
10
164.959
20
-107.05
11
164.959
21
-107.05
0
LINE
8
BLACK
6
CONTINUOUS
10
164.959
20
-107.05
11
164.964
21
-107.05
0
LINE
8
BLACK
6
CONTINUOUS
10
164.964
20
-107.05
11
164.969
21
-107.048
0
LINE
8
BLACK
6
CONTINUOUS
10
164.969
20
-107.048
11
164.969
21
-107.048
0
LINE
8
BLACK
6
CONTINUOUS
10
164.969
20
-107.048
11
165.193
21
-106.985
0
LINE
8
BLACK
6
CONTINUOUS
10
165.193
20
-106.985
11
165.193
21
-106.985
0
LINE
8
BLACK
6
CONTINUOUS
10
165.193
20
-106.985
11
165.198
21
-106.983
0
LINE
8
BLACK
6
CONTINUOUS
10
165.198
20
-106.983
11
165.202
21
-106.981
0
LINE
8
BLACK
6
CONTINUOUS
10
165.202
20
-106.981
11
165.202
21
-106.981
0
LINE
8
BLACK
6
CONTINUOUS
10
165.202
20
-106.981
11
165.413
21
-106.883
0
LINE
8
BLACK
6
CONTINUOUS
10
165.413
20
-106.883
11
165.413
21
-106.883
0
LINE
8
BLACK
6
CONTINUOUS
10
165.413
20
-106.883
11
165.418
21
-106.881
0
LINE
8
BLACK
6
CONTINUOUS
10
165.418
20
-106.881
11
165.618
21
-106.744
0
LINE
8
BLACK
6
CONTINUOUS
10
165.618
20
-106.744
11
165.795
21
-106.578
0
LINE
8
BLACK
6
CONTINUOUS
10
165.795
20
-106.578
11
165.863
21
-106.488
0
LINE
8
BLACK
6
CONTINUOUS
10
165.863
20
-106.488
11
165.939
21
-106.389
0
LINE
8
BLACK
6
CONTINUOUS
10
165.939
20
-106.389
11
165.939
21
-106.389
0
LINE
8
BLACK
6
CONTINUOUS
10
165.939
20
-106.389
11
165.942
21
-106.385
0
LINE
8
BLACK
6
CONTINUOUS
10
165.942
20
-106.385
11
165.958
21
-106.355
0
LINE
8
BLACK
6
CONTINUOUS
10
165.958
20
-106.355
11
166.054
21
-106.175
0
LINE
8
BLACK
6
CONTINUOUS
10
166.054
20
-106.175
11
166.057
21
-106.171
0
LINE
8
BLACK
6
CONTINUOUS
10
166.057
20
-106.171
11
166.136
21
-105.941
0
LINE
8
BLACK
6
CONTINUOUS
10
166.136
20
-105.941
11
166.16
21
-105.802
0
LINE
8
BLACK
6
CONTINUOUS
10
166.16
20
-105.802
11
166.177
21
-105.706
0
LINE
8
BLACK
6
CONTINUOUS
10
166.177
20
-105.706
11
166.177
21
-105.706
0
LINE
8
BLACK
6
CONTINUOUS
10
166.177
20
-105.706
11
166.177
21
-105.702
0
LINE
8
BLACK
6
CONTINUOUS
10
166.177
20
-105.702
11
166.177
21
-105.698
0
LINE
8
BLACK
6
CONTINUOUS
10
166.177
20
-105.698
11
166.178
21
-105.674
0
LINE
8
BLACK
6
CONTINUOUS
10
166.178
20
-105.674
11
166.178
21
-105.674
0
LINE
8
BLACK
6
CONTINUOUS
10
166.178
20
-105.674
11
166.178
21
-105.673
0
LINE
8
BLACK
6
CONTINUOUS
10
166.178
20
-105.673
11
166.178
21
-97.9476
0
LINE
8
BLACK
6
CONTINUOUS
10
166.178
20
-97.9476
11
166.199
21
-97.8794
0
LINE
8
BLACK
6
CONTINUOUS
10
166.199
20
-97.8794
11
166.252
21
-97.833
0
LINE
8
BLACK
6
CONTINUOUS
10
166.252
20
-97.833
11
166.304
21
-97.8216
0
LINE
8
BLACK
6
CONTINUOUS
10
166.304
20
-97.8216
11
180.816
21
-97.8216
0
LINE
8
BLACK
6
CONTINUOUS
10
180.816
20
-97.8216
11
180.826
21
-97.822
0
LINE
8
BLACK
6
CONTINUOUS
10
180.826
20
-97.822
11
180.863
21
-97.8249
0
LINE
8
BLACK
6
CONTINUOUS
10
180.863
20
-97.8249
11
180.88
21
-97.8262
0
LINE
8
BLACK
6
CONTINUOUS
10
180.88
20
-97.8262
11
180.885
21
-97.8258
0
LINE
8
BLACK
6
CONTINUOUS
10
180.885
20
-97.8258
11
180.885
21
-97.8258
0
LINE
8
BLACK
6
CONTINUOUS
10
180.885
20
-97.8258
11
180.897
21
-97.8249
0
LINE
8
BLACK
6
CONTINUOUS
10
180.897
20
-97.8249
11
180.913
21
-97.8246
0
LINE
8
BLACK
6
CONTINUOUS
10
180.913
20
-97.8246
11
180.928
21
-97.8253
0
LINE
8
BLACK
6
CONTINUOUS
10
180.928
20
-97.8253
11
180.928
21
-97.8253
0
LINE
8
BLACK
6
CONTINUOUS
10
180.928
20
-97.8253
11
180.933
21
-97.8256
0
LINE
8
BLACK
6
CONTINUOUS
10
180.933
20
-97.8256
11
180.938
21
-97.825
0
LINE
8
BLACK
6
CONTINUOUS
10
180.938
20
-97.825
11
180.938
21
-97.825
0
LINE
8
BLACK
6
CONTINUOUS
10
180.938
20
-97.825
11
181.025
21
-97.8149
0
LINE
8
BLACK
6
CONTINUOUS
10
181.025
20
-97.8149
11
181.029
21
-97.8145
0
LINE
8
BLACK
6
CONTINUOUS
10
181.029
20
-97.8145
11
181.05
21
-97.8128
0
LINE
8
BLACK
6
CONTINUOUS
10
181.05
20
-97.8128
11
181.117
21
-97.8076
0
LINE
8
BLACK
6
CONTINUOUS
10
181.117
20
-97.8076
11
181.118
21
-97.8073
0
LINE
8
BLACK
6
CONTINUOUS
10
181.118
20
-97.8073
11
181.122
21
-97.807
0
LINE
8
BLACK
6
CONTINUOUS
10
181.122
20
-97.807
11
181.14
21
-97.8026
0
LINE
8
BLACK
6
CONTINUOUS
10
181.14
20
-97.8026
11
181.156
21
-97.7998
0
LINE
8
BLACK
6
CONTINUOUS
10
181.156
20
-97.7998
11
181.169
21
-97.7982
0
LINE
8
BLACK
6
CONTINUOUS
10
181.169
20
-97.7982
11
181.169
21
-97.7982
0
LINE
8
BLACK
6
CONTINUOUS
10
181.169
20
-97.7982
11
181.174
21
-97.7977
0
LINE
8
BLACK
6
CONTINUOUS
10
181.174
20
-97.7977
11
181.193
21
-97.7923
0
LINE
8
BLACK
6
CONTINUOUS
10
181.193
20
-97.7923
11
181.26
21
-97.7733
0
LINE
8
BLACK
6
CONTINUOUS
10
181.26
20
-97.7733
11
181.265
21
-97.772
0
LINE
8
BLACK
6
CONTINUOUS
10
181.265
20
-97.772
11
181.343
21
-97.7533
0
LINE
8
BLACK
6
CONTINUOUS
10
181.343
20
-97.7533
11
181.343
21
-97.7533
0
LINE
8
BLACK
6
CONTINUOUS
10
181.343
20
-97.7533
11
181.348
21
-97.7522
0
LINE
8
BLACK
6
CONTINUOUS
10
181.348
20
-97.7522
11
181.35
21
-97.7511
0
LINE
8
BLACK
6
CONTINUOUS
10
181.35
20
-97.7511
11
181.352
21
-97.7507
0
LINE
8
BLACK
6
CONTINUOUS
10
181.352
20
-97.7507
11
181.353
21
-97.7503
0
LINE
8
BLACK
6
CONTINUOUS
10
181.353
20
-97.7503
11
181.358
21
-97.7491
0
LINE
8
BLACK
6
CONTINUOUS
10
181.358
20
-97.7491
11
181.375
21
-97.7419
0
LINE
8
BLACK
6
CONTINUOUS
10
181.375
20
-97.7419
11
181.39
21
-97.7366
0
LINE
8
BLACK
6
CONTINUOUS
10
181.39
20
-97.7366
11
181.408
21
-97.7316
0
LINE
8
BLACK
6
CONTINUOUS
10
181.408
20
-97.7316
11
181.486
21
-97.695
0
LINE
8
BLACK
6
CONTINUOUS
10
181.486
20
-97.695
11
181.491
21
-97.6928
0
LINE
8
BLACK
6
CONTINUOUS
10
181.491
20
-97.6928
11
181.533
21
-97.6755
0
LINE
8
BLACK
6
CONTINUOUS
10
181.533
20
-97.6755
11
181.567
21
-97.6613
0
LINE
8
BLACK
6
CONTINUOUS
10
181.567
20
-97.6613
11
181.571
21
-97.6589
0
LINE
8
BLACK
6
CONTINUOUS
10
181.571
20
-97.6589
11
181.575
21
-97.6568
0
LINE
8
BLACK
6
CONTINUOUS
10
181.575
20
-97.6568
11
181.577
21
-97.6562
0
LINE
8
BLACK
6
CONTINUOUS
10
181.577
20
-97.6562
11
181.581
21
-97.6543
0
LINE
8
BLACK
6
CONTINUOUS
10
181.581
20
-97.6543
11
181.586
21
-97.6512
0
LINE
8
BLACK
6
CONTINUOUS
10
181.586
20
-97.6512
11
181.597
21
-97.6444
0
LINE
8
BLACK
6
CONTINUOUS
10
181.597
20
-97.6444
11
181.611
21
-97.6368
0
LINE
8
BLACK
6
CONTINUOUS
10
181.611
20
-97.6368
11
181.623
21
-97.6311
0
LINE
8
BLACK
6
CONTINUOUS
10
181.623
20
-97.6311
11
181.628
21
-97.629
0
LINE
8
BLACK
6
CONTINUOUS
10
181.628
20
-97.629
11
181.632
21
-97.6261
0
LINE
8
BLACK
6
CONTINUOUS
10
181.632
20
-97.6261
11
181.632
21
-97.6261
0
LINE
8
BLACK
6
CONTINUOUS
10
181.632
20
-97.6261
11
181.697
21
-97.582
0
LINE
8
BLACK
6
CONTINUOUS
10
181.697
20
-97.582
11
181.702
21
-97.5788
0
LINE
8
BLACK
6
CONTINUOUS
10
181.702
20
-97.5788
11
181.709
21
-97.5745
0
LINE
8
BLACK
6
CONTINUOUS
10
181.709
20
-97.5745
11
181.769
21
-97.5372
0
LINE
8
BLACK
6
CONTINUOUS
10
181.769
20
-97.5372
11
181.773
21
-97.534
0
LINE
8
BLACK
6
CONTINUOUS
10
181.773
20
-97.534
11
181.777
21
-97.5312
0
LINE
8
BLACK
6
CONTINUOUS
10
181.777
20
-97.5312
11
181.781
21
-97.5284
0
LINE
8
BLACK
6
CONTINUOUS
10
181.781
20
-97.5284
11
181.782
21
-97.5276
0
LINE
8
BLACK
6
CONTINUOUS
10
181.782
20
-97.5276
11
181.787
21
-97.5249
0
LINE
8
BLACK
6
CONTINUOUS
10
181.787
20
-97.5249
11
181.8
21
-97.5126
0
LINE
8
BLACK
6
CONTINUOUS
10
181.8
20
-97.5126
11
181.813
21
-97.5029
0
LINE
8
BLACK
6
CONTINUOUS
10
181.813
20
-97.5029
11
181.828
21
-97.4925
0
LINE
8
BLACK
6
CONTINUOUS
10
181.828
20
-97.4925
11
181.872
21
-97.4511
0
LINE
8
BLACK
6
CONTINUOUS
10
181.872
20
-97.4511
11
181.887
21
-97.4371
0
LINE
8
BLACK
6
CONTINUOUS
10
181.887
20
-97.4371
11
181.892
21
-97.4329
0
LINE
8
BLACK
6
CONTINUOUS
10
181.892
20
-97.4329
11
181.946
21
-97.3863
0
LINE
8
BLACK
6
CONTINUOUS
10
181.946
20
-97.3863
11
181.946
21
-97.3862
0
LINE
8
BLACK
6
CONTINUOUS
10
181.946
20
-97.3862
11
181.95
21
-97.383
0
LINE
8
BLACK
6
CONTINUOUS
10
181.95
20
-97.383
11
181.953
21
-97.3793
0
LINE
8
BLACK
6
CONTINUOUS
10
181.953
20
-97.3793
11
181.957
21
-97.3758
0
LINE
8
BLACK
6
CONTINUOUS
10
181.957
20
-97.3758
11
181.957
21
-97.3759
0
LINE
8
BLACK
6
CONTINUOUS
10
181.957
20
-97.3759
11
181.964
21
-97.3683
0
LINE
8
BLACK
6
CONTINUOUS
10
181.964
20
-97.3683
11
181.969
21
-97.3644
0
LINE
8
BLACK
6
CONTINUOUS
10
181.969
20
-97.3644
11
181.972
21
-97.3605
0
LINE
8
BLACK
6
CONTINUOUS
10
181.972
20
-97.3605
11
181.972
21
-97.3605
0
LINE
8
BLACK
6
CONTINUOUS
10
181.972
20
-97.3605
11
181.977
21
-97.3537
0
LINE
8
BLACK
6
CONTINUOUS
10
181.977
20
-97.3537
11
181.98
21
-97.35
0
LINE
8
BLACK
6
CONTINUOUS
10
181.98
20
-97.35
11
181.991
21
-97.3385
0
LINE
8
BLACK
6
CONTINUOUS
10
181.991
20
-97.3385
11
182.005
21
-97.3257
0
LINE
8
BLACK
6
CONTINUOUS
10
182.005
20
-97.3257
11
182.052
21
-97.264
0
LINE
8
BLACK
6
CONTINUOUS
10
182.052
20
-97.264
11
182.056
21
-97.2587
0
LINE
8
BLACK
6
CONTINUOUS
10
182.056
20
-97.2587
11
182.101
21
-97.2062
0
LINE
8
BLACK
6
CONTINUOUS
10
182.101
20
-97.2062
11
182.101
21
-97.2062
0
LINE
8
BLACK
6
CONTINUOUS
10
182.101
20
-97.2062
11
182.104
21
-97.2025
0
LINE
8
BLACK
6
CONTINUOUS
10
182.104
20
-97.2025
11
182.107
21
-97.1977
0
LINE
8
BLACK
6
CONTINUOUS
10
182.107
20
-97.1977
11
182.117
21
-97.1836
0
LINE
8
BLACK
6
CONTINUOUS
10
182.117
20
-97.1836
11
182.12
21
-97.1807
0
LINE
8
BLACK
6
CONTINUOUS
10
182.12
20
-97.1807
11
182.12
21
-97.1807
0
LINE
8
BLACK
6
CONTINUOUS
10
182.12
20
-97.1807
11
182.123
21
-97.1768
0
LINE
8
BLACK
6
CONTINUOUS
10
182.123
20
-97.1768
11
182.132
21
-97.1608
0
LINE
8
BLACK
6
CONTINUOUS
10
182.132
20
-97.1608
11
182.141
21
-97.1476
0
LINE
8
BLACK
6
CONTINUOUS
10
182.141
20
-97.1476
11
182.152
21
-97.1329
0
LINE
8
BLACK
6
CONTINUOUS
10
182.152
20
-97.1329
11
182.187
21
-97.0669
0
LINE
8
BLACK
6
CONTINUOUS
10
182.187
20
-97.0669
11
182.191
21
-97.0606
0
LINE
8
BLACK
6
CONTINUOUS
10
182.191
20
-97.0606
11
182.226
21
-97.0043
0
LINE
8
BLACK
6
CONTINUOUS
10
182.226
20
-97.0043
11
182.226
21
-97.0042
0
LINE
8
BLACK
6
CONTINUOUS
10
182.226
20
-97.0042
11
182.228
21
-97
0
LINE
8
BLACK
6
CONTINUOUS
10
182.228
20
-97
11
182.231
21
-96.9922
0
LINE
8
BLACK
6
CONTINUOUS
10
182.231
20
-96.9922
11
182.239
21
-96.977
0
LINE
8
BLACK
6
CONTINUOUS
10
182.239
20
-96.977
11
182.242
21
-96.9714
0
LINE
8
BLACK
6
CONTINUOUS
10
182.242
20
-96.9714
11
182.245
21
-96.967
0
LINE
8
BLACK
6
CONTINUOUS
10
182.245
20
-96.967
11
182.247
21
-96.9623
0
LINE
8
BLACK
6
CONTINUOUS
10
182.247
20
-96.9623
11
182.251
21
-96.9497
0
LINE
8
BLACK
6
CONTINUOUS
10
182.251
20
-96.9497
11
182.258
21
-96.9353
0
LINE
8
BLACK
6
CONTINUOUS
10
182.258
20
-96.9353
11
182.264
21
-96.9234
0
LINE
8
BLACK
6
CONTINUOUS
10
182.264
20
-96.9234
11
182.264
21
-96.9234
0
LINE
8
BLACK
6
CONTINUOUS
10
182.264
20
-96.9234
11
182.267
21
-96.919
0
LINE
8
BLACK
6
CONTINUOUS
10
182.267
20
-96.919
11
182.29
21
-96.8509
0
LINE
8
BLACK
6
CONTINUOUS
10
182.29
20
-96.8509
11
182.293
21
-96.8437
0
LINE
8
BLACK
6
CONTINUOUS
10
182.293
20
-96.8437
11
182.319
21
-96.7807
0
LINE
8
BLACK
6
CONTINUOUS
10
182.319
20
-96.7807
11
182.322
21
-96.7696
0
LINE
8
BLACK
6
CONTINUOUS
10
182.322
20
-96.7696
11
182.327
21
-96.7539
0
LINE
8
BLACK
6
CONTINUOUS
10
182.327
20
-96.7539
11
182.33
21
-96.7451
0
LINE
8
BLACK
6
CONTINUOUS
10
182.33
20
-96.7451
11
182.33
21
-96.7451
0
LINE
8
BLACK
6
CONTINUOUS
10
182.33
20
-96.7451
11
182.332
21
-96.7404
0
LINE
8
BLACK
6
CONTINUOUS
10
182.332
20
-96.7404
11
182.336
21
-96.7222
0
LINE
8
BLACK
6
CONTINUOUS
10
182.336
20
-96.7222
11
182.34
21
-96.707
0
LINE
8
BLACK
6
CONTINUOUS
10
182.34
20
-96.707
11
182.344
21
-96.6942
0
LINE
8
BLACK
6
CONTINUOUS
10
182.344
20
-96.6942
11
182.346
21
-96.6894
0
LINE
8
BLACK
6
CONTINUOUS
10
182.346
20
-96.6894
11
182.358
21
-96.6213
0
LINE
8
BLACK
6
CONTINUOUS
10
182.358
20
-96.6213
11
182.359
21
-96.6134
0
LINE
8
BLACK
6
CONTINUOUS
10
182.359
20
-96.6134
11
182.373
21
-96.5546
0
LINE
8
BLACK
6
CONTINUOUS
10
182.373
20
-96.5546
11
182.373
21
-96.5546
0
LINE
8
BLACK
6
CONTINUOUS
10
182.373
20
-96.5546
11
182.375
21
-96.5498
0
LINE
8
BLACK
6
CONTINUOUS
10
182.375
20
-96.5498
11
182.376
21
-96.5356
0
LINE
8
BLACK
6
CONTINUOUS
10
182.376
20
-96.5356
11
182.378
21
-96.5198
0
LINE
8
BLACK
6
CONTINUOUS
10
182.378
20
-96.5198
11
182.38
21
-96.5077
0
LINE
8
BLACK
6
CONTINUOUS
10
182.38
20
-96.5077
11
182.38
21
-96.5077
0
LINE
8
BLACK
6
CONTINUOUS
10
182.38
20
-96.5077
11
182.381
21
-96.5027
0
LINE
8
BLACK
6
CONTINUOUS
10
182.381
20
-96.5027
11
182.382
21
-96.4842
0
LINE
8
BLACK
6
CONTINUOUS
10
182.382
20
-96.4842
11
182.384
21
-96.4685
0
LINE
8
BLACK
6
CONTINUOUS
10
182.384
20
-96.4685
11
182.387
21
-96.4541
0
LINE
8
BLACK
6
CONTINUOUS
10
182.387
20
-96.4541
11
182.387
21
-96.4502
0
LINE
8
BLACK
6
CONTINUOUS
10
182.387
20
-96.4502
11
182.387
21
-96.4434
0
LINE
8
BLACK
6
CONTINUOUS
10
182.387
20
-96.4434
11
182.388
21
-96.4226
0
LINE
8
BLACK
6
CONTINUOUS
10
182.388
20
-96.4226
11
182.388
21
-96.4225
0
LINE
8
BLACK
6
CONTINUOUS
10
182.388
20
-96.4225
11
182.388
21
-96.4211
0
LINE
8
BLACK
6
CONTINUOUS
10
182.388
20
-96.4211
11
182.388
21
-96.3773
0
LINE
8
BLACK
6
CONTINUOUS
10
182.388
20
-96.3773
11
182.389
21
-96.3674
0
LINE
8
BLACK
6
CONTINUOUS
10
182.389
20
-96.3674
11
182.393
21
-96.318
0
LINE
8
BLACK
6
CONTINUOUS
10
182.393
20
-96.318
11
182.393
21
-96.3131
0
LINE
8
BLACK
6
CONTINUOUS
10
182.393
20
-96.3131
11
182.393
21
-96.3081
0
LINE
8
BLACK
6
CONTINUOUS
10
182.393
20
-96.3081
11
182.392
21
-96.2961
0
LINE
8
BLACK
6
CONTINUOUS
10
182.392
20
-96.2961
11
182.392
21
-96.2805
0
LINE
8
BLACK
6
CONTINUOUS
10
182.392
20
-96.2805
11
182.392
21
-96.2653
0
LINE
8
BLACK
6
CONTINUOUS
10
182.392
20
-96.2653
11
182.392
21
-96.2653
0
LINE
8
BLACK
6
CONTINUOUS
10
182.392
20
-96.2653
11
182.392
21
-96.2603
0
LINE
8
BLACK
6
CONTINUOUS
10
182.392
20
-96.2603
11
182.392
21
-96.2552
0
LINE
8
BLACK
6
CONTINUOUS
10
182.392
20
-96.2552
11
182.389
21
-96.233
0
LINE
8
BLACK
6
CONTINUOUS
10
182.389
20
-96.233
11
182.388
21
-96.2185
0
LINE
8
BLACK
6
CONTINUOUS
10
182.388
20
-96.2185
11
182.388
21
-90.7229
0
LINE
8
BLACK
6
CONTINUOUS
10
182.388
20
-90.7229
11
182.398
21
-90.6757
0
LINE
8
BLACK
6
CONTINUOUS
10
182.398
20
-90.6757
11
182.417
21
-90.6273
0
LINE
8
BLACK
6
CONTINUOUS
10
182.417
20
-90.6273
11
182.419
21
-90.6226
0
LINE
8
BLACK
6
CONTINUOUS
10
182.419
20
-90.6226
11
182.473
21
-90.3859
0
LINE
8
BLACK
6
CONTINUOUS
10
182.473
20
-90.3859
11
182.475
21
-90.3453
0
LINE
8
BLACK
6
CONTINUOUS
10
182.475
20
-90.3453
11
182.488
21
-90.1486
0
LINE
8
BLACK
6
CONTINUOUS
10
182.488
20
-90.1486
11
182.488
21
-90.1436
0
LINE
8
BLACK
6
CONTINUOUS
10
182.488
20
-90.1436
11
182.464
21
-89.902
0
LINE
8
BLACK
6
CONTINUOUS
10
182.464
20
-89.902
11
182.44
21
-89.8077
0
LINE
8
BLACK
6
CONTINUOUS
10
182.44
20
-89.8077
11
182.404
21
-89.6722
0
LINE
8
BLACK
6
CONTINUOUS
10
182.404
20
-89.6722
11
182.404
21
-89.6722
0
LINE
8
BLACK
6
CONTINUOUS
10
182.404
20
-89.6722
11
182.402
21
-89.6673
0
LINE
8
BLACK
6
CONTINUOUS
10
182.402
20
-89.6673
11
182.304
21
-89.4455
0
LINE
8
BLACK
6
CONTINUOUS
10
182.304
20
-89.4455
11
182.171
21
-89.2424
0
LINE
8
BLACK
6
CONTINUOUS
10
182.171
20
-89.2424
11
182.035
21
-89.0937
0
LINE
8
BLACK
6
CONTINUOUS
10
182.035
20
-89.0937
11
182.011
21
-89.0669
0
LINE
8
BLACK
6
CONTINUOUS
10
182.011
20
-89.0669
11
182.011
21
-89.0669
0
LINE
8
BLACK
6
CONTINUOUS
10
182.011
20
-89.0669
11
182.007
21
-89.0632
0
LINE
8
BLACK
6
CONTINUOUS
10
182.007
20
-89.0632
11
181.91
21
-88.9861
0
LINE
8
BLACK
6
CONTINUOUS
10
181.91
20
-88.9861
11
181.821
21
-88.9155
0
LINE
8
BLACK
6
CONTINUOUS
10
181.821
20
-88.9155
11
181.821
21
-88.9155
0
LINE
8
BLACK
6
CONTINUOUS
10
181.821
20
-88.9155
11
181.817
21
-88.9124
0
LINE
8
BLACK
6
CONTINUOUS
10
181.817
20
-88.9124
11
181.677
21
-88.8343
0
LINE
8
BLACK
6
CONTINUOUS
10
181.677
20
-88.8343
11
181.628
21
-88.7836
0
LINE
8
BLACK
6
CONTINUOUS
10
181.628
20
-88.7836
11
181.613
21
-88.7141
0
LINE
8
BLACK
6
CONTINUOUS
10
181.613
20
-88.7141
11
181.639
21
-88.6479
0
LINE
8
BLACK
6
CONTINUOUS
10
181.639
20
-88.6479
11
181.666
21
-88.6211
0
LINE
8
BLACK
6
CONTINUOUS
10
181.666
20
-88.6211
11
181.755
21
-88.5593
0
LINE
8
BLACK
6
CONTINUOUS
10
181.755
20
-88.5593
11
181.904
21
-88.4098
0
LINE
8
BLACK
6
CONTINUOUS
10
181.904
20
-88.4098
11
182.026
21
-88.2366
0
LINE
8
BLACK
6
CONTINUOUS
10
182.026
20
-88.2366
11
182.115
21
-88.0449
0
LINE
8
BLACK
6
CONTINUOUS
10
182.115
20
-88.0449
11
182.17
21
-87.8407
0
LINE
8
BLACK
6
CONTINUOUS
10
182.17
20
-87.8407
11
182.188
21
-87.63
0
LINE
8
BLACK
6
CONTINUOUS
10
182.188
20
-87.63
11
182.17
21
-87.4193
0
LINE
8
BLACK
6
CONTINUOUS
10
182.17
20
-87.4193
11
182.115
21
-87.2151
0
LINE
8
BLACK
6
CONTINUOUS
10
182.115
20
-87.2151
11
182.071
21
-87.1217
0
LINE
8
BLACK
6
CONTINUOUS
10
182.071
20
-87.1217
11
182.028
21
-87.0284
0
LINE
8
BLACK
6
CONTINUOUS
10
182.028
20
-87.0284
11
182.028
21
-87.0284
0
LINE
8
BLACK
6
CONTINUOUS
10
182.028
20
-87.0284
11
182.026
21
-87.0234
0
LINE
8
BLACK
6
CONTINUOUS
10
182.026
20
-87.0234
11
181.904
21
-86.8502
0
LINE
8
BLACK
6
CONTINUOUS
10
181.904
20
-86.8502
11
181.755
21
-86.7007
0
LINE
8
BLACK
6
CONTINUOUS
10
181.755
20
-86.7007
11
181.582
21
-86.5794
0
LINE
8
BLACK
6
CONTINUOUS
10
181.582
20
-86.5794
11
181.577
21
-86.5771
0
LINE
8
BLACK
6
CONTINUOUS
10
181.577
20
-86.5771
11
181.577
21
-86.5771
0
LINE
8
BLACK
6
CONTINUOUS
10
181.577
20
-86.5771
11
181.395
21
-86.4924
0
LINE
8
BLACK
6
CONTINUOUS
10
181.395
20
-86.4924
11
181.395
21
-86.4924
0
LINE
8
BLACK
6
CONTINUOUS
10
181.395
20
-86.4924
11
181.39
21
-86.49
0
LINE
8
BLACK
6
CONTINUOUS
10
181.39
20
-86.49
11
181.385
21
-86.4886
0
LINE
8
BLACK
6
CONTINUOUS
10
181.385
20
-86.4886
11
181.385
21
-86.4886
0
LINE
8
BLACK
6
CONTINUOUS
10
181.385
20
-86.4886
11
181.191
21
-86.4367
0
LINE
8
BLACK
6
CONTINUOUS
10
181.191
20
-86.4367
11
181.191
21
-86.4367
0
LINE
8
BLACK
6
CONTINUOUS
10
181.191
20
-86.4367
11
181.186
21
-86.4353
0
LINE
8
BLACK
6
CONTINUOUS
10
181.186
20
-86.4353
11
180.975
21
-86.4169
0
LINE
8
BLACK
6
CONTINUOUS
10
180.975
20
-86.4169
11
180.764
21
-86.4353
0
LINE
8
BLACK
6
CONTINUOUS
10
180.764
20
-86.4353
11
180.759
21
-86.4367
0
LINE
8
BLACK
6
CONTINUOUS
10
180.759
20
-86.4367
11
180.759
21
-86.4367
0
LINE
8
BLACK
6
CONTINUOUS
10
180.759
20
-86.4367
11
180.565
21
-86.4886
0
LINE
8
BLACK
6
CONTINUOUS
10
180.565
20
-86.4886
11
180.565
21
-86.4886
0
LINE
8
BLACK
6
CONTINUOUS
10
180.565
20
-86.4886
11
180.56
21
-86.49
0
LINE
8
BLACK
6
CONTINUOUS
10
180.56
20
-86.49
11
180.555
21
-86.4924
0
LINE
8
BLACK
6
CONTINUOUS
10
180.555
20
-86.4924
11
180.555
21
-86.4924
0
LINE
8
BLACK
6
CONTINUOUS
10
180.555
20
-86.4924
11
180.373
21
-86.5771
0
LINE
8
BLACK
6
CONTINUOUS
10
180.373
20
-86.5771
11
180.373
21
-86.5771
0
LINE
8
BLACK
6
CONTINUOUS
10
180.373
20
-86.5771
11
180.368
21
-86.5794
0
LINE
8
BLACK
6
CONTINUOUS
10
180.368
20
-86.5794
11
180.195
21
-86.7007
0
LINE
8
BLACK
6
CONTINUOUS
10
180.195
20
-86.7007
11
180.046
21
-86.8502
0
LINE
8
BLACK
6
CONTINUOUS
10
180.046
20
-86.8502
11
179.924
21
-87.0234
0
LINE
8
BLACK
6
CONTINUOUS
10
179.924
20
-87.0234
11
179.922
21
-87.0284
0
LINE
8
BLACK
6
CONTINUOUS
10
179.922
20
-87.0284
11
179.922
21
-87.0284
0
LINE
8
BLACK
6
CONTINUOUS
10
179.922
20
-87.0284
11
179.879
21
-87.1217
0
LINE
8
BLACK
6
CONTINUOUS
10
179.879
20
-87.1217
11
179.835
21
-87.2151
0
LINE
8
BLACK
6
CONTINUOUS
10
179.835
20
-87.2151
11
179.78
21
-87.4193
0
LINE
8
BLACK
6
CONTINUOUS
10
179.78
20
-87.4193
11
179.762
21
-87.63
0
LINE
8
BLACK
6
CONTINUOUS
10
179.762
20
-87.63
11
179.78
21
-87.8407
0
LINE
8
BLACK
6
CONTINUOUS
10
179.78
20
-87.8407
11
179.835
21
-88.0449
0
LINE
8
BLACK
6
CONTINUOUS
10
179.835
20
-88.0449
11
179.924
21
-88.2366
0
LINE
8
BLACK
6
CONTINUOUS
10
179.924
20
-88.2366
11
180.046
21
-88.4098
0
LINE
8
BLACK
6
CONTINUOUS
10
180.046
20
-88.4098
11
180.195
21
-88.5593
0
LINE
8
BLACK
6
CONTINUOUS
10
180.195
20
-88.5593
11
180.283
21
-88.6209
0
LINE
8
BLACK
6
CONTINUOUS
10
180.283
20
-88.6209
11
180.327
21
-88.6763
0
LINE
8
BLACK
6
CONTINUOUS
10
180.327
20
-88.6763
11
180.335
21
-88.747
0
LINE
8
BLACK
6
CONTINUOUS
10
180.335
20
-88.747
11
180.303
21
-88.8103
0
LINE
8
BLACK
6
CONTINUOUS
10
180.303
20
-88.8103
11
180.266
21
-88.8373
0
LINE
8
BLACK
6
CONTINUOUS
10
180.266
20
-88.8373
11
180.205
21
-88.8673
0
LINE
8
BLACK
6
CONTINUOUS
10
180.205
20
-88.8673
11
180.006
21
-89.0073
0
LINE
8
BLACK
6
CONTINUOUS
10
180.006
20
-89.0073
11
179.985
21
-89.0269
0
LINE
8
BLACK
6
CONTINUOUS
10
179.985
20
-89.0269
11
179.83
21
-89.1813
0
LINE
8
BLACK
6
CONTINUOUS
10
179.83
20
-89.1813
11
179.828
21
-89.1838
0
LINE
8
BLACK
6
CONTINUOUS
10
179.828
20
-89.1838
11
179.766
21
-89.2424
0
LINE
8
BLACK
6
CONTINUOUS
10
179.766
20
-89.2424
11
179.755
21
-89.2523
0
LINE
8
BLACK
6
CONTINUOUS
10
179.755
20
-89.2523
11
179.752
21
-89.2563
0
LINE
8
BLACK
6
CONTINUOUS
10
179.752
20
-89.2563
11
179.708
21
-89.3148
0
LINE
8
BLACK
6
CONTINUOUS
10
179.708
20
-89.3148
11
179.703
21
-89.3199
0
LINE
8
BLACK
6
CONTINUOUS
10
179.703
20
-89.3199
11
179.653
21
-89.3797
0
LINE
8
BLACK
6
CONTINUOUS
10
179.653
20
-89.3797
11
179.65
21
-89.384
0
LINE
8
BLACK
6
CONTINUOUS
10
179.65
20
-89.384
11
179.65
21
-89.3841
0
LINE
8
BLACK
6
CONTINUOUS
10
179.65
20
-89.3841
11
179.636
21
-89.4078
0
LINE
8
BLACK
6
CONTINUOUS
10
179.636
20
-89.4078
11
179.628
21
-89.4191
0
LINE
8
BLACK
6
CONTINUOUS
10
179.628
20
-89.4191
11
179.608
21
-89.4452
0
LINE
8
BLACK
6
CONTINUOUS
10
179.608
20
-89.4452
11
179.605
21
-89.4496
0
LINE
8
BLACK
6
CONTINUOUS
10
179.605
20
-89.4496
11
179.605
21
-89.4496
0
LINE
8
BLACK
6
CONTINUOUS
10
179.605
20
-89.4496
11
179.571
21
-89.5144
0
LINE
8
BLACK
6
CONTINUOUS
10
179.571
20
-89.5144
11
179.567
21
-89.5201
0
LINE
8
BLACK
6
CONTINUOUS
10
179.567
20
-89.5201
11
179.527
21
-89.5874
0
LINE
8
BLACK
6
CONTINUOUS
10
179.527
20
-89.5874
11
179.525
21
-89.592
0
LINE
8
BLACK
6
CONTINUOUS
10
179.525
20
-89.592
11
179.514
21
-89.6178
0
LINE
8
BLACK
6
CONTINUOUS
10
179.514
20
-89.6178
11
179.509
21
-89.6302
0
LINE
8
BLACK
6
CONTINUOUS
10
179.509
20
-89.6302
11
179.493
21
-89.6591
0
LINE
8
BLACK
6
CONTINUOUS
10
179.493
20
-89.6591
11
179.492
21
-89.6639
0
LINE
8
BLACK
6
CONTINUOUS
10
179.492
20
-89.6639
11
179.492
21
-89.6639
0
LINE
8
BLACK
6
CONTINUOUS
10
179.492
20
-89.6639
11
179.468
21
-89.7334
0
LINE
8
BLACK
6
CONTINUOUS
10
179.468
20
-89.7334
11
179.465
21
-89.7396
0
LINE
8
BLACK
6
CONTINUOUS
10
179.465
20
-89.7396
11
179.436
21
-89.8124
0
LINE
8
BLACK
6
CONTINUOUS
10
179.436
20
-89.8124
11
179.435
21
-89.8174
0
LINE
8
BLACK
6
CONTINUOUS
10
179.435
20
-89.8174
11
179.429
21
-89.8445
0
LINE
8
BLACK
6
CONTINUOUS
10
179.429
20
-89.8445
11
179.425
21
-89.8576
0
LINE
8
BLACK
6
CONTINUOUS
10
179.425
20
-89.8576
11
179.414
21
-89.8886
0
LINE
8
BLACK
6
CONTINUOUS
10
179.414
20
-89.8886
11
179.401
21
-89.9661
0
LINE
8
BLACK
6
CONTINUOUS
10
179.401
20
-89.9661
11
179.399
21
-89.9725
0
LINE
8
BLACK
6
CONTINUOUS
10
179.399
20
-89.9725
11
179.382
21
-90.0491
0
LINE
8
BLACK
6
CONTINUOUS
10
179.382
20
-90.0491
11
179.38
21
-90.082
0
LINE
8
BLACK
6
CONTINUOUS
10
179.38
20
-90.082
11
179.378
21
-90.0955
0
LINE
8
BLACK
6
CONTINUOUS
10
179.378
20
-90.0955
11
179.373
21
-90.1278
0
LINE
8
BLACK
6
CONTINUOUS
10
179.373
20
-90.1278
11
179.373
21
-90.1318
0
LINE
8
BLACK
6
CONTINUOUS
10
179.373
20
-90.1318
11
179.373
21
-90.1318
0
LINE
8
BLACK
6
CONTINUOUS
10
179.373
20
-90.1318
11
179.372
21
-90.1436
0
LINE
8
BLACK
6
CONTINUOUS
10
179.372
20
-90.1436
11
179.371
21
-90.1569
0
LINE
8
BLACK
6
CONTINUOUS
10
179.371
20
-90.1569
11
179.371
21
-90.2131
0
LINE
8
BLACK
6
CONTINUOUS
10
179.371
20
-90.2131
11
179.371
21
-90.221
0
LINE
8
BLACK
6
CONTINUOUS
10
179.371
20
-90.221
11
179.367
21
-90.2914
0
LINE
8
BLACK
6
CONTINUOUS
10
179.367
20
-90.2914
11
179.367
21
-90.2964
0
LINE
8
BLACK
6
CONTINUOUS
10
179.367
20
-90.2964
11
179.371
21
-90.333
0
LINE
8
BLACK
6
CONTINUOUS
10
179.371
20
-90.333
11
179.371
21
-90.3453
0
LINE
8
BLACK
6
CONTINUOUS
10
179.371
20
-90.3453
11
179.371
21
-94.6786
0
LINE
8
BLACK
6
CONTINUOUS
10
179.371
20
-94.6786
11
179.351
21
-94.7467
0
LINE
8
BLACK
6
CONTINUOUS
10
179.351
20
-94.7467
11
179.298
21
-94.7932
0
LINE
8
BLACK
6
CONTINUOUS
10
179.298
20
-94.7932
11
179.245
21
-94.8046
0
LINE
8
BLACK
6
CONTINUOUS
10
179.245
20
-94.8046
11
165.57
21
-94.8046
0
LINE
8
BLACK
6
CONTINUOUS
10
165.57
20
-94.8046
11
165.502
21
-94.7846
0
LINE
8
BLACK
6
CONTINUOUS
10
165.502
20
-94.7846
11
165.481
21
-94.7677
0
LINE
8
BLACK
6
CONTINUOUS
10
165.481
20
-94.7677
11
162.167
21
-91.4534
0
LINE
8
BLACK
6
CONTINUOUS
10
162.167
20
-91.4534
11
162.164
21
-91.4509
0
LINE
8
BLACK
6
CONTINUOUS
10
162.164
20
-91.4509
11
162.099
21
-91.3821
0
LINE
8
BLACK
6
CONTINUOUS
10
162.099
20
-91.3821
11
162.099
21
-91.3821
0
LINE
8
BLACK
6
CONTINUOUS
10
162.099
20
-91.3821
11
162.096
21
-91.3784
0
LINE
8
BLACK
6
CONTINUOUS
10
162.096
20
-91.3784
11
162.033
21
-91.3307
0
LINE
8
BLACK
6
CONTINUOUS
10
162.033
20
-91.3307
11
162.028
21
-91.3265
0
LINE
8
BLACK
6
CONTINUOUS
10
162.028
20
-91.3265
11
161.972
21
-91.2789
0
LINE
8
BLACK
6
CONTINUOUS
10
161.972
20
-91.2789
11
161.972
21
-91.2789
0
LINE
8
BLACK
6
CONTINUOUS
10
161.972
20
-91.2789
11
161.968
21
-91.2756
0
LINE
8
BLACK
6
CONTINUOUS
10
161.968
20
-91.2756
11
161.964
21
-91.273
0
LINE
8
BLACK
6
CONTINUOUS
10
161.964
20
-91.273
11
161.964
21
-91.273
0
LINE
8
BLACK
6
CONTINUOUS
10
161.964
20
-91.273
11
161.94
21
-91.2586
0
LINE
8
BLACK
6
CONTINUOUS
10
161.94
20
-91.2586
11
161.929
21
-91.2509
0
LINE
8
BLACK
6
CONTINUOUS
10
161.929
20
-91.2509
11
161.903
21
-91.2309
0
LINE
8
BLACK
6
CONTINUOUS
10
161.903
20
-91.2309
11
161.834
21
-91.1938
0
LINE
8
BLACK
6
CONTINUOUS
10
161.834
20
-91.1938
11
161.828
21
-91.1906
0
LINE
8
BLACK
6
CONTINUOUS
10
161.828
20
-91.1906
11
161.765
21
-91.1525
0
LINE
8
BLACK
6
CONTINUOUS
10
161.765
20
-91.1525
11
161.761
21
-91.1498
0
LINE
8
BLACK
6
CONTINUOUS
10
161.761
20
-91.1498
11
161.73
21
-91.1375
0
LINE
8
BLACK
6
CONTINUOUS
10
161.73
20
-91.1375
11
161.718
21
-91.1318
0
LINE
8
BLACK
6
CONTINUOUS
10
161.718
20
-91.1318
11
161.693
21
-91.1186
0
LINE
8
BLACK
6
CONTINUOUS
10
161.693
20
-91.1186
11
161.693
21
-91.1186
0
LINE
8
BLACK
6
CONTINUOUS
10
161.693
20
-91.1186
11
161.689
21
-91.1162
0
LINE
8
BLACK
6
CONTINUOUS
10
161.689
20
-91.1162
11
161.684
21
-91.1146
0
LINE
8
BLACK
6
CONTINUOUS
10
161.684
20
-91.1146
11
161.684
21
-91.1146
0
LINE
8
BLACK
6
CONTINUOUS
10
161.684
20
-91.1146
11
161.615
21
-91.0907
0
LINE
8
BLACK
6
CONTINUOUS
10
161.615
20
-91.0907
11
161.608
21
-91.0883
0
LINE
8
BLACK
6
CONTINUOUS
10
161.608
20
-91.0883
11
161.54
21
-91.0608
0
LINE
8
BLACK
6
CONTINUOUS
10
161.54
20
-91.0608
11
161.54
21
-91.0608
0
LINE
8
BLACK
6
CONTINUOUS
10
161.54
20
-91.0608
11
161.536
21
-91.0589
0
LINE
8
BLACK
6
CONTINUOUS
10
161.536
20
-91.0589
11
161.504
21
-91.0516
0
LINE
8
BLACK
6
CONTINUOUS
10
161.504
20
-91.0516
11
161.491
21
-91.0479
0
LINE
8
BLACK
6
CONTINUOUS
10
161.491
20
-91.0479
11
161.459
21
-91.0372
0
LINE
8
BLACK
6
CONTINUOUS
10
161.459
20
-91.0372
11
161.382
21
-91.0238
0
LINE
8
BLACK
6
CONTINUOUS
10
161.382
20
-91.0238
11
161.376
21
-91.0225
0
LINE
8
BLACK
6
CONTINUOUS
10
161.376
20
-91.0225
11
161.299
21
-91.0051
0
LINE
8
BLACK
6
CONTINUOUS
10
161.299
20
-91.0051
11
161.266
21
-91.0031
0
LINE
8
BLACK
6
CONTINUOUS
10
161.266
20
-91.0031
11
161.253
21
-91.0015
0
LINE
8
BLACK
6
CONTINUOUS
10
161.253
20
-91.0015
11
161.22
21
-90.9959
0
LINE
8
BLACK
6
CONTINUOUS
10
161.22
20
-90.9959
11
161.216
21
-90.9957
0
LINE
8
BLACK
6
CONTINUOUS
10
161.216
20
-90.9957
11
161.216
21
-90.9957
0
LINE
8
BLACK
6
CONTINUOUS
10
161.216
20
-90.9957
11
161.193
21
-90.9946
0
LINE
8
BLACK
6
CONTINUOUS
10
161.193
20
-90.9946
11
161.193
21
-90.9946
0
LINE
8
BLACK
6
CONTINUOUS
10
161.193
20
-90.9946
11
161.191
21
-90.9946
0
LINE
8
BLACK
6
CONTINUOUS
10
161.191
20
-90.9946
11
161.135
21
-90.9946
0
LINE
8
BLACK
6
CONTINUOUS
10
161.135
20
-90.9946
11
161.127
21
-90.9943
0
LINE
8
BLACK
6
CONTINUOUS
10
161.127
20
-90.9943
11
161.121
21
-90.994
0
LINE
8
BLACK
6
CONTINUOUS
10
161.121
20
-90.994
11
161.057
21
-90.9899
0
LINE
8
BLACK
6
CONTINUOUS
10
161.057
20
-90.9899
11
161.018
21
-90.9937
0
LINE
8
BLACK
6
CONTINUOUS
10
161.018
20
-90.9937
11
161.015
21
-90.994
0
LINE
8
BLACK
6
CONTINUOUS
10
161.015
20
-90.994
11
161.003
21
-90.9946
0
LINE
8
BLACK
6
CONTINUOUS
10
161.003
20
-90.9946
11
151.342
21
-90.9946
0
LINE
8
BLACK
6
CONTINUOUS
10
151.342
20
-90.9946
11
151.274
21
-90.9746
0
LINE
8
BLACK
6
CONTINUOUS
10
151.274
20
-90.9746
11
151.227
21
-90.9209
0
LINE
8
BLACK
6
CONTINUOUS
10
151.227
20
-90.9209
11
151.217
21
-90.8506
0
LINE
8
BLACK
6
CONTINUOUS
10
151.217
20
-90.8506
11
151.241
21
-90.793
0
LINE
8
BLACK
6
CONTINUOUS
10
151.241
20
-90.793
11
151.276
21
-90.7467
0
LINE
8
BLACK
6
CONTINUOUS
10
151.276
20
-90.7467
11
151.327
21
-90.6103
0
LINE
8
BLACK
6
CONTINUOUS
10
151.327
20
-90.6103
11
151.333
21
-90.5481
0
LINE
8
BLACK
6
CONTINUOUS
10
151.333
20
-90.5481
11
151.333
21
-87.2519
0
LINE
8
BLACK
6
CONTINUOUS
10
151.333
20
-87.2519
11
151.327
21
-87.1897
0
LINE
8
BLACK
6
CONTINUOUS
10
151.327
20
-87.1897
11
151.276
21
-87.0533
0
LINE
8
BLACK
6
CONTINUOUS
10
151.276
20
-87.0533
11
151.188
21
-86.9367
0
LINE
8
BLACK
6
CONTINUOUS
10
151.188
20
-86.9367
11
151.072
21
-86.8494
0
LINE
8
BLACK
6
CONTINUOUS
10
151.072
20
-86.8494
11
150.935
21
-86.7983
0
LINE
8
BLACK
6
CONTINUOUS
10
150.935
20
-86.7983
11
150.873
21
-86.7915
0
LINE
8
BLACK
6
CONTINUOUS
10
150.873
20
-86.7915
11
147.577
21
-86.7915
0
LINE
8
BLACK
6
CONTINUOUS
10
147.577
20
-86.7915
11
147.515
21
-86.7983
0
LINE
8
BLACK
6
CONTINUOUS
10
147.515
20
-86.7983
11
147.378
21
-86.8494
0
LINE
8
BLACK
6
CONTINUOUS
10
147.378
20
-86.8494
11
147.262
21
-86.9367
0
LINE
8
BLACK
6
CONTINUOUS
10
147.262
20
-86.9367
11
147.174
21
-87.0533
0
LINE
8
BLACK
6
CONTINUOUS
10
147.174
20
-87.0533
11
147.123
21
-87.1897
0
LINE
8
BLACK
6
CONTINUOUS
10
147.123
20
-87.1897
11
147.117
21
-87.2519
0
LINE
8
BLACK
6
CONTINUOUS
10
147.117
20
-87.2519
11
147.117
21
-90.5481
0
LINE
8
BLACK
6
CONTINUOUS
10
147.117
20
-90.5481
11
147.123
21
-90.6103
0
LINE
8
BLACK
6
CONTINUOUS
10
147.123
20
-90.6103
11
147.174
21
-90.7467
0
LINE
8
BLACK
6
CONTINUOUS
10
189.775
20
-95.3133
11
189.777
21
-95.3131
0
LINE
8
BLACK
6
CONTINUOUS
10
189.777
20
-95.3131
11
189.783
21
-95.3138
0
LINE
8
BLACK
6
CONTINUOUS
10
189.783
20
-95.3138
11
189.875
21
-95.3185
0
LINE
8
BLACK
6
CONTINUOUS
10
189.875
20
-95.3185
11
189.921
21
-95.3282
0
LINE
8
BLACK
6
CONTINUOUS
10
189.921
20
-95.3282
11
189.971
21
-95.3335
0
LINE
8
BLACK
6
CONTINUOUS
10
189.971
20
-95.3335
11
190.023
21
-95.3496
0
LINE
8
BLACK
6
CONTINUOUS
10
190.023
20
-95.3496
11
190.072
21
-95.3599
0
LINE
8
BLACK
6
CONTINUOUS
10
190.072
20
-95.3599
11
190.113
21
-95.3773
0
LINE
8
BLACK
6
CONTINUOUS
10
190.113
20
-95.3773
11
190.158
21
-95.3912
0
LINE
8
BLACK
6
CONTINUOUS
10
190.158
20
-95.3912
11
190.209
21
-95.4188
0
LINE
8
BLACK
6
CONTINUOUS
10
190.209
20
-95.4188
11
190.258
21
-95.4401
0
LINE
8
BLACK
6
CONTINUOUS
10
190.258
20
-95.4401
11
190.291
21
-95.4635
0
LINE
8
BLACK
6
CONTINUOUS
10
190.291
20
-95.4635
11
190.329
21
-95.484
0
LINE
8
BLACK
6
CONTINUOUS
10
190.329
20
-95.484
11
190.377
21
-95.5235
0
LINE
8
BLACK
6
CONTINUOUS
10
190.377
20
-95.5235
11
190.423
21
-95.5561
0
LINE
8
BLACK
6
CONTINUOUS
10
190.423
20
-95.5561
11
190.449
21
-95.5832
0
LINE
8
BLACK
6
CONTINUOUS
10
190.449
20
-95.5832
11
190.48
21
-95.6084
0
LINE
8
BLACK
6
CONTINUOUS
10
190.48
20
-95.6084
11
190.521
21
-95.6594
0
LINE
8
BLACK
6
CONTINUOUS
10
190.521
20
-95.6594
11
190.562
21
-95.7029
0
LINE
8
BLACK
6
CONTINUOUS
10
190.562
20
-95.7029
11
190.58
21
-95.7318
0
LINE
8
BLACK
6
CONTINUOUS
10
190.58
20
-95.7318
11
190.603
21
-95.7597
0
LINE
8
BLACK
6
CONTINUOUS
10
190.603
20
-95.7597
11
190.636
21
-95.8213
0
LINE
8
BLACK
6
CONTINUOUS
10
190.636
20
-95.8213
11
190.669
21
-95.8747
0
LINE
8
BLACK
6
CONTINUOUS
10
190.669
20
-95.8747
11
190.679
21
-95.9035
0
LINE
8
BLACK
6
CONTINUOUS
10
190.679
20
-95.9035
11
190.695
21
-95.932
0
LINE
8
BLACK
6
CONTINUOUS
10
190.695
20
-95.932
11
190.716
21
-96.0027
0
LINE
8
BLACK
6
CONTINUOUS
10
190.716
20
-96.0027
11
190.739
21
-96.0644
0
LINE
8
BLACK
6
CONTINUOUS
10
190.739
20
-96.0644
11
190.743
21
-96.0914
0
LINE
8
BLACK
6
CONTINUOUS
10
190.743
20
-96.0914
11
190.751
21
-96.1188
0
LINE
8
BLACK
6
CONTINUOUS
10
190.751
20
-96.1188
11
190.759
21
-96.1966
0
LINE
8
BLACK
6
CONTINUOUS
10
190.759
20
-96.1966
11
190.769
21
-96.2642
0
LINE
8
BLACK
6
CONTINUOUS
10
190.769
20
-96.2642
11
190.768
21
-96.2881
0
LINE
8
BLACK
6
CONTINUOUS
10
190.768
20
-96.2881
11
190.77
21
-96.3131
0
LINE
8
BLACK
6
CONTINUOUS
10
190.77
20
-96.3131
11
190.77
21
-96.341
0
LINE
8
BLACK
6
CONTINUOUS
10
190.77
20
-96.341
11
190.761
21
-96.4063
0
LINE
8
BLACK
6
CONTINUOUS
10
190.761
20
-96.4063
11
190.758
21
-96.4661
0
LINE
8
BLACK
6
CONTINUOUS
10
190.758
20
-96.4661
11
190.75
21
-96.499
0
LINE
8
BLACK
6
CONTINUOUS
10
190.75
20
-96.499
11
190.745
21
-96.5346
0
LINE
8
BLACK
6
CONTINUOUS
10
190.745
20
-96.5346
11
190.723
21
-96.6008
0
LINE
8
BLACK
6
CONTINUOUS
10
190.723
20
-96.6008
11
190.707
21
-96.6616
0
LINE
8
BLACK
6
CONTINUOUS
10
190.707
20
-96.6616
11
190.694
21
-96.6892
0
LINE
8
BLACK
6
CONTINUOUS
10
190.694
20
-96.6892
11
190.684
21
-96.7198
0
LINE
8
BLACK
6
CONTINUOUS
10
190.684
20
-96.7198
11
190.647
21
-96.7841
0
LINE
8
BLACK
6
CONTINUOUS
10
190.647
20
-96.7841
11
190.618
21
-96.843
0
LINE
8
BLACK
6
CONTINUOUS
10
190.618
20
-96.843
11
190.601
21
-96.8646
0
LINE
8
BLACK
6
CONTINUOUS
10
190.601
20
-96.8646
11
190.587
21
-96.8895
0
LINE
8
BLACK
6
CONTINUOUS
10
190.587
20
-96.8895
11
190.536
21
-96.9487
0
LINE
8
BLACK
6
CONTINUOUS
10
190.536
20
-96.9487
11
190.494
21
-97.0027
0
LINE
8
BLACK
6
CONTINUOUS
10
190.494
20
-97.0027
11
190.476
21
-97.0183
0
LINE
8
BLACK
6
CONTINUOUS
10
190.476
20
-97.0183
11
190.46
21
-97.0372
0
LINE
8
BLACK
6
CONTINUOUS
10
190.46
20
-97.0372
11
190.394
21
-97.0881
0
LINE
8
BLACK
6
CONTINUOUS
10
190.394
20
-97.0881
11
190.341
21
-97.1342
0
LINE
8
BLACK
6
CONTINUOUS
10
190.341
20
-97.1342
11
190.323
21
-97.1442
0
LINE
8
BLACK
6
CONTINUOUS
10
190.323
20
-97.1442
11
190.306
21
-97.1574
0
LINE
8
BLACK
6
CONTINUOUS
10
190.306
20
-97.1574
11
190.228
21
-97.1969
0
LINE
8
BLACK
6
CONTINUOUS
10
190.228
20
-97.1969
11
190.164
21
-97.2322
0
LINE
8
BLACK
6
CONTINUOUS
10
190.164
20
-97.2322
11
190.148
21
-97.2373
0
LINE
8
BLACK
6
CONTINUOUS
10
190.148
20
-97.2373
11
190.132
21
-97.2454
0
LINE
8
BLACK
6
CONTINUOUS
10
190.132
20
-97.2454
11
190.042
21
-97.2704
0
LINE
8
BLACK
6
CONTINUOUS
10
190.042
20
-97.2704
11
189.971
21
-97.2926
0
LINE
8
BLACK
6
CONTINUOUS
10
189.971
20
-97.2926
11
189.957
21
-97.294
0
LINE
8
BLACK
6
CONTINUOUS
10
189.957
20
-97.294
11
189.944
21
-97.2979
0
LINE
8
BLACK
6
CONTINUOUS
10
189.944
20
-97.2979
11
189.844
21
-97.3055
0
LINE
8
BLACK
6
CONTINUOUS
10
189.844
20
-97.3055
11
189.77
21
-97.3131
0
LINE
8
BLACK
6
CONTINUOUS
10
189.77
20
-97.3131
11
185.88
21
-97.3131
0
LINE
8
BLACK
6
CONTINUOUS
10
185.88
20
-97.3131
11
185.88
21
-103.41
0
LINE
8
BLACK
6
CONTINUOUS
10
185.88
20
-103.41
11
185.875
21
-103.515
0
LINE
8
BLACK
6
CONTINUOUS
10
185.875
20
-103.515
11
185.867
21
-103.55
0
LINE
8
BLACK
6
CONTINUOUS
10
185.867
20
-103.55
11
185.864
21
-103.587
0
LINE
8
BLACK
6
CONTINUOUS
10
185.864
20
-103.587
11
185.846
21
-103.649
0
LINE
8
BLACK
6
CONTINUOUS
10
185.846
20
-103.649
11
185.833
21
-103.712
0
LINE
8
BLACK
6
CONTINUOUS
10
185.833
20
-103.712
11
185.819
21
-103.746
0
LINE
8
BLACK
6
CONTINUOUS
10
185.819
20
-103.746
11
185.808
21
-103.781
0
LINE
8
BLACK
6
CONTINUOUS
10
185.808
20
-103.781
11
185.779
21
-103.839
0
LINE
8
BLACK
6
CONTINUOUS
10
185.779
20
-103.839
11
185.753
21
-103.898
0
LINE
8
BLACK
6
CONTINUOUS
10
185.753
20
-103.898
11
185.732
21
-103.928
0
LINE
8
BLACK
6
CONTINUOUS
10
185.732
20
-103.928
11
185.715
21
-103.96
0
LINE
8
BLACK
6
CONTINUOUS
10
185.715
20
-103.96
11
185.674
21
-104.011
0
LINE
8
BLACK
6
CONTINUOUS
10
185.674
20
-104.011
11
185.637
21
-104.063
0
LINE
8
BLACK
6
CONTINUOUS
10
185.637
20
-104.063
11
185.61
21
-104.089
0
LINE
8
BLACK
6
CONTINUOUS
10
185.61
20
-104.089
11
185.587
21
-104.117
0
LINE
8
BLACK
6
CONTINUOUS
10
185.587
20
-104.117
11
181.34
21
-108.364
0
LINE
8
BLACK
6
CONTINUOUS
10
181.34
20
-108.364
11
181.34
21
-111.165
0
LINE
8
BLACK
6
CONTINUOUS
10
181.34
20
-111.165
11
181.54
21
-111.165
0
LINE
8
BLACK
6
CONTINUOUS
10
181.54
20
-111.165
11
181.54
21
-113.565
0
LINE
8
BLACK
6
CONTINUOUS
10
181.54
20
-113.565
11
179.847
21
-113.565
0
LINE
8
BLACK
6
CONTINUOUS
10
179.847
20
-113.565
11
176.395
21
-117.017
0
LINE
8
BLACK
6
CONTINUOUS
10
176.395
20
-117.017
11
176.395
21
-122.555
0
LINE
8
BLACK
6
CONTINUOUS
10
176.395
20
-122.555
11
176.395
21
-122.561
0
LINE
8
BLACK
6
CONTINUOUS
10
176.395
20
-122.561
11
176.387
21
-122.612
0
LINE
8
BLACK
6
CONTINUOUS
10
176.387
20
-122.612
11
176.383
21
-122.662
0
LINE
8
BLACK
6
CONTINUOUS
10
176.383
20
-122.662
11
176.376
21
-122.681
0
LINE
8
BLACK
6
CONTINUOUS
10
176.376
20
-122.681
11
176.373
21
-122.701
0
LINE
8
BLACK
6
CONTINUOUS
10
176.373
20
-122.701
11
176.351
21
-122.747
0
LINE
8
BLACK
6
CONTINUOUS
10
176.351
20
-122.747
11
176.334
21
-122.795
0
LINE
8
BLACK
6
CONTINUOUS
10
176.334
20
-122.795
11
176.321
21
-122.811
0
LINE
8
BLACK
6
CONTINUOUS
10
176.321
20
-122.811
11
176.313
21
-122.83
0
LINE
8
BLACK
6
CONTINUOUS
10
176.313
20
-122.83
11
176.279
21
-122.868
0
LINE
8
BLACK
6
CONTINUOUS
10
176.279
20
-122.868
11
176.249
21
-122.909
0
LINE
8
BLACK
6
CONTINUOUS
10
176.249
20
-122.909
11
172.439
21
-126.719
0
LINE
8
BLACK
6
CONTINUOUS
10
172.439
20
-126.719
11
172.434
21
-126.723
0
LINE
8
BLACK
6
CONTINUOUS
10
172.434
20
-126.723
11
172.393
21
-126.753
0
LINE
8
BLACK
6
CONTINUOUS
10
172.393
20
-126.753
11
172.354
21
-126.786
0
LINE
8
BLACK
6
CONTINUOUS
10
172.354
20
-126.786
11
172.336
21
-126.795
0
LINE
8
BLACK
6
CONTINUOUS
10
172.336
20
-126.795
11
172.32
21
-126.806
0
LINE
8
BLACK
6
CONTINUOUS
10
172.32
20
-126.806
11
172.272
21
-126.824
0
LINE
8
BLACK
6
CONTINUOUS
10
172.272
20
-126.824
11
172.225
21
-126.845
0
LINE
8
BLACK
6
CONTINUOUS
10
172.225
20
-126.845
11
172.205
21
-126.848
0
LINE
8
BLACK
6
CONTINUOUS
10
172.205
20
-126.848
11
172.186
21
-126.855
0
LINE
8
BLACK
6
CONTINUOUS
10
172.186
20
-126.855
11
172.135
21
-126.858
0
LINE
8
BLACK
6
CONTINUOUS
10
172.135
20
-126.858
11
172.085
21
-126.865
0
LINE
8
BLACK
6
CONTINUOUS
10
172.085
20
-126.865
11
165.087
21
-126.865
0
LINE
8
BLACK
6
CONTINUOUS
10
165.087
20
-126.865
11
165.078
21
-126.879
0
LINE
8
BLACK
6
CONTINUOUS
10
165.078
20
-126.879
11
164.949
21
-127.002
0
LINE
8
BLACK
6
CONTINUOUS
10
164.949
20
-127.002
11
164.795
21
-127.094
0
LINE
8
BLACK
6
CONTINUOUS
10
164.795
20
-127.094
11
164.626
21
-127.149
0
LINE
8
BLACK
6
CONTINUOUS
10
164.626
20
-127.149
11
164.448
21
-127.165
0
LINE
8
BLACK
6
CONTINUOUS
10
164.448
20
-127.165
11
164.271
21
-127.141
0
LINE
8
BLACK
6
CONTINUOUS
10
164.271
20
-127.141
11
164.104
21
-127.079
0
LINE
8
BLACK
6
CONTINUOUS
10
164.104
20
-127.079
11
163.955
21
-126.981
0
LINE
8
BLACK
6
CONTINUOUS
10
163.955
20
-126.981
11
163.831
21
-126.853
0
LINE
8
BLACK
6
CONTINUOUS
10
163.831
20
-126.853
11
163.739
21
-126.701
0
LINE
8
BLACK
6
CONTINUOUS
10
163.739
20
-126.701
11
163.682
21
-126.531
0
LINE
8
BLACK
6
CONTINUOUS
10
163.682
20
-126.531
11
163.665
21
-126.354
0
LINE
8
BLACK
6
CONTINUOUS
10
163.665
20
-126.354
11
163.687
21
-126.177
0
LINE
8
BLACK
6
CONTINUOUS
10
163.687
20
-126.177
11
163.748
21
-126.009
0
LINE
8
BLACK
6
CONTINUOUS
10
163.748
20
-126.009
11
163.845
21
-125.859
0
LINE
8
BLACK
6
CONTINUOUS
10
163.845
20
-125.859
11
163.972
21
-125.735
0
LINE
8
BLACK
6
CONTINUOUS
10
163.972
20
-125.735
11
164.124
21
-125.641
0
LINE
8
BLACK
6
CONTINUOUS
10
164.124
20
-125.641
11
164.293
21
-125.584
0
LINE
8
BLACK
6
CONTINUOUS
10
164.293
20
-125.584
11
164.471
21
-125.565
0
LINE
8
BLACK
6
CONTINUOUS
10
164.471
20
-125.565
11
164.648
21
-125.586
0
LINE
8
BLACK
6
CONTINUOUS
10
164.648
20
-125.586
11
164.816
21
-125.646
0
LINE
8
BLACK
6
CONTINUOUS
10
164.816
20
-125.646
11
164.966
21
-125.742
0
LINE
8
BLACK
6
CONTINUOUS
10
164.966
20
-125.742
11
165.089
21
-125.865
0
LINE
8
BLACK
6
CONTINUOUS
10
165.089
20
-125.865
11
171.878
21
-125.865
0
LINE
8
BLACK
6
CONTINUOUS
10
171.878
20
-125.865
11
175.395
21
-122.348
0
LINE
8
BLACK
6
CONTINUOUS
10
175.395
20
-122.348
11
175.395
21
-116.81
0
LINE
8
BLACK
6
CONTINUOUS
10
175.395
20
-116.81
11
175.395
21
-116.804
0
LINE
8
BLACK
6
CONTINUOUS
10
175.395
20
-116.804
11
175.403
21
-116.753
0
LINE
8
BLACK
6
CONTINUOUS
10
175.403
20
-116.753
11
175.407
21
-116.703
0
LINE
8
BLACK
6
CONTINUOUS
10
175.407
20
-116.703
11
175.414
21
-116.684
0
LINE
8
BLACK
6
CONTINUOUS
10
175.414
20
-116.684
11
175.417
21
-116.664
0
LINE
8
BLACK
6
CONTINUOUS
10
175.417
20
-116.664
11
175.439
21
-116.618
0
LINE
8
BLACK
6
CONTINUOUS
10
175.439
20
-116.618
11
175.456
21
-116.57
0
LINE
8
BLACK
6
CONTINUOUS
10
175.456
20
-116.57
11
175.469
21
-116.554
0
LINE
8
BLACK
6
CONTINUOUS
10
175.469
20
-116.554
11
175.477
21
-116.535
0
LINE
8
BLACK
6
CONTINUOUS
10
175.477
20
-116.535
11
175.511
21
-116.497
0
LINE
8
BLACK
6
CONTINUOUS
10
175.511
20
-116.497
11
175.541
21
-116.456
0
LINE
8
BLACK
6
CONTINUOUS
10
175.541
20
-116.456
11
179.14
21
-112.858
0
LINE
8
BLACK
6
CONTINUOUS
10
179.14
20
-112.858
11
179.14
21
-111.165
0
LINE
8
BLACK
6
CONTINUOUS
10
179.14
20
-111.165
11
179.34
21
-111.165
0
LINE
8
BLACK
6
CONTINUOUS
10
179.34
20
-111.165
11
179.34
21
-107.95
0
LINE
8
BLACK
6
CONTINUOUS
10
179.34
20
-107.95
11
179.345
21
-107.845
0
LINE
8
BLACK
6
CONTINUOUS
10
179.345
20
-107.845
11
179.353
21
-107.81
0
LINE
8
BLACK
6
CONTINUOUS
10
179.353
20
-107.81
11
179.356
21
-107.773
0
LINE
8
BLACK
6
CONTINUOUS
10
179.356
20
-107.773
11
179.374
21
-107.711
0
LINE
8
BLACK
6
CONTINUOUS
10
179.374
20
-107.711
11
179.387
21
-107.648
0
LINE
8
BLACK
6
CONTINUOUS
10
179.387
20
-107.648
11
179.401
21
-107.614
0
LINE
8
BLACK
6
CONTINUOUS
10
179.401
20
-107.614
11
179.412
21
-107.579
0
LINE
8
BLACK
6
CONTINUOUS
10
179.412
20
-107.579
11
179.441
21
-107.521
0
LINE
8
BLACK
6
CONTINUOUS
10
179.441
20
-107.521
11
179.467
21
-107.462
0
LINE
8
BLACK
6
CONTINUOUS
10
179.467
20
-107.462
11
179.488
21
-107.432
0
LINE
8
BLACK
6
CONTINUOUS
10
179.488
20
-107.432
11
179.505
21
-107.4
0
LINE
8
BLACK
6
CONTINUOUS
10
179.505
20
-107.4
11
179.546
21
-107.349
0
LINE
8
BLACK
6
CONTINUOUS
10
179.546
20
-107.349
11
179.583
21
-107.297
0
LINE
8
BLACK
6
CONTINUOUS
10
179.583
20
-107.297
11
179.61
21
-107.271
0
LINE
8
BLACK
6
CONTINUOUS
10
179.61
20
-107.271
11
179.633
21
-107.243
0
LINE
8
BLACK
6
CONTINUOUS
10
179.633
20
-107.243
11
183.88
21
-102.996
0
LINE
8
BLACK
6
CONTINUOUS
10
183.88
20
-102.996
11
183.88
21
-96.3131
0
LINE
8
BLACK
6
CONTINUOUS
10
183.88
20
-96.3131
11
183.88
21
-96.3038
0
LINE
8
BLACK
6
CONTINUOUS
10
183.88
20
-96.3038
11
183.88
21
-96.2991
0
LINE
8
BLACK
6
CONTINUOUS
10
183.88
20
-96.2991
11
183.881
21
-96.2885
0
LINE
8
BLACK
6
CONTINUOUS
10
183.881
20
-96.2885
11
183.885
21
-96.2085
0
LINE
8
BLACK
6
CONTINUOUS
10
183.885
20
-96.2085
11
183.89
21
-96.1846
0
LINE
8
BLACK
6
CONTINUOUS
10
183.89
20
-96.1846
11
183.892
21
-96.1601
0
LINE
8
BLACK
6
CONTINUOUS
10
183.892
20
-96.1601
11
183.899
21
-96.1337
0
LINE
8
BLACK
6
CONTINUOUS
10
183.899
20
-96.1337
11
183.902
21
-96.1052
0
LINE
8
BLACK
6
CONTINUOUS
10
183.902
20
-96.1052
11
183.917
21
-96.0569
0
LINE
8
BLACK
6
CONTINUOUS
10
183.917
20
-96.0569
11
183.927
21
-96.0107
0
LINE
8
BLACK
6
CONTINUOUS
10
183.927
20
-96.0107
11
183.937
21
-95.9882
0
LINE
8
BLACK
6
CONTINUOUS
10
183.937
20
-95.9882
11
183.943
21
-95.9645
0
LINE
8
BLACK
6
CONTINUOUS
10
183.943
20
-95.9645
11
183.953
21
-95.943
0
LINE
8
BLACK
6
CONTINUOUS
10
183.953
20
-95.943
11
183.961
21
-95.9191
0
LINE
8
BLACK
6
CONTINUOUS
10
183.961
20
-95.9191
11
183.987
21
-95.8715
0
LINE
8
BLACK
6
CONTINUOUS
10
183.987
20
-95.8715
11
184.007
21
-95.8252
0
LINE
8
BLACK
6
CONTINUOUS
10
184.007
20
-95.8252
11
184.021
21
-95.8051
0
LINE
8
BLACK
6
CONTINUOUS
10
184.021
20
-95.8051
11
184.032
21
-95.7832
0
LINE
8
BLACK
6
CONTINUOUS
10
184.032
20
-95.7832
11
184.045
21
-95.7669
0
LINE
8
BLACK
6
CONTINUOUS
10
184.045
20
-95.7669
11
184.055
21
-95.7481
0
LINE
8
BLACK
6
CONTINUOUS
10
184.055
20
-95.7481
11
184.092
21
-95.7036
0
LINE
8
BLACK
6
CONTINUOUS
10
184.092
20
-95.7036
11
184.123
21
-95.6596
0
LINE
8
BLACK
6
CONTINUOUS
10
184.123
20
-95.6596
11
184.141
21
-95.6428
0
LINE
8
BLACK
6
CONTINUOUS
10
184.141
20
-95.6428
11
184.156
21
-95.6234
0
LINE
8
BLACK
6
CONTINUOUS
10
184.156
20
-95.6234
11
184.169
21
-95.6123
0
LINE
8
BLACK
6
CONTINUOUS
10
184.169
20
-95.6123
11
184.18
21
-95.5986
0
LINE
8
BLACK
6
CONTINUOUS
10
184.18
20
-95.5986
11
184.229
21
-95.5598
0
LINE
8
BLACK
6
CONTINUOUS
10
184.229
20
-95.5598
11
184.27
21
-95.5208
0
LINE
8
BLACK
6
CONTINUOUS
10
184.27
20
-95.5208
11
184.291
21
-95.5079
0
LINE
8
BLACK
6
CONTINUOUS
10
184.291
20
-95.5079
11
184.309
21
-95.4919
0
LINE
8
BLACK
6
CONTINUOUS
10
184.309
20
-95.4919
11
184.321
21
-95.4853
0
LINE
8
BLACK
6
CONTINUOUS
10
184.321
20
-95.4853
11
184.332
21
-95.4763
0
LINE
8
BLACK
6
CONTINUOUS
10
184.332
20
-95.4763
11
184.391
21
-95.4458
0
LINE
8
BLACK
6
CONTINUOUS
10
184.391
20
-95.4458
11
184.442
21
-95.4143
0
LINE
8
BLACK
6
CONTINUOUS
10
184.442
20
-95.4143
11
184.465
21
-95.4058
0
LINE
8
BLACK
6
CONTINUOUS
10
184.465
20
-95.4058
11
184.486
21
-95.3939
0
LINE
8
BLACK
6
CONTINUOUS
10
184.486
20
-95.3939
11
184.496
21
-95.3909
0
LINE
8
BLACK
6
CONTINUOUS
10
184.496
20
-95.3909
11
184.505
21
-95.3859
0
LINE
8
BLACK
6
CONTINUOUS
10
184.505
20
-95.3859
11
184.572
21
-95.3662
0
LINE
8
BLACK
6
CONTINUOUS
10
184.572
20
-95.3662
11
184.631
21
-95.3445
0
LINE
8
BLACK
6
CONTINUOUS
10
184.631
20
-95.3445
11
184.656
21
-95.3408
0
LINE
8
BLACK
6
CONTINUOUS
10
184.656
20
-95.3408
11
184.679
21
-95.3335
0
LINE
8
BLACK
6
CONTINUOUS
10
184.679
20
-95.3335
11
184.686
21
-95.3328
0
LINE
8
BLACK
6
CONTINUOUS
10
184.686
20
-95.3328
11
184.693
21
-95.3308
0
LINE
8
BLACK
6
CONTINUOUS
10
184.693
20
-95.3308
11
184.766
21
-95.3241
0
LINE
8
BLACK
6
CONTINUOUS
10
184.766
20
-95.3241
11
184.831
21
-95.3143
0
LINE
8
BLACK
6
CONTINUOUS
10
184.831
20
-95.3143
11
184.856
21
-95.3155
0
LINE
8
BLACK
6
CONTINUOUS
10
184.856
20
-95.3155
11
184.88
21
-95.3131
0
LINE
8
BLACK
6
CONTINUOUS
10
184.88
20
-95.3131
11
189.77
21
-95.3131
0
LINE
8
BLACK
6
CONTINUOUS
10
189.77
20
-95.3131
11
189.775
21
-95.3133
0
LINE
8
BLACK
6
CONTINUOUS
10
153.853
20
-115.426
11
154.021
21
-115.486
0
LINE
8
BLACK
6
CONTINUOUS
10
154.021
20
-115.486
11
154.171
21
-115.582
0
LINE
8
BLACK
6
CONTINUOUS
10
154.171
20
-115.582
11
154.297
21
-115.708
0
LINE
8
BLACK
6
CONTINUOUS
10
154.297
20
-115.708
11
154.391
21
-115.859
0
LINE
8
BLACK
6
CONTINUOUS
10
154.391
20
-115.859
11
154.45
21
-116.028
0
LINE
8
BLACK
6
CONTINUOUS
10
154.45
20
-116.028
11
154.47
21
-116.205
0
LINE
8
BLACK
6
CONTINUOUS
10
154.47
20
-116.205
11
154.47
21
-116.227
0
LINE
8
BLACK
6
CONTINUOUS
10
154.47
20
-116.227
11
154.445
21
-116.404
0
LINE
8
BLACK
6
CONTINUOUS
10
154.445
20
-116.404
11
154.382
21
-116.571
0
LINE
8
BLACK
6
CONTINUOUS
10
154.382
20
-116.571
11
154.283
21
-116.719
0
LINE
8
BLACK
6
CONTINUOUS
10
154.283
20
-116.719
11
154.17
21
-116.827
0
LINE
8
BLACK
6
CONTINUOUS
10
154.17
20
-116.827
11
154.17
21
-122.348
0
LINE
8
BLACK
6
CONTINUOUS
10
154.17
20
-122.348
11
157.067
21
-125.245
0
LINE
8
BLACK
6
CONTINUOUS
10
157.067
20
-125.245
11
158.163
21
-125.245
0
LINE
8
BLACK
6
CONTINUOUS
10
158.163
20
-125.245
11
158.232
21
-125.178
0
LINE
8
BLACK
6
CONTINUOUS
10
158.232
20
-125.178
11
158.368
21
-125.094
0
LINE
8
BLACK
6
CONTINUOUS
10
158.368
20
-125.094
11
158.52
21
-125.042
0
LINE
8
BLACK
6
CONTINUOUS
10
158.52
20
-125.042
11
158.68
21
-125.025
0
LINE
8
BLACK
6
CONTINUOUS
10
158.68
20
-125.025
11
158.839
21
-125.044
0
LINE
8
BLACK
6
CONTINUOUS
10
158.839
20
-125.044
11
158.991
21
-125.098
0
LINE
8
BLACK
6
CONTINUOUS
10
158.991
20
-125.098
11
159.126
21
-125.184
0
LINE
8
BLACK
6
CONTINUOUS
10
159.126
20
-125.184
11
159.239
21
-125.298
0
LINE
8
BLACK
6
CONTINUOUS
10
159.239
20
-125.298
11
159.324
21
-125.434
0
LINE
8
BLACK
6
CONTINUOUS
10
159.324
20
-125.434
11
159.377
21
-125.585
0
LINE
8
BLACK
6
CONTINUOUS
10
159.377
20
-125.585
11
159.395
21
-125.745
0
LINE
8
BLACK
6
CONTINUOUS
10
159.395
20
-125.745
11
159.395
21
-125.765
0
LINE
8
BLACK
6
CONTINUOUS
10
159.395
20
-125.765
11
159.372
21
-125.924
0
LINE
8
BLACK
6
CONTINUOUS
10
159.372
20
-125.924
11
159.315
21
-126.074
0
LINE
8
BLACK
6
CONTINUOUS
10
159.315
20
-126.074
11
159.227
21
-126.208
0
LINE
8
BLACK
6
CONTINUOUS
10
159.227
20
-126.208
11
159.11
21
-126.319
0
LINE
8
BLACK
6
CONTINUOUS
10
159.11
20
-126.319
11
158.972
21
-126.401
0
LINE
8
BLACK
6
CONTINUOUS
10
158.972
20
-126.401
11
158.82
21
-126.45
0
LINE
8
BLACK
6
CONTINUOUS
10
158.82
20
-126.45
11
158.66
21
-126.465
0
LINE
8
BLACK
6
CONTINUOUS
10
158.66
20
-126.465
11
158.501
21
-126.444
0
LINE
8
BLACK
6
CONTINUOUS
10
158.501
20
-126.444
11
158.35
21
-126.388
0
LINE
8
BLACK
6
CONTINUOUS
10
158.35
20
-126.388
11
158.216
21
-126.3
0
LINE
8
BLACK
6
CONTINUOUS
10
158.216
20
-126.3
11
158.163
21
-126.245
0
LINE
8
BLACK
6
CONTINUOUS
10
158.163
20
-126.245
11
156.86
21
-126.245
0
LINE
8
BLACK
6
CONTINUOUS
10
156.86
20
-126.245
11
156.854
21
-126.245
0
LINE
8
BLACK
6
CONTINUOUS
10
156.854
20
-126.245
11
156.803
21
-126.237
0
LINE
8
BLACK
6
CONTINUOUS
10
156.803
20
-126.237
11
156.753
21
-126.233
0
LINE
8
BLACK
6
CONTINUOUS
10
156.753
20
-126.233
11
156.734
21
-126.226
0
LINE
8
BLACK
6
CONTINUOUS
10
156.734
20
-126.226
11
156.714
21
-126.223
0
LINE
8
BLACK
6
CONTINUOUS
10
156.714
20
-126.223
11
156.668
21
-126.201
0
LINE
8
BLACK
6
CONTINUOUS
10
156.668
20
-126.201
11
156.62
21
-126.184
0
LINE
8
BLACK
6
CONTINUOUS
10
156.62
20
-126.184
11
156.604
21
-126.171
0
LINE
8
BLACK
6
CONTINUOUS
10
156.604
20
-126.171
11
156.585
21
-126.163
0
LINE
8
BLACK
6
CONTINUOUS
10
156.585
20
-126.163
11
156.547
21
-126.129
0
LINE
8
BLACK
6
CONTINUOUS
10
156.547
20
-126.129
11
156.506
21
-126.099
0
LINE
8
BLACK
6
CONTINUOUS
10
156.506
20
-126.099
11
153.316
21
-122.909
0
LINE
8
BLACK
6
CONTINUOUS
10
153.316
20
-122.909
11
153.312
21
-122.904
0
LINE
8
BLACK
6
CONTINUOUS
10
153.312
20
-122.904
11
153.282
21
-122.863
0
LINE
8
BLACK
6
CONTINUOUS
10
153.282
20
-122.863
11
153.249
21
-122.824
0
LINE
8
BLACK
6
CONTINUOUS
10
153.249
20
-122.824
11
153.24
21
-122.806
0
LINE
8
BLACK
6
CONTINUOUS
10
153.24
20
-122.806
11
153.229
21
-122.79
0
LINE
8
BLACK
6
CONTINUOUS
10
153.229
20
-122.79
11
153.211
21
-122.742
0
LINE
8
BLACK
6
CONTINUOUS
10
153.211
20
-122.742
11
153.19
21
-122.695
0
LINE
8
BLACK
6
CONTINUOUS
10
153.19
20
-122.695
11
153.187
21
-122.675
0
LINE
8
BLACK
6
CONTINUOUS
10
153.187
20
-122.675
11
153.18
21
-122.656
0
LINE
8
BLACK
6
CONTINUOUS
10
153.18
20
-122.656
11
153.177
21
-122.605
0
LINE
8
BLACK
6
CONTINUOUS
10
153.177
20
-122.605
11
153.17
21
-122.555
0
LINE
8
BLACK
6
CONTINUOUS
10
153.17
20
-122.555
11
153.17
21
-116.828
0
LINE
8
BLACK
6
CONTINUOUS
10
153.17
20
-116.828
11
153.16
21
-116.821
0
LINE
8
BLACK
6
CONTINUOUS
10
153.16
20
-116.821
11
153.036
21
-116.693
0
LINE
8
BLACK
6
CONTINUOUS
10
153.036
20
-116.693
11
152.944
21
-116.541
0
LINE
8
BLACK
6
CONTINUOUS
10
152.944
20
-116.541
11
152.887
21
-116.371
0
LINE
8
BLACK
6
CONTINUOUS
10
152.887
20
-116.371
11
152.87
21
-116.194
0
LINE
8
BLACK
6
CONTINUOUS
10
152.87
20
-116.194
11
152.892
21
-116.017
0
LINE
8
BLACK
6
CONTINUOUS
10
152.892
20
-116.017
11
152.953
21
-115.849
0
LINE
8
BLACK
6
CONTINUOUS
10
152.953
20
-115.849
11
153.05
21
-115.699
0
LINE
8
BLACK
6
CONTINUOUS
10
153.05
20
-115.699
11
153.177
21
-115.575
0
LINE
8
BLACK
6
CONTINUOUS
10
153.177
20
-115.575
11
153.329
21
-115.481
0
LINE
8
BLACK
6
CONTINUOUS
10
153.329
20
-115.481
11
153.498
21
-115.424
0
LINE
8
BLACK
6
CONTINUOUS
10
153.498
20
-115.424
11
153.676
21
-115.405
0
LINE
8
BLACK
6
CONTINUOUS
10
153.676
20
-115.405
11
153.853
21
-115.426
0
LINE
8
BLACK
6
CONTINUOUS
10
168.348
20
-104.709
11
168.52
21
-104.786
0
LINE
8
BLACK
6
CONTINUOUS
10
168.52
20
-104.786
11
168.672
21
-104.896
0
LINE
8
BLACK
6
CONTINUOUS
10
168.672
20
-104.896
11
168.798
21
-105.036
0
LINE
8
BLACK
6
CONTINUOUS
10
168.798
20
-105.036
11
168.815
21
-105.065
0
LINE
8
BLACK
6
CONTINUOUS
10
168.815
20
-105.065
11
171.605
21
-105.065
0
LINE
8
BLACK
6
CONTINUOUS
10
171.605
20
-105.065
11
171.611
21
-105.065
0
LINE
8
BLACK
6
CONTINUOUS
10
171.611
20
-105.065
11
171.662
21
-105.073
0
LINE
8
BLACK
6
CONTINUOUS
10
171.662
20
-105.073
11
171.712
21
-105.077
0
LINE
8
BLACK
6
CONTINUOUS
10
171.712
20
-105.077
11
171.731
21
-105.084
0
LINE
8
BLACK
6
CONTINUOUS
10
171.731
20
-105.084
11
171.751
21
-105.087
0
LINE
8
BLACK
6
CONTINUOUS
10
171.751
20
-105.087
11
171.797
21
-105.109
0
LINE
8
BLACK
6
CONTINUOUS
10
171.797
20
-105.109
11
171.845
21
-105.126
0
LINE
8
BLACK
6
CONTINUOUS
10
171.845
20
-105.126
11
171.861
21
-105.139
0
LINE
8
BLACK
6
CONTINUOUS
10
171.861
20
-105.139
11
171.88
21
-105.147
0
LINE
8
BLACK
6
CONTINUOUS
10
171.88
20
-105.147
11
171.918
21
-105.181
0
LINE
8
BLACK
6
CONTINUOUS
10
171.918
20
-105.181
11
171.959
21
-105.211
0
LINE
8
BLACK
6
CONTINUOUS
10
171.959
20
-105.211
11
173.074
21
-106.326
0
LINE
8
BLACK
6
CONTINUOUS
10
173.074
20
-106.326
11
173.078
21
-106.331
0
LINE
8
BLACK
6
CONTINUOUS
10
173.078
20
-106.331
11
173.108
21
-106.372
0
LINE
8
BLACK
6
CONTINUOUS
10
173.108
20
-106.372
11
173.141
21
-106.411
0
LINE
8
BLACK
6
CONTINUOUS
10
173.141
20
-106.411
11
173.15
21
-106.429
0
LINE
8
BLACK
6
CONTINUOUS
10
173.15
20
-106.429
11
173.161
21
-106.445
0
LINE
8
BLACK
6
CONTINUOUS
10
173.161
20
-106.445
11
173.179
21
-106.493
0
LINE
8
BLACK
6
CONTINUOUS
10
173.179
20
-106.493
11
173.2
21
-106.54
0
LINE
8
BLACK
6
CONTINUOUS
10
173.2
20
-106.54
11
173.203
21
-106.56
0
LINE
8
BLACK
6
CONTINUOUS
10
173.203
20
-106.56
11
173.21
21
-106.579
0
LINE
8
BLACK
6
CONTINUOUS
10
173.21
20
-106.579
11
173.213
21
-106.63
0
LINE
8
BLACK
6
CONTINUOUS
10
173.213
20
-106.63
11
173.22
21
-106.68
0
LINE
8
BLACK
6
CONTINUOUS
10
173.22
20
-106.68
11
173.22
21
-121.285
0
LINE
8
BLACK
6
CONTINUOUS
10
173.22
20
-121.285
11
173.22
21
-121.291
0
LINE
8
BLACK
6
CONTINUOUS
10
173.22
20
-121.291
11
173.212
21
-121.342
0
LINE
8
BLACK
6
CONTINUOUS
10
173.212
20
-121.342
11
173.208
21
-121.392
0
LINE
8
BLACK
6
CONTINUOUS
10
173.208
20
-121.392
11
173.201
21
-121.411
0
LINE
8
BLACK
6
CONTINUOUS
10
173.201
20
-121.411
11
173.198
21
-121.431
0
LINE
8
BLACK
6
CONTINUOUS
10
173.198
20
-121.431
11
173.176
21
-121.477
0
LINE
8
BLACK
6
CONTINUOUS
10
173.176
20
-121.477
11
173.159
21
-121.525
0
LINE
8
BLACK
6
CONTINUOUS
10
173.159
20
-121.525
11
173.146
21
-121.541
0
LINE
8
BLACK
6
CONTINUOUS
10
173.146
20
-121.541
11
173.138
21
-121.56
0
LINE
8
BLACK
6
CONTINUOUS
10
173.138
20
-121.56
11
173.104
21
-121.598
0
LINE
8
BLACK
6
CONTINUOUS
10
173.104
20
-121.598
11
173.074
21
-121.639
0
LINE
8
BLACK
6
CONTINUOUS
10
173.074
20
-121.639
11
171.154
21
-123.559
0
LINE
8
BLACK
6
CONTINUOUS
10
171.154
20
-123.559
11
171.149
21
-123.563
0
LINE
8
BLACK
6
CONTINUOUS
10
171.149
20
-123.563
11
171.108
21
-123.593
0
LINE
8
BLACK
6
CONTINUOUS
10
171.108
20
-123.593
11
171.069
21
-123.626
0
LINE
8
BLACK
6
CONTINUOUS
10
171.069
20
-123.626
11
171.051
21
-123.635
0
LINE
8
BLACK
6
CONTINUOUS
10
171.051
20
-123.635
11
171.035
21
-123.646
0
LINE
8
BLACK
6
CONTINUOUS
10
171.035
20
-123.646
11
170.987
21
-123.664
0
LINE
8
BLACK
6
CONTINUOUS
10
170.987
20
-123.664
11
170.94
21
-123.685
0
LINE
8
BLACK
6
CONTINUOUS
10
170.94
20
-123.685
11
170.92
21
-123.688
0
LINE
8
BLACK
6
CONTINUOUS
10
170.92
20
-123.688
11
170.901
21
-123.695
0
LINE
8
BLACK
6
CONTINUOUS
10
170.901
20
-123.695
11
170.85
21
-123.698
0
LINE
8
BLACK
6
CONTINUOUS
10
170.85
20
-123.698
11
170.8
21
-123.705
0
LINE
8
BLACK
6
CONTINUOUS
10
170.8
20
-123.705
11
159.187
21
-123.705
0
LINE
8
BLACK
6
CONTINUOUS
10
159.187
20
-123.705
11
159.11
21
-123.779
0
LINE
8
BLACK
6
CONTINUOUS
10
159.11
20
-123.779
11
158.972
21
-123.861
0
LINE
8
BLACK
6
CONTINUOUS
10
158.972
20
-123.861
11
158.82
21
-123.91
0
LINE
8
BLACK
6
CONTINUOUS
10
158.82
20
-123.91
11
158.66
21
-123.925
0
LINE
8
BLACK
6
CONTINUOUS
10
158.66
20
-123.925
11
158.501
21
-123.904
0
LINE
8
BLACK
6
CONTINUOUS
10
158.501
20
-123.904
11
158.35
21
-123.848
0
LINE
8
BLACK
6
CONTINUOUS
10
158.35
20
-123.848
11
158.216
21
-123.76
0
LINE
8
BLACK
6
CONTINUOUS
10
158.216
20
-123.76
11
158.105
21
-123.644
0
LINE
8
BLACK
6
CONTINUOUS
10
158.105
20
-123.644
11
158.021
21
-123.507
0
LINE
8
BLACK
6
CONTINUOUS
10
158.021
20
-123.507
11
157.971
21
-123.355
0
LINE
8
BLACK
6
CONTINUOUS
10
157.971
20
-123.355
11
157.955
21
-123.195
0
LINE
8
BLACK
6
CONTINUOUS
10
157.955
20
-123.195
11
157.975
21
-123.036
0
LINE
8
BLACK
6
CONTINUOUS
10
157.975
20
-123.036
11
158.03
21
-122.885
0
LINE
8
BLACK
6
CONTINUOUS
10
158.03
20
-122.885
11
158.117
21
-122.75
0
LINE
8
BLACK
6
CONTINUOUS
10
158.117
20
-122.75
11
158.232
21
-122.638
0
LINE
8
BLACK
6
CONTINUOUS
10
158.232
20
-122.638
11
158.368
21
-122.554
0
LINE
8
BLACK
6
CONTINUOUS
10
158.368
20
-122.554
11
158.52
21
-122.502
0
LINE
8
BLACK
6
CONTINUOUS
10
158.52
20
-122.502
11
158.68
21
-122.485
0
LINE
8
BLACK
6
CONTINUOUS
10
158.68
20
-122.485
11
158.839
21
-122.504
0
LINE
8
BLACK
6
CONTINUOUS
10
158.839
20
-122.504
11
158.991
21
-122.558
0
LINE
8
BLACK
6
CONTINUOUS
10
158.991
20
-122.558
11
159.126
21
-122.644
0
LINE
8
BLACK
6
CONTINUOUS
10
159.126
20
-122.644
11
159.187
21
-122.705
0
LINE
8
BLACK
6
CONTINUOUS
10
159.187
20
-122.705
11
170.593
21
-122.705
0
LINE
8
BLACK
6
CONTINUOUS
10
170.593
20
-122.705
11
172.22
21
-121.078
0
LINE
8
BLACK
6
CONTINUOUS
10
172.22
20
-121.078
11
172.22
21
-106.887
0
LINE
8
BLACK
6
CONTINUOUS
10
172.22
20
-106.887
11
171.398
21
-106.065
0
LINE
8
BLACK
6
CONTINUOUS
10
171.398
20
-106.065
11
168.815
21
-106.065
0
LINE
8
BLACK
6
CONTINUOUS
10
168.815
20
-106.065
11
168.798
21
-106.094
0
LINE
8
BLACK
6
CONTINUOUS
10
168.798
20
-106.094
11
168.672
21
-106.234
0
LINE
8
BLACK
6
CONTINUOUS
10
168.672
20
-106.234
11
168.52
21
-106.344
0
LINE
8
BLACK
6
CONTINUOUS
10
168.52
20
-106.344
11
168.348
21
-106.421
0
LINE
8
BLACK
6
CONTINUOUS
10
168.348
20
-106.421
11
168.164
21
-106.46
0
LINE
8
BLACK
6
CONTINUOUS
10
168.164
20
-106.46
11
167.976
21
-106.46
0
LINE
8
BLACK
6
CONTINUOUS
10
167.976
20
-106.46
11
167.792
21
-106.421
0
LINE
8
BLACK
6
CONTINUOUS
10
167.792
20
-106.421
11
167.62
21
-106.344
0
LINE
8
BLACK
6
CONTINUOUS
10
167.62
20
-106.344
11
167.468
21
-106.234
0
LINE
8
BLACK
6
CONTINUOUS
10
167.468
20
-106.234
11
167.342
21
-106.094
0
LINE
8
BLACK
6
CONTINUOUS
10
167.342
20
-106.094
11
167.248
21
-105.931
0
LINE
8
BLACK
6
CONTINUOUS
10
167.248
20
-105.931
11
167.19
21
-105.752
0
LINE
8
BLACK
6
CONTINUOUS
10
167.19
20
-105.752
11
167.17
21
-105.565
0
LINE
8
BLACK
6
CONTINUOUS
10
167.17
20
-105.565
11
167.19
21
-105.378
0
LINE
8
BLACK
6
CONTINUOUS
10
167.19
20
-105.378
11
167.248
21
-105.199
0
LINE
8
BLACK
6
CONTINUOUS
10
167.248
20
-105.199
11
167.342
21
-105.036
0
LINE
8
BLACK
6
CONTINUOUS
10
167.342
20
-105.036
11
167.468
21
-104.896
0
LINE
8
BLACK
6
CONTINUOUS
10
167.468
20
-104.896
11
167.62
21
-104.786
0
LINE
8
BLACK
6
CONTINUOUS
10
167.62
20
-104.786
11
167.792
21
-104.709
0
LINE
8
BLACK
6
CONTINUOUS
10
167.792
20
-104.709
11
167.976
21
-104.67
0
LINE
8
BLACK
6
CONTINUOUS
10
167.976
20
-104.67
11
168.164
21
-104.67
0
LINE
8
BLACK
6
CONTINUOUS
10
168.164
20
-104.67
11
168.348
21
-104.709
0
LINE
8
BLACK
6
CONTINUOUS
10
164.648
20
-115.426
11
164.816
21
-115.486
0
LINE
8
BLACK
6
CONTINUOUS
10
164.816
20
-115.486
11
164.966
21
-115.582
0
LINE
8
BLACK
6
CONTINUOUS
10
164.966
20
-115.582
11
165.092
21
-115.708
0
LINE
8
BLACK
6
CONTINUOUS
10
165.092
20
-115.708
11
165.186
21
-115.859
0
LINE
8
BLACK
6
CONTINUOUS
10
165.186
20
-115.859
11
165.245
21
-116.028
0
LINE
8
BLACK
6
CONTINUOUS
10
165.245
20
-116.028
11
165.265
21
-116.205
0
LINE
8
BLACK
6
CONTINUOUS
10
165.265
20
-116.205
11
165.265
21
-116.227
0
LINE
8
BLACK
6
CONTINUOUS
10
165.265
20
-116.227
11
165.24
21
-116.404
0
LINE
8
BLACK
6
CONTINUOUS
10
165.24
20
-116.404
11
165.177
21
-116.571
0
LINE
8
BLACK
6
CONTINUOUS
10
165.177
20
-116.571
11
165.078
21
-116.719
0
LINE
8
BLACK
6
CONTINUOUS
10
165.078
20
-116.719
11
164.949
21
-116.842
0
LINE
8
BLACK
6
CONTINUOUS
10
164.949
20
-116.842
11
164.795
21
-116.934
0
LINE
8
BLACK
6
CONTINUOUS
10
164.795
20
-116.934
11
164.626
21
-116.989
0
LINE
8
BLACK
6
CONTINUOUS
10
164.626
20
-116.989
11
164.448
21
-117.005
0
LINE
8
BLACK
6
CONTINUOUS
10
164.448
20
-117.005
11
164.271
21
-116.981
0
LINE
8
BLACK
6
CONTINUOUS
10
164.271
20
-116.981
11
164.104
21
-116.919
0
LINE
8
BLACK
6
CONTINUOUS
10
164.104
20
-116.919
11
163.955
21
-116.821
0
LINE
8
BLACK
6
CONTINUOUS
10
163.955
20
-116.821
11
163.843
21
-116.705
0
LINE
8
BLACK
6
CONTINUOUS
10
163.843
20
-116.705
11
160.227
21
-116.705
0
LINE
8
BLACK
6
CONTINUOUS
10
160.227
20
-116.705
11
159.175
21
-117.757
0
LINE
8
BLACK
6
CONTINUOUS
10
159.175
20
-117.757
11
159.175
21
-120.153
0
LINE
8
BLACK
6
CONTINUOUS
10
159.175
20
-120.153
11
159.239
21
-120.218
0
LINE
8
BLACK
6
CONTINUOUS
10
159.239
20
-120.218
11
159.324
21
-120.354
0
LINE
8
BLACK
6
CONTINUOUS
10
159.324
20
-120.354
11
159.377
21
-120.505
0
LINE
8
BLACK
6
CONTINUOUS
10
159.377
20
-120.505
11
159.395
21
-120.665
0
LINE
8
BLACK
6
CONTINUOUS
10
159.395
20
-120.665
11
159.395
21
-120.685
0
LINE
8
BLACK
6
CONTINUOUS
10
159.395
20
-120.685
11
159.372
21
-120.844
0
LINE
8
BLACK
6
CONTINUOUS
10
159.372
20
-120.844
11
159.315
21
-120.994
0
LINE
8
BLACK
6
CONTINUOUS
10
159.315
20
-120.994
11
159.227
21
-121.128
0
LINE
8
BLACK
6
CONTINUOUS
10
159.227
20
-121.128
11
159.11
21
-121.239
0
LINE
8
BLACK
6
CONTINUOUS
10
159.11
20
-121.239
11
158.972
21
-121.321
0
LINE
8
BLACK
6
CONTINUOUS
10
158.972
20
-121.321
11
158.82
21
-121.37
0
LINE
8
BLACK
6
CONTINUOUS
10
158.82
20
-121.37
11
158.66
21
-121.385
0
LINE
8
BLACK
6
CONTINUOUS
10
158.66
20
-121.385
11
158.501
21
-121.364
0
LINE
8
BLACK
6
CONTINUOUS
10
158.501
20
-121.364
11
158.35
21
-121.308
0
LINE
8
BLACK
6
CONTINUOUS
10
158.35
20
-121.308
11
158.216
21
-121.22
0
LINE
8
BLACK
6
CONTINUOUS
10
158.216
20
-121.22
11
158.105
21
-121.104
0
LINE
8
BLACK
6
CONTINUOUS
10
158.105
20
-121.104
11
158.021
21
-120.967
0
LINE
8
BLACK
6
CONTINUOUS
10
158.021
20
-120.967
11
157.971
21
-120.815
0
LINE
8
BLACK
6
CONTINUOUS
10
157.971
20
-120.815
11
157.955
21
-120.655
0
LINE
8
BLACK
6
CONTINUOUS
10
157.955
20
-120.655
11
157.975
21
-120.496
0
LINE
8
BLACK
6
CONTINUOUS
10
157.975
20
-120.496
11
158.03
21
-120.345
0
LINE
8
BLACK
6
CONTINUOUS
10
158.03
20
-120.345
11
158.117
21
-120.21
0
LINE
8
BLACK
6
CONTINUOUS
10
158.117
20
-120.21
11
158.175
21
-120.153
0
LINE
8
BLACK
6
CONTINUOUS
10
158.175
20
-120.153
11
158.175
21
-117.55
0
LINE
8
BLACK
6
CONTINUOUS
10
158.175
20
-117.55
11
158.175
21
-117.544
0
LINE
8
BLACK
6
CONTINUOUS
10
158.175
20
-117.544
11
158.183
21
-117.493
0
LINE
8
BLACK
6
CONTINUOUS
10
158.183
20
-117.493
11
158.187
21
-117.443
0
LINE
8
BLACK
6
CONTINUOUS
10
158.187
20
-117.443
11
158.194
21
-117.424
0
LINE
8
BLACK
6
CONTINUOUS
10
158.194
20
-117.424
11
158.197
21
-117.404
0
LINE
8
BLACK
6
CONTINUOUS
10
158.197
20
-117.404
11
158.219
21
-117.358
0
LINE
8
BLACK
6
CONTINUOUS
10
158.219
20
-117.358
11
158.236
21
-117.31
0
LINE
8
BLACK
6
CONTINUOUS
10
158.236
20
-117.31
11
158.249
21
-117.294
0
LINE
8
BLACK
6
CONTINUOUS
10
158.249
20
-117.294
11
158.257
21
-117.275
0
LINE
8
BLACK
6
CONTINUOUS
10
158.257
20
-117.275
11
158.291
21
-117.237
0
LINE
8
BLACK
6
CONTINUOUS
10
158.291
20
-117.237
11
158.321
21
-117.196
0
LINE
8
BLACK
6
CONTINUOUS
10
158.321
20
-117.196
11
159.666
21
-115.851
0
LINE
8
BLACK
6
CONTINUOUS
10
159.666
20
-115.851
11
159.671
21
-115.847
0
LINE
8
BLACK
6
CONTINUOUS
10
159.671
20
-115.847
11
159.712
21
-115.817
0
LINE
8
BLACK
6
CONTINUOUS
10
159.712
20
-115.817
11
159.751
21
-115.784
0
LINE
8
BLACK
6
CONTINUOUS
10
159.751
20
-115.784
11
159.769
21
-115.775
0
LINE
8
BLACK
6
CONTINUOUS
10
159.769
20
-115.775
11
159.785
21
-115.764
0
LINE
8
BLACK
6
CONTINUOUS
10
159.785
20
-115.764
11
159.833
21
-115.746
0
LINE
8
BLACK
6
CONTINUOUS
10
159.833
20
-115.746
11
159.88
21
-115.725
0
LINE
8
BLACK
6
CONTINUOUS
10
159.88
20
-115.725
11
159.9
21
-115.722
0
LINE
8
BLACK
6
CONTINUOUS
10
159.9
20
-115.722
11
159.919
21
-115.715
0
LINE
8
BLACK
6
CONTINUOUS
10
159.919
20
-115.715
11
159.97
21
-115.712
0
LINE
8
BLACK
6
CONTINUOUS
10
159.97
20
-115.712
11
160.02
21
-115.705
0
LINE
8
BLACK
6
CONTINUOUS
10
160.02
20
-115.705
11
163.841
21
-115.705
0
LINE
8
BLACK
6
CONTINUOUS
10
163.841
20
-115.705
11
163.845
21
-115.699
0
LINE
8
BLACK
6
CONTINUOUS
10
163.845
20
-115.699
11
163.972
21
-115.575
0
LINE
8
BLACK
6
CONTINUOUS
10
163.972
20
-115.575
11
164.124
21
-115.481
0
LINE
8
BLACK
6
CONTINUOUS
10
164.124
20
-115.481
11
164.293
21
-115.424
0
LINE
8
BLACK
6
CONTINUOUS
10
164.293
20
-115.424
11
164.471
21
-115.405
0
LINE
8
BLACK
6
CONTINUOUS
10
164.471
20
-115.405
11
164.648
21
-115.426
0
LINE
8
BLACK
6
CONTINUOUS
10
144.328
20
-108.441
11
144.496
21
-108.501
0
LINE
8
BLACK
6
CONTINUOUS
10
144.496
20
-108.501
11
144.646
21
-108.597
0
LINE
8
BLACK
6
CONTINUOUS
10
144.646
20
-108.597
11
144.769
21
-108.72
0
LINE
8
BLACK
6
CONTINUOUS
10
144.769
20
-108.72
11
162.07
21
-108.72
0
LINE
8
BLACK
6
CONTINUOUS
10
162.07
20
-108.72
11
162.07
21
-108.465
0
LINE
8
BLACK
6
CONTINUOUS
10
162.07
20
-108.465
11
163.87
21
-108.465
0
LINE
8
BLACK
6
CONTINUOUS
10
163.87
20
-108.465
11
163.87
21
-110.265
0
LINE
8
BLACK
6
CONTINUOUS
10
163.87
20
-110.265
11
162.07
21
-110.265
0
LINE
8
BLACK
6
CONTINUOUS
10
162.07
20
-110.265
11
162.07
21
-109.72
0
LINE
8
BLACK
6
CONTINUOUS
10
162.07
20
-109.72
11
144.767
21
-109.72
0
LINE
8
BLACK
6
CONTINUOUS
10
144.767
20
-109.72
11
144.758
21
-109.734
0
LINE
8
BLACK
6
CONTINUOUS
10
144.758
20
-109.734
11
144.645
21
-109.842
0
LINE
8
BLACK
6
CONTINUOUS
10
144.645
20
-109.842
11
144.645
21
-111.76
0
LINE
8
BLACK
6
CONTINUOUS
10
144.645
20
-111.76
11
144.645
21
-111.766
0
LINE
8
BLACK
6
CONTINUOUS
10
144.645
20
-111.766
11
144.637
21
-111.817
0
LINE
8
BLACK
6
CONTINUOUS
10
144.637
20
-111.817
11
144.633
21
-111.867
0
LINE
8
BLACK
6
CONTINUOUS
10
144.633
20
-111.867
11
144.626
21
-111.886
0
LINE
8
BLACK
6
CONTINUOUS
10
144.626
20
-111.886
11
144.623
21
-111.906
0
LINE
8
BLACK
6
CONTINUOUS
10
144.623
20
-111.906
11
144.601
21
-111.952
0
LINE
8
BLACK
6
CONTINUOUS
10
144.601
20
-111.952
11
144.584
21
-112
0
LINE
8
BLACK
6
CONTINUOUS
10
144.584
20
-112
11
144.571
21
-112.016
0
LINE
8
BLACK
6
CONTINUOUS
10
144.571
20
-112.016
11
144.563
21
-112.035
0
LINE
8
BLACK
6
CONTINUOUS
10
144.563
20
-112.035
11
144.529
21
-112.073
0
LINE
8
BLACK
6
CONTINUOUS
10
144.529
20
-112.073
11
144.499
21
-112.114
0
LINE
8
BLACK
6
CONTINUOUS
10
144.499
20
-112.114
11
142.105
21
-114.507
0
LINE
8
BLACK
6
CONTINUOUS
10
142.105
20
-114.507
11
142.105
21
-115.479
0
LINE
8
BLACK
6
CONTINUOUS
10
142.105
20
-115.479
11
142.805
21
-115.479
0
LINE
8
BLACK
6
CONTINUOUS
10
142.805
20
-115.479
11
142.805
21
-117.879
0
LINE
8
BLACK
6
CONTINUOUS
10
142.805
20
-117.879
11
140.405
21
-117.879
0
LINE
8
BLACK
6
CONTINUOUS
10
140.405
20
-117.879
11
140.405
21
-116.186
0
LINE
8
BLACK
6
CONTINUOUS
10
140.405
20
-116.186
11
136.272
21
-112.053
0
LINE
8
BLACK
6
CONTINUOUS
10
136.272
20
-112.053
11
134.918
21
-112.053
0
LINE
8
BLACK
6
CONTINUOUS
10
134.918
20
-112.053
11
134.918
21
-112.653
0
LINE
8
BLACK
6
CONTINUOUS
10
134.918
20
-112.653
11
132.718
21
-112.653
0
LINE
8
BLACK
6
CONTINUOUS
10
132.718
20
-112.653
11
132.718
21
-110.453
0
LINE
8
BLACK
6
CONTINUOUS
10
132.718
20
-110.453
11
134.918
21
-110.453
0
LINE
8
BLACK
6
CONTINUOUS
10
134.918
20
-110.453
11
134.918
21
-111.053
0
LINE
8
BLACK
6
CONTINUOUS
10
134.918
20
-111.053
11
136.479
21
-111.053
0
LINE
8
BLACK
6
CONTINUOUS
10
136.479
20
-111.053
11
136.485
21
-111.053
0
LINE
8
BLACK
6
CONTINUOUS
10
136.485
20
-111.053
11
136.536
21
-111.061
0
LINE
8
BLACK
6
CONTINUOUS
10
136.536
20
-111.061
11
136.586
21
-111.065
0
LINE
8
BLACK
6
CONTINUOUS
10
136.586
20
-111.065
11
136.605
21
-111.072
0
LINE
8
BLACK
6
CONTINUOUS
10
136.605
20
-111.072
11
136.625
21
-111.075
0
LINE
8
BLACK
6
CONTINUOUS
10
136.625
20
-111.075
11
136.671
21
-111.097
0
LINE
8
BLACK
6
CONTINUOUS
10
136.671
20
-111.097
11
136.719
21
-111.114
0
LINE
8
BLACK
6
CONTINUOUS
10
136.719
20
-111.114
11
136.735
21
-111.127
0
LINE
8
BLACK
6
CONTINUOUS
10
136.735
20
-111.127
11
136.754
21
-111.135
0
LINE
8
BLACK
6
CONTINUOUS
10
136.754
20
-111.135
11
136.792
21
-111.169
0
LINE
8
BLACK
6
CONTINUOUS
10
136.792
20
-111.169
11
136.833
21
-111.2
0
LINE
8
BLACK
6
CONTINUOUS
10
136.833
20
-111.2
11
141.105
21
-115.472
0
LINE
8
BLACK
6
CONTINUOUS
10
141.105
20
-115.472
11
141.105
21
-114.3
0
LINE
8
BLACK
6
CONTINUOUS
10
141.105
20
-114.3
11
141.105
21
-114.294
0
LINE
8
BLACK
6
CONTINUOUS
10
141.105
20
-114.294
11
141.113
21
-114.243
0
LINE
8
BLACK
6
CONTINUOUS
10
141.113
20
-114.243
11
141.117
21
-114.193
0
LINE
8
BLACK
6
CONTINUOUS
10
141.117
20
-114.193
11
141.124
21
-114.174
0
LINE
8
BLACK
6
CONTINUOUS
10
141.124
20
-114.174
11
141.127
21
-114.154
0
LINE
8
BLACK
6
CONTINUOUS
10
141.127
20
-114.154
11
141.149
21
-114.108
0
LINE
8
BLACK
6
CONTINUOUS
10
141.149
20
-114.108
11
141.166
21
-114.06
0
LINE
8
BLACK
6
CONTINUOUS
10
141.166
20
-114.06
11
141.179
21
-114.044
0
LINE
8
BLACK
6
CONTINUOUS
10
141.179
20
-114.044
11
141.187
21
-114.025
0
LINE
8
BLACK
6
CONTINUOUS
10
141.187
20
-114.025
11
141.221
21
-113.987
0
LINE
8
BLACK
6
CONTINUOUS
10
141.221
20
-113.987
11
141.251
21
-113.946
0
LINE
8
BLACK
6
CONTINUOUS
10
141.251
20
-113.946
11
143.645
21
-111.553
0
LINE
8
BLACK
6
CONTINUOUS
10
143.645
20
-111.553
11
143.645
21
-109.843
0
LINE
8
BLACK
6
CONTINUOUS
10
143.645
20
-109.843
11
143.635
21
-109.836
0
LINE
8
BLACK
6
CONTINUOUS
10
143.635
20
-109.836
11
143.511
21
-109.708
0
LINE
8
BLACK
6
CONTINUOUS
10
143.511
20
-109.708
11
143.419
21
-109.556
0
LINE
8
BLACK
6
CONTINUOUS
10
143.419
20
-109.556
11
143.362
21
-109.386
0
LINE
8
BLACK
6
CONTINUOUS
10
143.362
20
-109.386
11
143.345
21
-109.209
0
LINE
8
BLACK
6
CONTINUOUS
10
143.345
20
-109.209
11
143.367
21
-109.032
0
LINE
8
BLACK
6
CONTINUOUS
10
143.367
20
-109.032
11
143.428
21
-108.864
0
LINE
8
BLACK
6
CONTINUOUS
10
143.428
20
-108.864
11
143.525
21
-108.714
0
LINE
8
BLACK
6
CONTINUOUS
10
143.525
20
-108.714
11
143.652
21
-108.59
0
LINE
8
BLACK
6
CONTINUOUS
10
143.652
20
-108.59
11
143.804
21
-108.496
0
LINE
8
BLACK
6
CONTINUOUS
10
143.804
20
-108.496
11
143.973
21
-108.439
0
LINE
8
BLACK
6
CONTINUOUS
10
143.973
20
-108.439
11
144.151
21
-108.42
0
LINE
8
BLACK
6
CONTINUOUS
10
144.151
20
-108.42
11
144.328
21
-108.441
0
LINE
8
BLACK
6
CONTINUOUS
10
197.806
20
-95.3185
11
197.842
21
-95.3261
0
LINE
8
BLACK
6
CONTINUOUS
10
197.842
20
-95.3261
11
197.879
21
-95.3289
0
LINE
8
BLACK
6
CONTINUOUS
10
197.879
20
-95.3289
11
197.941
21
-95.3467
0
LINE
8
BLACK
6
CONTINUOUS
10
197.941
20
-95.3467
11
198.004
21
-95.3599
0
LINE
8
BLACK
6
CONTINUOUS
10
198.004
20
-95.3599
11
198.038
21
-95.3745
0
LINE
8
BLACK
6
CONTINUOUS
10
198.038
20
-95.3745
11
198.073
21
-95.3846
0
LINE
8
BLACK
6
CONTINUOUS
10
198.073
20
-95.3846
11
198.13
21
-95.4145
0
LINE
8
BLACK
6
CONTINUOUS
10
198.13
20
-95.4145
11
198.189
21
-95.4401
0
LINE
8
BLACK
6
CONTINUOUS
10
198.189
20
-95.4401
11
198.22
21
-95.4612
0
LINE
8
BLACK
6
CONTINUOUS
10
198.22
20
-95.4612
11
198.252
21
-95.4782
0
LINE
8
BLACK
6
CONTINUOUS
10
198.252
20
-95.4782
11
198.302
21
-95.519
0
LINE
8
BLACK
6
CONTINUOUS
10
198.302
20
-95.519
11
198.355
21
-95.5561
0
LINE
8
BLACK
6
CONTINUOUS
10
198.355
20
-95.5561
11
198.38
21
-95.5828
0
LINE
8
BLACK
6
CONTINUOUS
10
198.38
20
-95.5828
11
198.409
21
-95.606
0
LINE
8
BLACK
6
CONTINUOUS
10
198.409
20
-95.606
11
200.663
21
-97.86
0
LINE
8
BLACK
6
CONTINUOUS
10
200.663
20
-97.86
11
201.649
21
-97.86
0
LINE
8
BLACK
6
CONTINUOUS
10
201.649
20
-97.86
11
201.649
21
-100.26
0
LINE
8
BLACK
6
CONTINUOUS
10
201.649
20
-100.26
11
201.449
21
-100.26
0
LINE
8
BLACK
6
CONTINUOUS
10
201.449
20
-100.26
11
201.449
21
-104.149
0
LINE
8
BLACK
6
CONTINUOUS
10
201.449
20
-104.149
11
202.967
21
-105.668
0
LINE
8
BLACK
6
CONTINUOUS
10
202.967
20
-105.668
11
203.037
21
-105.746
0
LINE
8
BLACK
6
CONTINUOUS
10
203.037
20
-105.746
11
203.057
21
-105.776
0
LINE
8
BLACK
6
CONTINUOUS
10
203.057
20
-105.776
11
203.081
21
-105.804
0
LINE
8
BLACK
6
CONTINUOUS
10
203.081
20
-105.804
11
203.112
21
-105.861
0
LINE
8
BLACK
6
CONTINUOUS
10
203.112
20
-105.861
11
203.148
21
-105.915
0
LINE
8
BLACK
6
CONTINUOUS
10
203.148
20
-105.915
11
203.161
21
-105.949
0
LINE
8
BLACK
6
CONTINUOUS
10
203.161
20
-105.949
11
203.179
21
-105.981
0
LINE
8
BLACK
6
CONTINUOUS
10
203.179
20
-105.981
11
203.198
21
-106.043
0
LINE
8
BLACK
6
CONTINUOUS
10
203.198
20
-106.043
11
203.222
21
-106.103
0
LINE
8
BLACK
6
CONTINUOUS
10
203.222
20
-106.103
11
203.229
21
-106.139
0
LINE
8
BLACK
6
CONTINUOUS
10
203.229
20
-106.139
11
203.24
21
-106.174
0
LINE
8
BLACK
6
CONTINUOUS
10
203.24
20
-106.174
11
203.246
21
-106.238
0
LINE
8
BLACK
6
CONTINUOUS
10
203.246
20
-106.238
11
203.257
21
-106.302
0
LINE
8
BLACK
6
CONTINUOUS
10
203.257
20
-106.302
11
203.256
21
-106.338
0
LINE
8
BLACK
6
CONTINUOUS
10
203.256
20
-106.338
11
203.26
21
-106.375
0
LINE
8
BLACK
6
CONTINUOUS
10
203.26
20
-106.375
11
203.26
21
-109.185
0
LINE
8
BLACK
6
CONTINUOUS
10
203.26
20
-109.185
11
203.56
21
-109.185
0
LINE
8
BLACK
6
CONTINUOUS
10
203.56
20
-109.185
11
203.56
21
-111.785
0
LINE
8
BLACK
6
CONTINUOUS
10
203.56
20
-111.785
11
200.96
21
-111.785
0
LINE
8
BLACK
6
CONTINUOUS
10
200.96
20
-111.785
11
200.96
21
-111.323
0
LINE
8
BLACK
6
CONTINUOUS
10
200.96
20
-111.323
11
195.178
21
-111.323
0
LINE
8
BLACK
6
CONTINUOUS
10
195.178
20
-111.323
11
195.073
21
-111.318
0
LINE
8
BLACK
6
CONTINUOUS
10
195.073
20
-111.318
11
195.038
21
-111.31
0
LINE
8
BLACK
6
CONTINUOUS
10
195.038
20
-111.31
11
195.001
21
-111.307
0
LINE
8
BLACK
6
CONTINUOUS
10
195.001
20
-111.307
11
194.939
21
-111.289
0
LINE
8
BLACK
6
CONTINUOUS
10
194.939
20
-111.289
11
194.908
21
-111.283
0
LINE
8
BLACK
6
CONTINUOUS
10
194.908
20
-111.283
11
191.368
21
-111.283
0
LINE
8
BLACK
6
CONTINUOUS
10
191.368
20
-111.283
11
191.263
21
-111.278
0
LINE
8
BLACK
6
CONTINUOUS
10
191.263
20
-111.278
11
191.066
21
-111.236
0
LINE
8
BLACK
6
CONTINUOUS
10
191.066
20
-111.236
11
190.88
21
-111.156
0
LINE
8
BLACK
6
CONTINUOUS
10
190.88
20
-111.156
11
190.715
21
-111.04
0
LINE
8
BLACK
6
CONTINUOUS
10
190.715
20
-111.04
11
190.576
21
-110.893
0
LINE
8
BLACK
6
CONTINUOUS
10
190.576
20
-110.893
11
190.469
21
-110.721
0
LINE
8
BLACK
6
CONTINUOUS
10
190.469
20
-110.721
11
190.399
21
-110.532
0
LINE
8
BLACK
6
CONTINUOUS
10
190.399
20
-110.532
11
190.369
21
-110.332
0
LINE
8
BLACK
6
CONTINUOUS
10
190.369
20
-110.332
11
190.38
21
-110.13
0
LINE
8
BLACK
6
CONTINUOUS
10
190.38
20
-110.13
11
190.431
21
-109.934
0
LINE
8
BLACK
6
CONTINUOUS
10
190.431
20
-109.934
11
190.52
21
-109.753
0
LINE
8
BLACK
6
CONTINUOUS
10
190.52
20
-109.753
11
190.644
21
-109.593
0
LINE
8
BLACK
6
CONTINUOUS
10
190.644
20
-109.593
11
190.797
21
-109.462
0
LINE
8
BLACK
6
CONTINUOUS
10
190.797
20
-109.462
11
190.974
21
-109.364
0
LINE
8
BLACK
6
CONTINUOUS
10
190.974
20
-109.364
11
191.167
21
-109.303
0
LINE
8
BLACK
6
CONTINUOUS
10
191.167
20
-109.303
11
191.368
21
-109.283
0
LINE
8
BLACK
6
CONTINUOUS
10
191.368
20
-109.283
11
195.138
21
-109.283
0
LINE
8
BLACK
6
CONTINUOUS
10
195.138
20
-109.283
11
195.243
21
-109.289
0
LINE
8
BLACK
6
CONTINUOUS
10
195.243
20
-109.289
11
195.278
21
-109.296
0
LINE
8
BLACK
6
CONTINUOUS
10
195.278
20
-109.296
11
195.315
21
-109.299
0
LINE
8
BLACK
6
CONTINUOUS
10
195.315
20
-109.299
11
195.377
21
-109.317
0
LINE
8
BLACK
6
CONTINUOUS
10
195.377
20
-109.317
11
195.408
21
-109.323
0
LINE
8
BLACK
6
CONTINUOUS
10
195.408
20
-109.323
11
200.96
21
-109.323
0
LINE
8
BLACK
6
CONTINUOUS
10
200.96
20
-109.323
11
200.96
21
-109.185
0
LINE
8
BLACK
6
CONTINUOUS
10
200.96
20
-109.185
11
201.26
21
-109.185
0
LINE
8
BLACK
6
CONTINUOUS
10
201.26
20
-109.185
11
201.26
21
-106.789
0
LINE
8
BLACK
6
CONTINUOUS
10
201.26
20
-106.789
11
199.741
21
-105.271
0
LINE
8
BLACK
6
CONTINUOUS
10
199.741
20
-105.271
11
199.671
21
-105.193
0
LINE
8
BLACK
6
CONTINUOUS
10
199.671
20
-105.193
11
199.651
21
-105.162
0
LINE
8
BLACK
6
CONTINUOUS
10
199.651
20
-105.162
11
199.627
21
-105.134
0
LINE
8
BLACK
6
CONTINUOUS
10
199.627
20
-105.134
11
199.596
21
-105.078
0
LINE
8
BLACK
6
CONTINUOUS
10
199.596
20
-105.078
11
199.561
21
-105.024
0
LINE
8
BLACK
6
CONTINUOUS
10
199.561
20
-105.024
11
199.547
21
-104.99
0
LINE
8
BLACK
6
CONTINUOUS
10
199.547
20
-104.99
11
199.529
21
-104.957
0
LINE
8
BLACK
6
CONTINUOUS
10
199.529
20
-104.957
11
199.51
21
-104.896
0
LINE
8
BLACK
6
CONTINUOUS
10
199.51
20
-104.896
11
199.486
21
-104.836
0
LINE
8
BLACK
6
CONTINUOUS
10
199.486
20
-104.836
11
199.48
21
-104.8
0
LINE
8
BLACK
6
CONTINUOUS
10
199.48
20
-104.8
11
199.469
21
-104.765
0
LINE
8
BLACK
6
CONTINUOUS
10
199.469
20
-104.765
11
199.462
21
-104.7
0
LINE
8
BLACK
6
CONTINUOUS
10
199.462
20
-104.7
11
199.451
21
-104.637
0
LINE
8
BLACK
6
CONTINUOUS
10
199.451
20
-104.637
11
199.452
21
-104.6
0
LINE
8
BLACK
6
CONTINUOUS
10
199.452
20
-104.6
11
199.449
21
-104.564
0
LINE
8
BLACK
6
CONTINUOUS
10
199.449
20
-104.564
11
199.449
21
-100.26
0
LINE
8
BLACK
6
CONTINUOUS
10
199.449
20
-100.26
11
199.249
21
-100.26
0
LINE
8
BLACK
6
CONTINUOUS
10
199.249
20
-100.26
11
199.249
21
-99.2742
0
LINE
8
BLACK
6
CONTINUOUS
10
199.249
20
-99.2742
11
197.287
21
-97.3131
0
LINE
8
BLACK
6
CONTINUOUS
10
197.287
20
-97.3131
11
193.77
21
-97.3131
0
LINE
8
BLACK
6
CONTINUOUS
10
193.77
20
-97.3131
11
193.756
21
-97.3123
0
LINE
8
BLACK
6
CONTINUOUS
10
193.756
20
-97.3123
11
193.749
21
-97.3129
0
LINE
8
BLACK
6
CONTINUOUS
10
193.749
20
-97.3129
11
193.736
21
-97.3113
0
LINE
8
BLACK
6
CONTINUOUS
10
193.736
20
-97.3113
11
193.665
21
-97.3076
0
LINE
8
BLACK
6
CONTINUOUS
10
193.665
20
-97.3076
11
193.613
21
-97.2966
0
LINE
8
BLACK
6
CONTINUOUS
10
193.613
20
-97.2966
11
193.555
21
-97.2897
0
LINE
8
BLACK
6
CONTINUOUS
10
193.555
20
-97.2897
11
193.511
21
-97.2753
0
LINE
8
BLACK
6
CONTINUOUS
10
193.511
20
-97.2753
11
193.468
21
-97.2663
0
LINE
8
BLACK
6
CONTINUOUS
10
193.468
20
-97.2663
11
193.421
21
-97.2462
0
LINE
8
BLACK
6
CONTINUOUS
10
193.421
20
-97.2462
11
193.37
21
-97.2294
0
LINE
8
BLACK
6
CONTINUOUS
10
193.37
20
-97.2294
11
193.325
21
-97.2047
0
LINE
8
BLACK
6
CONTINUOUS
10
193.325
20
-97.2047
11
193.282
21
-97.186
0
LINE
8
BLACK
6
CONTINUOUS
10
193.282
20
-97.186
11
193.243
21
-97.1589
0
LINE
8
BLACK
6
CONTINUOUS
10
193.243
20
-97.1589
11
193.199
21
-97.1342
0
LINE
8
BLACK
6
CONTINUOUS
10
193.199
20
-97.1342
11
193.158
21
-97.099
0
LINE
8
BLACK
6
CONTINUOUS
10
193.158
20
-97.099
11
193.117
21
-97.0701
0
LINE
8
BLACK
6
CONTINUOUS
10
193.117
20
-97.0701
11
193.086
21
-97.0381
0
LINE
8
BLACK
6
CONTINUOUS
10
193.086
20
-97.0381
11
193.051
21
-97.0077
0
LINE
8
BLACK
6
CONTINUOUS
10
193.051
20
-97.0077
11
193.015
21
-96.9622
0
LINE
8
BLACK
6
CONTINUOUS
10
193.015
20
-96.9622
11
192.978
21
-96.9232
0
LINE
8
BLACK
6
CONTINUOUS
10
192.978
20
-96.9232
11
192.956
21
-96.8886
0
LINE
8
BLACK
6
CONTINUOUS
10
192.956
20
-96.8886
11
192.929
21
-96.8548
0
LINE
8
BLACK
6
CONTINUOUS
10
192.929
20
-96.8548
11
192.901
21
-96.7997
0
LINE
8
BLACK
6
CONTINUOUS
10
192.901
20
-96.7997
11
192.871
21
-96.7514
0
LINE
8
BLACK
6
CONTINUOUS
10
192.871
20
-96.7514
11
192.858
21
-96.7164
0
LINE
8
BLACK
6
CONTINUOUS
10
192.858
20
-96.7164
11
192.84
21
-96.6812
0
LINE
8
BLACK
6
CONTINUOUS
10
192.84
20
-96.6812
11
192.822
21
-96.6179
0
LINE
8
BLACK
6
CONTINUOUS
10
192.822
20
-96.6179
11
192.801
21
-96.5618
0
LINE
8
BLACK
6
CONTINUOUS
10
192.801
20
-96.5618
11
192.796
21
-96.5281
0
LINE
8
BLACK
6
CONTINUOUS
10
192.796
20
-96.5281
11
192.786
21
-96.4936
0
LINE
8
BLACK
6
CONTINUOUS
10
192.786
20
-96.4936
11
192.781
21
-96.424
0
LINE
8
BLACK
6
CONTINUOUS
10
192.781
20
-96.424
11
192.771
21
-96.3619
0
LINE
8
BLACK
6
CONTINUOUS
10
192.771
20
-96.3619
11
192.773
21
-96.3313
0
LINE
8
BLACK
6
CONTINUOUS
10
192.773
20
-96.3313
11
192.77
21
-96.2991
0
LINE
8
BLACK
6
CONTINUOUS
10
192.77
20
-96.2991
11
192.778
21
-96.2257
0
LINE
8
BLACK
6
CONTINUOUS
10
192.778
20
-96.2257
11
192.782
21
-96.1601
0
LINE
8
BLACK
6
CONTINUOUS
10
192.782
20
-96.1601
11
192.789
21
-96.1337
0
LINE
8
BLACK
6
CONTINUOUS
10
192.789
20
-96.1337
11
192.792
21
-96.1052
0
LINE
8
BLACK
6
CONTINUOUS
10
192.792
20
-96.1052
11
192.815
21
-96.0307
0
LINE
8
BLACK
6
CONTINUOUS
10
192.815
20
-96.0307
11
192.833
21
-95.9645
0
LINE
8
BLACK
6
CONTINUOUS
10
192.833
20
-95.9645
11
192.843
21
-95.943
0
LINE
8
BLACK
6
CONTINUOUS
10
192.843
20
-95.943
11
192.851
21
-95.9191
0
LINE
8
BLACK
6
CONTINUOUS
10
192.851
20
-95.9191
11
192.891
21
-95.8467
0
LINE
8
BLACK
6
CONTINUOUS
10
192.891
20
-95.8467
11
192.922
21
-95.7832
0
LINE
8
BLACK
6
CONTINUOUS
10
192.922
20
-95.7832
11
192.935
21
-95.7669
0
LINE
8
BLACK
6
CONTINUOUS
10
192.935
20
-95.7669
11
192.945
21
-95.7481
0
LINE
8
BLACK
6
CONTINUOUS
10
192.945
20
-95.7481
11
193.001
21
-95.6811
0
LINE
8
BLACK
6
CONTINUOUS
10
193.001
20
-95.6811
11
193.046
21
-95.6234
0
LINE
8
BLACK
6
CONTINUOUS
10
193.046
20
-95.6234
11
193.059
21
-95.6123
0
LINE
8
BLACK
6
CONTINUOUS
10
193.059
20
-95.6123
11
193.07
21
-95.5986
0
LINE
8
BLACK
6
CONTINUOUS
10
193.07
20
-95.5986
11
193.143
21
-95.5403
0
LINE
8
BLACK
6
CONTINUOUS
10
193.143
20
-95.5403
11
193.199
21
-95.4919
0
LINE
8
BLACK
6
CONTINUOUS
10
193.199
20
-95.4919
11
193.211
21
-95.4853
0
LINE
8
BLACK
6
CONTINUOUS
10
193.211
20
-95.4853
11
193.222
21
-95.4763
0
LINE
8
BLACK
6
CONTINUOUS
10
193.222
20
-95.4763
11
193.311
21
-95.4302
0
LINE
8
BLACK
6
CONTINUOUS
10
193.311
20
-95.4302
11
193.376
21
-95.3939
0
LINE
8
BLACK
6
CONTINUOUS
10
193.376
20
-95.3939
11
193.386
21
-95.3909
0
LINE
8
BLACK
6
CONTINUOUS
10
193.386
20
-95.3909
11
193.395
21
-95.3859
0
LINE
8
BLACK
6
CONTINUOUS
10
193.395
20
-95.3859
11
193.5
21
-95.3552
0
LINE
8
BLACK
6
CONTINUOUS
10
193.5
20
-95.3552
11
193.569
21
-95.3335
0
LINE
8
BLACK
6
CONTINUOUS
10
193.569
20
-95.3335
11
193.576
21
-95.3328
0
LINE
8
BLACK
6
CONTINUOUS
10
193.576
20
-95.3328
11
193.583
21
-95.3308
0
LINE
8
BLACK
6
CONTINUOUS
10
193.583
20
-95.3308
11
193.708
21
-95.3194
0
LINE
8
BLACK
6
CONTINUOUS
10
193.708
20
-95.3194
11
193.77
21
-95.3131
0
LINE
8
BLACK
6
CONTINUOUS
10
193.77
20
-95.3131
11
197.702
21
-95.3131
0
LINE
8
BLACK
6
CONTINUOUS
10
197.702
20
-95.3131
11
197.806
21
-95.3185
0
LINE
8
BLACK
6
CONTINUOUS
10
150.825
20
-90.5
11
150.225
21
-90.5
0
LINE
8
BLACK
6
CONTINUOUS
10
150.225
20
-90.5
11
150.225
21
-91.5031
0
LINE
8
BLACK
6
CONTINUOUS
10
150.225
20
-91.5031
11
161.083
21
-91.5031
0
LINE
8
BLACK
6
CONTINUOUS
10
161.083
20
-91.5031
11
161.188
21
-91.5085
0
LINE
8
BLACK
6
CONTINUOUS
10
161.188
20
-91.5085
11
161.224
21
-91.5161
0
LINE
8
BLACK
6
CONTINUOUS
10
161.224
20
-91.5161
11
161.26
21
-91.5189
0
LINE
8
BLACK
6
CONTINUOUS
10
161.26
20
-91.5189
11
161.322
21
-91.5367
0
LINE
8
BLACK
6
CONTINUOUS
10
161.322
20
-91.5367
11
161.385
21
-91.5499
0
LINE
8
BLACK
6
CONTINUOUS
10
161.385
20
-91.5499
11
161.419
21
-91.5645
0
LINE
8
BLACK
6
CONTINUOUS
10
161.419
20
-91.5645
11
161.454
21
-91.5746
0
LINE
8
BLACK
6
CONTINUOUS
10
161.454
20
-91.5746
11
161.512
21
-91.6045
0
LINE
8
BLACK
6
CONTINUOUS
10
161.512
20
-91.6045
11
161.571
21
-91.6301
0
LINE
8
BLACK
6
CONTINUOUS
10
161.571
20
-91.6301
11
161.601
21
-91.6512
0
LINE
8
BLACK
6
CONTINUOUS
10
161.601
20
-91.6512
11
161.634
21
-91.6682
0
LINE
8
BLACK
6
CONTINUOUS
10
161.634
20
-91.6682
11
161.684
21
-91.709
0
LINE
8
BLACK
6
CONTINUOUS
10
161.684
20
-91.709
11
161.736
21
-91.7461
0
LINE
8
BLACK
6
CONTINUOUS
10
161.736
20
-91.7461
11
161.762
21
-91.7728
0
LINE
8
BLACK
6
CONTINUOUS
10
161.762
20
-91.7728
11
161.79
21
-91.796
0
LINE
8
BLACK
6
CONTINUOUS
10
161.79
20
-91.796
11
165.307
21
-95.3131
0
LINE
8
BLACK
6
CONTINUOUS
10
165.307
20
-95.3131
11
179.88
21
-95.3131
0
LINE
8
BLACK
6
CONTINUOUS
10
179.88
20
-95.3131
11
179.88
21
-90.265
0
LINE
8
BLACK
6
CONTINUOUS
10
179.88
20
-90.265
11
179.885
21
-90.1605
0
LINE
8
BLACK
6
CONTINUOUS
10
179.885
20
-90.1605
11
179.893
21
-90.1245
0
LINE
8
BLACK
6
CONTINUOUS
10
179.893
20
-90.1245
11
179.896
21
-90.0879
0
LINE
8
BLACK
6
CONTINUOUS
10
179.896
20
-90.0879
11
179.914
21
-90.0258
0
LINE
8
BLACK
6
CONTINUOUS
10
179.914
20
-90.0258
11
179.927
21
-89.9626
0
LINE
8
BLACK
6
CONTINUOUS
10
179.927
20
-89.9626
11
179.941
21
-89.9289
0
LINE
8
BLACK
6
CONTINUOUS
10
179.941
20
-89.9289
11
179.952
21
-89.8936
0
LINE
8
BLACK
6
CONTINUOUS
10
179.952
20
-89.8936
11
179.981
21
-89.8364
0
LINE
8
BLACK
6
CONTINUOUS
10
179.981
20
-89.8364
11
180.007
21
-89.7771
0
LINE
8
BLACK
6
CONTINUOUS
10
180.007
20
-89.7771
11
180.028
21
-89.7471
0
LINE
8
BLACK
6
CONTINUOUS
10
180.028
20
-89.7471
11
180.045
21
-89.7145
0
LINE
8
BLACK
6
CONTINUOUS
10
180.045
20
-89.7145
11
180.086
21
-89.6645
0
LINE
8
BLACK
6
CONTINUOUS
10
180.086
20
-89.6645
11
180.123
21
-89.6116
0
LINE
8
BLACK
6
CONTINUOUS
10
180.123
20
-89.6116
11
180.15
21
-89.5863
0
LINE
8
BLACK
6
CONTINUOUS
10
180.15
20
-89.5863
11
180.173
21
-89.5579
0
LINE
8
BLACK
6
CONTINUOUS
10
180.173
20
-89.5579
11
180.268
21
-89.4629
0
LINE
8
BLACK
6
CONTINUOUS
10
180.268
20
-89.4629
11
180.346
21
-89.3929
0
LINE
8
BLACK
6
CONTINUOUS
10
180.346
20
-89.3929
11
180.515
21
-89.2822
0
LINE
8
BLACK
6
CONTINUOUS
10
180.515
20
-89.2822
11
180.703
21
-89.2078
0
LINE
8
BLACK
6
CONTINUOUS
10
180.703
20
-89.2078
11
180.902
21
-89.1727
0
LINE
8
BLACK
6
CONTINUOUS
10
180.902
20
-89.1727
11
181.104
21
-89.1783
0
LINE
8
BLACK
6
CONTINUOUS
10
181.104
20
-89.1783
11
181.301
21
-89.2245
0
LINE
8
BLACK
6
CONTINUOUS
10
181.301
20
-89.2245
11
181.484
21
-89.3093
0
LINE
8
BLACK
6
CONTINUOUS
10
181.484
20
-89.3093
11
181.647
21
-89.4292
0
LINE
8
BLACK
6
CONTINUOUS
10
181.647
20
-89.4292
11
181.782
21
-89.5794
0
LINE
8
BLACK
6
CONTINUOUS
10
181.782
20
-89.5794
11
181.884
21
-89.7537
0
LINE
8
BLACK
6
CONTINUOUS
10
181.884
20
-89.7537
11
181.949
21
-89.945
0
LINE
8
BLACK
6
CONTINUOUS
10
181.949
20
-89.945
11
181.975
21
-90.1456
0
LINE
8
BLACK
6
CONTINUOUS
10
181.975
20
-90.1456
11
181.959
21
-90.3471
0
LINE
8
BLACK
6
CONTINUOUS
10
181.959
20
-90.3471
11
181.903
21
-90.5414
0
LINE
8
BLACK
6
CONTINUOUS
10
181.903
20
-90.5414
11
181.88
21
-90.5863
0
LINE
8
BLACK
6
CONTINUOUS
10
181.88
20
-90.5863
11
181.88
21
-96.3131
0
LINE
8
BLACK
6
CONTINUOUS
10
181.88
20
-96.3131
11
181.88
21
-96.341
0
LINE
8
BLACK
6
CONTINUOUS
10
181.88
20
-96.341
11
181.878
21
-96.3555
0
LINE
8
BLACK
6
CONTINUOUS
10
181.878
20
-96.3555
11
181.875
21
-96.4176
0
LINE
8
BLACK
6
CONTINUOUS
10
181.875
20
-96.4176
11
181.87
21
-96.4416
0
LINE
8
BLACK
6
CONTINUOUS
10
181.87
20
-96.4416
11
181.868
21
-96.4661
0
LINE
8
BLACK
6
CONTINUOUS
10
181.868
20
-96.4661
11
181.86
21
-96.499
0
LINE
8
BLACK
6
CONTINUOUS
10
181.86
20
-96.499
11
181.855
21
-96.5346
0
LINE
8
BLACK
6
CONTINUOUS
10
181.855
20
-96.5346
11
181.842
21
-96.5756
0
LINE
8
BLACK
6
CONTINUOUS
10
181.842
20
-96.5756
11
181.833
21
-96.6154
0
LINE
8
BLACK
6
CONTINUOUS
10
181.833
20
-96.6154
11
181.823
21
-96.6379
0
LINE
8
BLACK
6
CONTINUOUS
10
181.823
20
-96.6379
11
181.817
21
-96.6616
0
LINE
8
BLACK
6
CONTINUOUS
10
181.817
20
-96.6616
11
181.804
21
-96.6892
0
LINE
8
BLACK
6
CONTINUOUS
10
181.804
20
-96.6892
11
181.794
21
-96.7198
0
LINE
8
BLACK
6
CONTINUOUS
10
181.794
20
-96.7198
11
181.77
21
-96.7606
0
LINE
8
BLACK
6
CONTINUOUS
10
181.77
20
-96.7606
11
181.753
21
-96.8009
0
LINE
8
BLACK
6
CONTINUOUS
10
181.753
20
-96.8009
11
181.739
21
-96.821
0
LINE
8
BLACK
6
CONTINUOUS
10
181.739
20
-96.821
11
181.728
21
-96.843
0
LINE
8
BLACK
6
CONTINUOUS
10
181.728
20
-96.843
11
181.711
21
-96.8646
0
LINE
8
BLACK
6
CONTINUOUS
10
181.711
20
-96.8646
11
181.697
21
-96.8895
0
LINE
8
BLACK
6
CONTINUOUS
10
181.697
20
-96.8895
11
181.664
21
-96.9278
0
LINE
8
BLACK
6
CONTINUOUS
10
181.664
20
-96.9278
11
181.637
21
-96.9665
0
LINE
8
BLACK
6
CONTINUOUS
10
181.637
20
-96.9665
11
181.619
21
-96.9833
0
LINE
8
BLACK
6
CONTINUOUS
10
181.619
20
-96.9833
11
181.604
21
-97.0027
0
LINE
8
BLACK
6
CONTINUOUS
10
181.604
20
-97.0027
11
181.586
21
-97.0183
0
LINE
8
BLACK
6
CONTINUOUS
10
181.586
20
-97.0183
11
181.57
21
-97.0372
0
LINE
8
BLACK
6
CONTINUOUS
10
181.57
20
-97.0372
11
181.527
21
-97.0707
0
LINE
8
BLACK
6
CONTINUOUS
10
181.527
20
-97.0707
11
181.49
21
-97.1054
0
LINE
8
BLACK
6
CONTINUOUS
10
181.49
20
-97.1054
11
181.469
21
-97.1183
0
LINE
8
BLACK
6
CONTINUOUS
10
181.469
20
-97.1183
11
181.451
21
-97.1342
0
LINE
8
BLACK
6
CONTINUOUS
10
181.451
20
-97.1342
11
181.433
21
-97.1442
0
LINE
8
BLACK
6
CONTINUOUS
10
181.433
20
-97.1442
11
181.416
21
-97.1574
0
LINE
8
BLACK
6
CONTINUOUS
10
181.416
20
-97.1574
11
181.364
21
-97.1836
0
LINE
8
BLACK
6
CONTINUOUS
10
181.364
20
-97.1836
11
181.318
21
-97.2119
0
LINE
8
BLACK
6
CONTINUOUS
10
181.318
20
-97.2119
11
181.295
21
-97.2203
0
LINE
8
BLACK
6
CONTINUOUS
10
181.295
20
-97.2203
11
181.274
21
-97.2322
0
LINE
8
BLACK
6
CONTINUOUS
10
181.274
20
-97.2322
11
181.258
21
-97.2373
0
LINE
8
BLACK
6
CONTINUOUS
10
181.258
20
-97.2373
11
181.242
21
-97.2454
0
LINE
8
BLACK
6
CONTINUOUS
10
181.242
20
-97.2454
11
181.182
21
-97.2621
0
LINE
8
BLACK
6
CONTINUOUS
10
181.182
20
-97.2621
11
181.129
21
-97.2817
0
LINE
8
BLACK
6
CONTINUOUS
10
181.129
20
-97.2817
11
181.104
21
-97.2853
0
LINE
8
BLACK
6
CONTINUOUS
10
181.104
20
-97.2853
11
181.081
21
-97.2926
0
LINE
8
BLACK
6
CONTINUOUS
10
181.081
20
-97.2926
11
181.067
21
-97.294
0
LINE
8
BLACK
6
CONTINUOUS
10
181.067
20
-97.294
11
181.054
21
-97.2979
0
LINE
8
BLACK
6
CONTINUOUS
10
181.054
20
-97.2979
11
180.988
21
-97.3029
0
LINE
8
BLACK
6
CONTINUOUS
10
180.988
20
-97.3029
11
180.929
21
-97.3119
0
LINE
8
BLACK
6
CONTINUOUS
10
180.929
20
-97.3119
11
180.904
21
-97.3106
0
LINE
8
BLACK
6
CONTINUOUS
10
180.904
20
-97.3106
11
180.88
21
-97.3131
0
LINE
8
BLACK
6
CONTINUOUS
10
180.88
20
-97.3131
11
165.67
21
-97.3131
0
LINE
8
BLACK
6
CONTINUOUS
10
165.67
20
-97.3131
11
165.67
21
-105.565
0
LINE
8
BLACK
6
CONTINUOUS
10
165.67
20
-105.565
11
165.665
21
-105.67
0
LINE
8
BLACK
6
CONTINUOUS
10
165.665
20
-105.67
11
165.623
21
-105.867
0
LINE
8
BLACK
6
CONTINUOUS
10
165.623
20
-105.867
11
165.543
21
-106.053
0
LINE
8
BLACK
6
CONTINUOUS
10
165.543
20
-106.053
11
165.427
21
-106.218
0
LINE
8
BLACK
6
CONTINUOUS
10
165.427
20
-106.218
11
165.28
21
-106.357
0
LINE
8
BLACK
6
CONTINUOUS
10
165.28
20
-106.357
11
165.108
21
-106.464
0
LINE
8
BLACK
6
CONTINUOUS
10
165.108
20
-106.464
11
164.919
21
-106.534
0
LINE
8
BLACK
6
CONTINUOUS
10
164.919
20
-106.534
11
164.719
21
-106.564
0
LINE
8
BLACK
6
CONTINUOUS
10
164.719
20
-106.564
11
164.517
21
-106.553
0
LINE
8
BLACK
6
CONTINUOUS
10
164.517
20
-106.553
11
164.321
21
-106.502
0
LINE
8
BLACK
6
CONTINUOUS
10
164.321
20
-106.502
11
164.14
21
-106.413
0
LINE
8
BLACK
6
CONTINUOUS
10
164.14
20
-106.413
11
163.98
21
-106.289
0
LINE
8
BLACK
6
CONTINUOUS
10
163.98
20
-106.289
11
163.849
21
-106.136
0
LINE
8
BLACK
6
CONTINUOUS
10
163.849
20
-106.136
11
163.751
21
-105.959
0
LINE
8
BLACK
6
CONTINUOUS
10
163.751
20
-105.959
11
163.69
21
-105.766
0
LINE
8
BLACK
6
CONTINUOUS
10
163.69
20
-105.766
11
163.67
21
-105.565
0
LINE
8
BLACK
6
CONTINUOUS
10
163.67
20
-105.565
11
163.67
21
-96.5042
0
LINE
8
BLACK
6
CONTINUOUS
10
163.67
20
-96.5042
11
160.669
21
-93.5031
0
LINE
8
BLACK
6
CONTINUOUS
10
160.669
20
-93.5031
11
149.225
21
-93.5031
0
LINE
8
BLACK
6
CONTINUOUS
10
149.225
20
-93.5031
11
149.12
21
-93.4976
0
LINE
8
BLACK
6
CONTINUOUS
10
149.12
20
-93.4976
11
149.096
21
-93.4926
0
LINE
8
BLACK
6
CONTINUOUS
10
149.096
20
-93.4926
11
149.072
21
-93.4913
0
LINE
8
BLACK
6
CONTINUOUS
10
149.072
20
-93.4913
11
148.998
21
-93.472
0
LINE
8
BLACK
6
CONTINUOUS
10
148.998
20
-93.472
11
148.923
21
-93.4563
0
LINE
8
BLACK
6
CONTINUOUS
10
148.923
20
-93.4563
11
148.9
21
-93.4465
0
LINE
8
BLACK
6
CONTINUOUS
10
148.9
20
-93.4465
11
148.876
21
-93.4404
0
LINE
8
BLACK
6
CONTINUOUS
10
148.876
20
-93.4404
11
148.808
21
-93.4065
0
LINE
8
BLACK
6
CONTINUOUS
10
148.808
20
-93.4065
11
148.737
21
-93.376
0
LINE
8
BLACK
6
CONTINUOUS
10
148.737
20
-93.376
11
148.717
21
-93.3619
0
LINE
8
BLACK
6
CONTINUOUS
10
148.717
20
-93.3619
11
148.695
21
-93.3511
0
LINE
8
BLACK
6
CONTINUOUS
10
148.695
20
-93.3511
11
148.634
21
-93.3041
0
LINE
8
BLACK
6
CONTINUOUS
10
148.634
20
-93.3041
11
148.572
21
-93.2601
0
LINE
8
BLACK
6
CONTINUOUS
10
148.572
20
-93.2601
11
148.555
21
-93.2423
0
LINE
8
BLACK
6
CONTINUOUS
10
148.555
20
-93.2423
11
148.535
21
-93.2272
0
LINE
8
BLACK
6
CONTINUOUS
10
148.535
20
-93.2272
11
148.485
21
-93.169
0
LINE
8
BLACK
6
CONTINUOUS
10
148.485
20
-93.169
11
148.433
21
-93.1132
0
LINE
8
BLACK
6
CONTINUOUS
10
148.433
20
-93.1132
11
148.42
21
-93.0924
0
LINE
8
BLACK
6
CONTINUOUS
10
148.42
20
-93.0924
11
148.404
21
-93.0738
0
LINE
8
BLACK
6
CONTINUOUS
10
148.404
20
-93.0738
11
148.367
21
-93.0067
0
LINE
8
BLACK
6
CONTINUOUS
10
148.367
20
-93.0067
11
148.326
21
-92.9414
0
LINE
8
BLACK
6
CONTINUOUS
10
148.326
20
-92.9414
11
148.318
21
-92.9184
0
LINE
8
BLACK
6
CONTINUOUS
10
148.318
20
-92.9184
11
148.306
21
-92.897
0
LINE
8
BLACK
6
CONTINUOUS
10
148.306
20
-92.897
11
148.283
21
-92.8238
0
LINE
8
BLACK
6
CONTINUOUS
10
148.283
20
-92.8238
11
148.256
21
-92.7518
0
LINE
8
BLACK
6
CONTINUOUS
10
148.256
20
-92.7518
11
148.253
21
-92.7275
0
LINE
8
BLACK
6
CONTINUOUS
10
148.253
20
-92.7275
11
148.245
21
-92.7041
0
LINE
8
BLACK
6
CONTINUOUS
10
148.245
20
-92.7041
11
148.238
21
-92.6278
0
LINE
8
BLACK
6
CONTINUOUS
10
148.238
20
-92.6278
11
148.226
21
-92.5519
0
LINE
8
BLACK
6
CONTINUOUS
10
148.226
20
-92.5519
11
148.227
21
-92.5275
0
LINE
8
BLACK
6
CONTINUOUS
10
148.227
20
-92.5275
11
148.225
21
-92.5031
0
LINE
8
BLACK
6
CONTINUOUS
10
148.225
20
-92.5031
11
148.225
21
-90.5
0
LINE
8
BLACK
6
CONTINUOUS
10
148.225
20
-90.5
11
147.625
21
-90.5
0
LINE
8
BLACK
6
CONTINUOUS
10
147.625
20
-90.5
11
147.625
21
-87.3
0
LINE
8
BLACK
6
CONTINUOUS
10
147.625
20
-87.3
11
150.825
21
-87.3
0
LINE
8
BLACK
6
CONTINUOUS
10
150.825
20
-87.3
11
150.825
21
-90.5
0
LINE
8
BLACK
6
CONTINUOUS
10
118.381
20
-94.9744
11
118.536
21
-95.0229
0
LINE
8
BLACK
6
CONTINUOUS
10
118.536
20
-95.0229
11
118.675
21
-95.1069
0
LINE
8
BLACK
6
CONTINUOUS
10
118.675
20
-95.1069
11
118.789
21
-95.2216
0
LINE
8
BLACK
6
CONTINUOUS
10
118.789
20
-95.2216
11
118.873
21
-95.3603
0
LINE
8
BLACK
6
CONTINUOUS
10
118.873
20
-95.3603
11
118.922
21
-95.5151
0
LINE
8
BLACK
6
CONTINUOUS
10
118.922
20
-95.5151
11
118.933
21
-95.6381
0
LINE
8
BLACK
6
CONTINUOUS
10
118.933
20
-95.6381
11
118.933
21
-95.8131
0
LINE
8
BLACK
6
CONTINUOUS
10
118.933
20
-95.8131
11
122.993
21
-95.8131
0
LINE
8
BLACK
6
CONTINUOUS
10
122.993
20
-95.8131
11
122.993
21
-95.6381
0
LINE
8
BLACK
6
CONTINUOUS
10
122.993
20
-95.6381
11
123.004
21
-95.5151
0
LINE
8
BLACK
6
CONTINUOUS
10
123.004
20
-95.5151
11
123.053
21
-95.3603
0
LINE
8
BLACK
6
CONTINUOUS
10
123.053
20
-95.3603
11
123.137
21
-95.2216
0
LINE
8
BLACK
6
CONTINUOUS
10
123.137
20
-95.2216
11
123.252
21
-95.1069
0
LINE
8
BLACK
6
CONTINUOUS
10
123.252
20
-95.1069
11
123.39
21
-95.0229
0
LINE
8
BLACK
6
CONTINUOUS
10
123.39
20
-95.0229
11
123.545
21
-94.9744
0
LINE
8
BLACK
6
CONTINUOUS
10
123.545
20
-94.9744
11
123.668
21
-94.9631
0
LINE
8
BLACK
6
CONTINUOUS
10
123.668
20
-94.9631
11
125.018
21
-94.9631
0
LINE
8
BLACK
6
CONTINUOUS
10
125.018
20
-94.9631
11
125.141
21
-94.9744
0
LINE
8
BLACK
6
CONTINUOUS
10
125.141
20
-94.9744
11
125.296
21
-95.0229
0
LINE
8
BLACK
6
CONTINUOUS
10
125.296
20
-95.0229
11
125.435
21
-95.1069
0
LINE
8
BLACK
6
CONTINUOUS
10
125.435
20
-95.1069
11
125.549
21
-95.2216
0
LINE
8
BLACK
6
CONTINUOUS
10
125.549
20
-95.2216
11
125.633
21
-95.3603
0
LINE
8
BLACK
6
CONTINUOUS
10
125.633
20
-95.3603
11
125.682
21
-95.5151
0
LINE
8
BLACK
6
CONTINUOUS
10
125.682
20
-95.5151
11
125.693
21
-95.6381
0
LINE
8
BLACK
6
CONTINUOUS
10
125.693
20
-95.6381
11
125.693
21
-96.9881
0
LINE
8
BLACK
6
CONTINUOUS
10
125.693
20
-96.9881
11
125.682
21
-97.1111
0
LINE
8
BLACK
6
CONTINUOUS
10
125.682
20
-97.1111
11
125.633
21
-97.2658
0
LINE
8
BLACK
6
CONTINUOUS
10
125.633
20
-97.2658
11
125.549
21
-97.4046
0
LINE
8
BLACK
6
CONTINUOUS
10
125.549
20
-97.4046
11
125.435
21
-97.5193
0
LINE
8
BLACK
6
CONTINUOUS
10
125.435
20
-97.5193
11
125.296
21
-97.6033
0
LINE
8
BLACK
6
CONTINUOUS
10
125.296
20
-97.6033
11
125.141
21
-97.6518
0
LINE
8
BLACK
6
CONTINUOUS
10
125.141
20
-97.6518
11
125.018
21
-97.6631
0
LINE
8
BLACK
6
CONTINUOUS
10
125.018
20
-97.6631
11
124.843
21
-97.6631
0
LINE
8
BLACK
6
CONTINUOUS
10
124.843
20
-97.6631
11
124.843
21
-100.533
0
LINE
8
BLACK
6
CONTINUOUS
10
124.843
20
-100.533
11
124.843
21
-100.539
0
LINE
8
BLACK
6
CONTINUOUS
10
124.843
20
-100.539
11
124.835
21
-100.59
0
LINE
8
BLACK
6
CONTINUOUS
10
124.835
20
-100.59
11
124.831
21
-100.64
0
LINE
8
BLACK
6
CONTINUOUS
10
124.831
20
-100.64
11
124.824
21
-100.659
0
LINE
8
BLACK
6
CONTINUOUS
10
124.824
20
-100.659
11
124.821
21
-100.679
0
LINE
8
BLACK
6
CONTINUOUS
10
124.821
20
-100.679
11
124.799
21
-100.725
0
LINE
8
BLACK
6
CONTINUOUS
10
124.799
20
-100.725
11
124.782
21
-100.773
0
LINE
8
BLACK
6
CONTINUOUS
10
124.782
20
-100.773
11
124.769
21
-100.789
0
LINE
8
BLACK
6
CONTINUOUS
10
124.769
20
-100.789
11
124.761
21
-100.808
0
LINE
8
BLACK
6
CONTINUOUS
10
124.761
20
-100.808
11
124.727
21
-100.846
0
LINE
8
BLACK
6
CONTINUOUS
10
124.727
20
-100.846
11
124.697
21
-100.887
0
LINE
8
BLACK
6
CONTINUOUS
10
124.697
20
-100.887
11
123.022
21
-102.561
0
LINE
8
BLACK
6
CONTINUOUS
10
123.022
20
-102.561
11
123.045
21
-102.608
0
LINE
8
BLACK
6
CONTINUOUS
10
123.045
20
-102.608
11
123.103
21
-102.827
0
LINE
8
BLACK
6
CONTINUOUS
10
123.103
20
-102.827
11
123.123
21
-103.053
0
LINE
8
BLACK
6
CONTINUOUS
10
123.123
20
-103.053
11
123.103
21
-103.279
0
LINE
8
BLACK
6
CONTINUOUS
10
123.103
20
-103.279
11
123.045
21
-103.498
0
LINE
8
BLACK
6
CONTINUOUS
10
123.045
20
-103.498
11
122.949
21
-103.703
0
LINE
8
BLACK
6
CONTINUOUS
10
122.949
20
-103.703
11
122.819
21
-103.889
0
LINE
8
BLACK
6
CONTINUOUS
10
122.819
20
-103.889
11
122.659
21
-104.049
0
LINE
8
BLACK
6
CONTINUOUS
10
122.659
20
-104.049
11
122.473
21
-104.179
0
LINE
8
BLACK
6
CONTINUOUS
10
122.473
20
-104.179
11
122.268
21
-104.275
0
LINE
8
BLACK
6
CONTINUOUS
10
122.268
20
-104.275
11
122.049
21
-104.333
0
LINE
8
BLACK
6
CONTINUOUS
10
122.049
20
-104.333
11
121.823
21
-104.353
0
LINE
8
BLACK
6
CONTINUOUS
10
121.823
20
-104.353
11
121.597
21
-104.333
0
LINE
8
BLACK
6
CONTINUOUS
10
121.597
20
-104.333
11
121.378
21
-104.275
0
LINE
8
BLACK
6
CONTINUOUS
10
121.378
20
-104.275
11
121.173
21
-104.179
0
LINE
8
BLACK
6
CONTINUOUS
10
121.173
20
-104.179
11
120.987
21
-104.049
0
LINE
8
BLACK
6
CONTINUOUS
10
120.987
20
-104.049
11
120.827
21
-103.889
0
LINE
8
BLACK
6
CONTINUOUS
10
120.827
20
-103.889
11
120.697
21
-103.703
0
LINE
8
BLACK
6
CONTINUOUS
10
120.697
20
-103.703
11
120.601
21
-103.498
0
LINE
8
BLACK
6
CONTINUOUS
10
120.601
20
-103.498
11
120.543
21
-103.279
0
LINE
8
BLACK
6
CONTINUOUS
10
120.543
20
-103.279
11
120.523
21
-103.053
0
LINE
8
BLACK
6
CONTINUOUS
10
120.523
20
-103.053
11
120.543
21
-102.827
0
LINE
8
BLACK
6
CONTINUOUS
10
120.543
20
-102.827
11
120.601
21
-102.608
0
LINE
8
BLACK
6
CONTINUOUS
10
120.601
20
-102.608
11
120.697
21
-102.403
0
LINE
8
BLACK
6
CONTINUOUS
10
120.697
20
-102.403
11
120.827
21
-102.217
0
LINE
8
BLACK
6
CONTINUOUS
10
120.827
20
-102.217
11
120.987
21
-102.057
0
LINE
8
BLACK
6
CONTINUOUS
10
120.987
20
-102.057
11
121.173
21
-101.927
0
LINE
8
BLACK
6
CONTINUOUS
10
121.173
20
-101.927
11
121.378
21
-101.831
0
LINE
8
BLACK
6
CONTINUOUS
10
121.378
20
-101.831
11
121.597
21
-101.773
0
LINE
8
BLACK
6
CONTINUOUS
10
121.597
20
-101.773
11
121.823
21
-101.753
0
LINE
8
BLACK
6
CONTINUOUS
10
121.823
20
-101.753
11
122.049
21
-101.773
0
LINE
8
BLACK
6
CONTINUOUS
10
122.049
20
-101.773
11
122.268
21
-101.831
0
LINE
8
BLACK
6
CONTINUOUS
10
122.268
20
-101.831
11
122.315
21
-101.854
0
LINE
8
BLACK
6
CONTINUOUS
10
122.315
20
-101.854
11
123.843
21
-100.326
0
LINE
8
BLACK
6
CONTINUOUS
10
123.843
20
-100.326
11
123.843
21
-97.6631
0
LINE
8
BLACK
6
CONTINUOUS
10
123.843
20
-97.6631
11
123.668
21
-97.6631
0
LINE
8
BLACK
6
CONTINUOUS
10
123.668
20
-97.6631
11
123.545
21
-97.6518
0
LINE
8
BLACK
6
CONTINUOUS
10
123.545
20
-97.6518
11
123.39
21
-97.6033
0
LINE
8
BLACK
6
CONTINUOUS
10
123.39
20
-97.6033
11
123.252
21
-97.5193
0
LINE
8
BLACK
6
CONTINUOUS
10
123.252
20
-97.5193
11
123.137
21
-97.4046
0
LINE
8
BLACK
6
CONTINUOUS
10
123.137
20
-97.4046
11
123.053
21
-97.2658
0
LINE
8
BLACK
6
CONTINUOUS
10
123.053
20
-97.2658
11
123.004
21
-97.1111
0
LINE
8
BLACK
6
CONTINUOUS
10
123.004
20
-97.1111
11
122.993
21
-96.9881
0
LINE
8
BLACK
6
CONTINUOUS
10
122.993
20
-96.9881
11
122.993
21
-96.8131
0
LINE
8
BLACK
6
CONTINUOUS
10
122.993
20
-96.8131
11
118.933
21
-96.8131
0
LINE
8
BLACK
6
CONTINUOUS
10
118.933
20
-96.8131
11
118.933
21
-96.9881
0
LINE
8
BLACK
6
CONTINUOUS
10
118.933
20
-96.9881
11
118.922
21
-97.1111
0
LINE
8
BLACK
6
CONTINUOUS
10
118.922
20
-97.1111
11
118.873
21
-97.2658
0
LINE
8
BLACK
6
CONTINUOUS
10
118.873
20
-97.2658
11
118.789
21
-97.4046
0
LINE
8
BLACK
6
CONTINUOUS
10
118.789
20
-97.4046
11
118.675
21
-97.5193
0
LINE
8
BLACK
6
CONTINUOUS
10
118.675
20
-97.5193
11
118.536
21
-97.6033
0
LINE
8
BLACK
6
CONTINUOUS
10
118.536
20
-97.6033
11
118.381
21
-97.6518
0
LINE
8
BLACK
6
CONTINUOUS
10
118.381
20
-97.6518
11
118.258
21
-97.6631
0
LINE
8
BLACK
6
CONTINUOUS
10
118.258
20
-97.6631
11
116.908
21
-97.6631
0
LINE
8
BLACK
6
CONTINUOUS
10
116.908
20
-97.6631
11
116.785
21
-97.6518
0
LINE
8
BLACK
6
CONTINUOUS
10
116.785
20
-97.6518
11
116.63
21
-97.6033
0
LINE
8
BLACK
6
CONTINUOUS
10
116.63
20
-97.6033
11
116.492
21
-97.5193
0
LINE
8
BLACK
6
CONTINUOUS
10
116.492
20
-97.5193
11
116.377
21
-97.4046
0
LINE
8
BLACK
6
CONTINUOUS
10
116.377
20
-97.4046
11
116.293
21
-97.2658
0
LINE
8
BLACK
6
CONTINUOUS
10
116.293
20
-97.2658
11
116.244
21
-97.1111
0
LINE
8
BLACK
6
CONTINUOUS
10
116.244
20
-97.1111
11
116.233
21
-96.9881
0
LINE
8
BLACK
6
CONTINUOUS
10
116.233
20
-96.9881
11
116.233
21
-95.6381
0
LINE
8
BLACK
6
CONTINUOUS
10
116.233
20
-95.6381
11
116.244
21
-95.5151
0
LINE
8
BLACK
6
CONTINUOUS
10
116.244
20
-95.5151
11
116.293
21
-95.3603
0
LINE
8
BLACK
6
CONTINUOUS
10
116.293
20
-95.3603
11
116.377
21
-95.2216
0
LINE
8
BLACK
6
CONTINUOUS
10
116.377
20
-95.2216
11
116.492
21
-95.1069
0
LINE
8
BLACK
6
CONTINUOUS
10
116.492
20
-95.1069
11
116.63
21
-95.0229
0
LINE
8
BLACK
6
CONTINUOUS
10
116.63
20
-95.0229
11
116.785
21
-94.9744
0
LINE
8
BLACK
6
CONTINUOUS
10
116.785
20
-94.9744
11
116.908
21
-94.9631
0
LINE
8
BLACK
6
CONTINUOUS
10
116.908
20
-94.9631
11
118.258
21
-94.9631
0
LINE
8
BLACK
6
CONTINUOUS
10
118.258
20
-94.9631
11
118.381
21
-94.9744
0
LINE
8
BLACK
6
CONTINUOUS
10
144.328
20
-98.2811
11
144.496
21
-98.341
0
LINE
8
BLACK
6
CONTINUOUS
10
144.496
20
-98.341
11
144.646
21
-98.4365
0
LINE
8
BLACK
6
CONTINUOUS
10
144.646
20
-98.4365
11
144.772
21
-98.5631
0
LINE
8
BLACK
6
CONTINUOUS
10
144.772
20
-98.5631
11
144.866
21
-98.7143
0
LINE
8
BLACK
6
CONTINUOUS
10
144.866
20
-98.7143
11
144.925
21
-98.8828
0
LINE
8
BLACK
6
CONTINUOUS
10
144.925
20
-98.8828
11
144.945
21
-99.06
0
LINE
8
BLACK
6
CONTINUOUS
10
144.945
20
-99.06
11
144.945
21
-99.0823
0
LINE
8
BLACK
6
CONTINUOUS
10
144.945
20
-99.0823
11
144.92
21
-99.259
0
LINE
8
BLACK
6
CONTINUOUS
10
144.92
20
-99.259
11
144.857
21
-99.4257
0
LINE
8
BLACK
6
CONTINUOUS
10
144.857
20
-99.4257
11
144.758
21
-99.5742
0
LINE
8
BLACK
6
CONTINUOUS
10
144.758
20
-99.5742
11
144.645
21
-99.6817
0
LINE
8
BLACK
6
CONTINUOUS
10
144.645
20
-99.6817
11
144.645
21
-100.965
0
LINE
8
BLACK
6
CONTINUOUS
10
144.645
20
-100.965
11
144.645
21
-100.971
0
LINE
8
BLACK
6
CONTINUOUS
10
144.645
20
-100.971
11
144.637
21
-101.022
0
LINE
8
BLACK
6
CONTINUOUS
10
144.637
20
-101.022
11
144.633
21
-101.072
0
LINE
8
BLACK
6
CONTINUOUS
10
144.633
20
-101.072
11
144.626
21
-101.091
0
LINE
8
BLACK
6
CONTINUOUS
10
144.626
20
-101.091
11
144.623
21
-101.111
0
LINE
8
BLACK
6
CONTINUOUS
10
144.623
20
-101.111
11
144.601
21
-101.157
0
LINE
8
BLACK
6
CONTINUOUS
10
144.601
20
-101.157
11
144.584
21
-101.205
0
LINE
8
BLACK
6
CONTINUOUS
10
144.584
20
-101.205
11
144.571
21
-101.221
0
LINE
8
BLACK
6
CONTINUOUS
10
144.571
20
-101.221
11
144.563
21
-101.24
0
LINE
8
BLACK
6
CONTINUOUS
10
144.563
20
-101.24
11
144.529
21
-101.278
0
LINE
8
BLACK
6
CONTINUOUS
10
144.529
20
-101.278
11
144.499
21
-101.319
0
LINE
8
BLACK
6
CONTINUOUS
10
144.499
20
-101.319
11
142.594
21
-103.224
0
LINE
8
BLACK
6
CONTINUOUS
10
142.594
20
-103.224
11
142.589
21
-103.228
0
LINE
8
BLACK
6
CONTINUOUS
10
142.589
20
-103.228
11
142.548
21
-103.258
0
LINE
8
BLACK
6
CONTINUOUS
10
142.548
20
-103.258
11
142.509
21
-103.291
0
LINE
8
BLACK
6
CONTINUOUS
10
142.509
20
-103.291
11
142.491
21
-103.3
0
LINE
8
BLACK
6
CONTINUOUS
10
142.491
20
-103.3
11
142.475
21
-103.311
0
LINE
8
BLACK
6
CONTINUOUS
10
142.475
20
-103.311
11
142.427
21
-103.329
0
LINE
8
BLACK
6
CONTINUOUS
10
142.427
20
-103.329
11
142.38
21
-103.35
0
LINE
8
BLACK
6
CONTINUOUS
10
142.38
20
-103.35
11
142.36
21
-103.353
0
LINE
8
BLACK
6
CONTINUOUS
10
142.36
20
-103.353
11
142.341
21
-103.36
0
LINE
8
BLACK
6
CONTINUOUS
10
142.341
20
-103.36
11
142.29
21
-103.363
0
LINE
8
BLACK
6
CONTINUOUS
10
142.29
20
-103.363
11
142.24
21
-103.37
0
LINE
8
BLACK
6
CONTINUOUS
10
142.24
20
-103.37
11
140.445
21
-103.37
0
LINE
8
BLACK
6
CONTINUOUS
10
140.445
20
-103.37
11
140.428
21
-103.399
0
LINE
8
BLACK
6
CONTINUOUS
10
140.428
20
-103.399
11
140.302
21
-103.539
0
LINE
8
BLACK
6
CONTINUOUS
10
140.302
20
-103.539
11
140.15
21
-103.649
0
LINE
8
BLACK
6
CONTINUOUS
10
140.15
20
-103.649
11
139.978
21
-103.726
0
LINE
8
BLACK
6
CONTINUOUS
10
139.978
20
-103.726
11
139.794
21
-103.765
0
LINE
8
BLACK
6
CONTINUOUS
10
139.794
20
-103.765
11
139.606
21
-103.765
0
LINE
8
BLACK
6
CONTINUOUS
10
139.606
20
-103.765
11
139.422
21
-103.726
0
LINE
8
BLACK
6
CONTINUOUS
10
139.422
20
-103.726
11
139.25
21
-103.649
0
LINE
8
BLACK
6
CONTINUOUS
10
139.25
20
-103.649
11
139.098
21
-103.539
0
LINE
8
BLACK
6
CONTINUOUS
10
139.098
20
-103.539
11
138.972
21
-103.399
0
LINE
8
BLACK
6
CONTINUOUS
10
138.972
20
-103.399
11
138.878
21
-103.236
0
LINE
8
BLACK
6
CONTINUOUS
10
138.878
20
-103.236
11
138.82
21
-103.057
0
LINE
8
BLACK
6
CONTINUOUS
10
138.82
20
-103.057
11
138.8
21
-102.87
0
LINE
8
BLACK
6
CONTINUOUS
10
138.8
20
-102.87
11
138.82
21
-102.683
0
LINE
8
BLACK
6
CONTINUOUS
10
138.82
20
-102.683
11
138.878
21
-102.504
0
LINE
8
BLACK
6
CONTINUOUS
10
138.878
20
-102.504
11
138.972
21
-102.341
0
LINE
8
BLACK
6
CONTINUOUS
10
138.972
20
-102.341
11
139.098
21
-102.201
0
LINE
8
BLACK
6
CONTINUOUS
10
139.098
20
-102.201
11
139.25
21
-102.091
0
LINE
8
BLACK
6
CONTINUOUS
10
139.25
20
-102.091
11
139.422
21
-102.014
0
LINE
8
BLACK
6
CONTINUOUS
10
139.422
20
-102.014
11
139.606
21
-101.975
0
LINE
8
BLACK
6
CONTINUOUS
10
139.606
20
-101.975
11
139.794
21
-101.975
0
LINE
8
BLACK
6
CONTINUOUS
10
139.794
20
-101.975
11
139.978
21
-102.014
0
LINE
8
BLACK
6
CONTINUOUS
10
139.978
20
-102.014
11
140.15
21
-102.091
0
LINE
8
BLACK
6
CONTINUOUS
10
140.15
20
-102.091
11
140.302
21
-102.201
0
LINE
8
BLACK
6
CONTINUOUS
10
140.302
20
-102.201
11
140.428
21
-102.341
0
LINE
8
BLACK
6
CONTINUOUS
10
140.428
20
-102.341
11
140.445
21
-102.37
0
LINE
8
BLACK
6
CONTINUOUS
10
140.445
20
-102.37
11
142.033
21
-102.37
0
LINE
8
BLACK
6
CONTINUOUS
10
142.033
20
-102.37
11
143.645
21
-100.758
0
LINE
8
BLACK
6
CONTINUOUS
10
143.645
20
-100.758
11
143.645
21
-99.6829
0
LINE
8
BLACK
6
CONTINUOUS
10
143.645
20
-99.6829
11
143.635
21
-99.6764
0
LINE
8
BLACK
6
CONTINUOUS
10
143.635
20
-99.6764
11
143.511
21
-99.5481
0
LINE
8
BLACK
6
CONTINUOUS
10
143.511
20
-99.5481
11
143.419
21
-99.3956
0
LINE
8
BLACK
6
CONTINUOUS
10
143.419
20
-99.3956
11
143.362
21
-99.2263
0
LINE
8
BLACK
6
CONTINUOUS
10
143.362
20
-99.2263
11
143.345
21
-99.0488
0
LINE
8
BLACK
6
CONTINUOUS
10
143.345
20
-99.0488
11
143.367
21
-98.8719
0
LINE
8
BLACK
6
CONTINUOUS
10
143.367
20
-98.8719
11
143.428
21
-98.7043
0
LINE
8
BLACK
6
CONTINUOUS
10
143.428
20
-98.7043
11
143.525
21
-98.5544
0
LINE
8
BLACK
6
CONTINUOUS
10
143.525
20
-98.5544
11
143.652
21
-98.4296
0
LINE
8
BLACK
6
CONTINUOUS
10
143.652
20
-98.4296
11
143.804
21
-98.3361
0
LINE
8
BLACK
6
CONTINUOUS
10
143.804
20
-98.3361
11
143.973
21
-98.2787
0
LINE
8
BLACK
6
CONTINUOUS
10
143.973
20
-98.2787
11
144.151
21
-98.26
0
LINE
8
BLACK
6
CONTINUOUS
10
144.151
20
-98.26
11
144.328
21
-98.2811
0
LINE
8
BLACK
6
CONTINUOUS
10
140.927
20
-94.9836
11
141.155
21
-95.0445
0
LINE
8
BLACK
6
CONTINUOUS
10
141.155
20
-95.0445
11
141.368
21
-95.1439
0
LINE
8
BLACK
6
CONTINUOUS
10
141.368
20
-95.1439
11
141.561
21
-95.2789
0
LINE
8
BLACK
6
CONTINUOUS
10
141.561
20
-95.2789
11
141.727
21
-95.4453
0
LINE
8
BLACK
6
CONTINUOUS
10
141.727
20
-95.4453
11
141.862
21
-95.6381
0
LINE
8
BLACK
6
CONTINUOUS
10
141.862
20
-95.6381
11
141.962
21
-95.8513
0
LINE
8
BLACK
6
CONTINUOUS
10
141.962
20
-95.8513
11
142.022
21
-96.0786
0
LINE
8
BLACK
6
CONTINUOUS
10
142.022
20
-96.0786
11
142.043
21
-96.3131
0
LINE
8
BLACK
6
CONTINUOUS
10
142.043
20
-96.3131
11
142.022
21
-96.5475
0
LINE
8
BLACK
6
CONTINUOUS
10
142.022
20
-96.5475
11
141.962
21
-96.7748
0
LINE
8
BLACK
6
CONTINUOUS
10
141.962
20
-96.7748
11
141.862
21
-96.9881
0
LINE
8
BLACK
6
CONTINUOUS
10
141.862
20
-96.9881
11
141.727
21
-97.1808
0
LINE
8
BLACK
6
CONTINUOUS
10
141.727
20
-97.1808
11
141.561
21
-97.3472
0
LINE
8
BLACK
6
CONTINUOUS
10
141.561
20
-97.3472
11
141.368
21
-97.4822
0
LINE
8
BLACK
6
CONTINUOUS
10
141.368
20
-97.4822
11
141.155
21
-97.5817
0
LINE
8
BLACK
6
CONTINUOUS
10
141.155
20
-97.5817
11
140.927
21
-97.6426
0
LINE
8
BLACK
6
CONTINUOUS
10
140.927
20
-97.6426
11
140.693
21
-97.6631
0
LINE
8
BLACK
6
CONTINUOUS
10
140.693
20
-97.6631
11
140.459
21
-97.6426
0
LINE
8
BLACK
6
CONTINUOUS
10
140.459
20
-97.6426
11
140.231
21
-97.5817
0
LINE
8
BLACK
6
CONTINUOUS
10
140.231
20
-97.5817
11
140.018
21
-97.4822
0
LINE
8
BLACK
6
CONTINUOUS
10
140.018
20
-97.4822
11
139.825
21
-97.3472
0
LINE
8
BLACK
6
CONTINUOUS
10
139.825
20
-97.3472
11
139.659
21
-97.1808
0
LINE
8
BLACK
6
CONTINUOUS
10
139.659
20
-97.1808
11
139.524
21
-96.9881
0
LINE
8
BLACK
6
CONTINUOUS
10
139.524
20
-96.9881
11
139.442
21
-96.8131
0
LINE
8
BLACK
6
CONTINUOUS
10
139.442
20
-96.8131
11
135.184
21
-96.8131
0
LINE
8
BLACK
6
CONTINUOUS
10
135.184
20
-96.8131
11
135.102
21
-96.9881
0
LINE
8
BLACK
6
CONTINUOUS
10
135.102
20
-96.9881
11
134.967
21
-97.1808
0
LINE
8
BLACK
6
CONTINUOUS
10
134.967
20
-97.1808
11
134.801
21
-97.3472
0
LINE
8
BLACK
6
CONTINUOUS
10
134.801
20
-97.3472
11
134.608
21
-97.4822
0
LINE
8
BLACK
6
CONTINUOUS
10
134.608
20
-97.4822
11
134.433
21
-97.5638
0
LINE
8
BLACK
6
CONTINUOUS
10
134.433
20
-97.5638
11
134.433
21
-100.486
0
LINE
8
BLACK
6
CONTINUOUS
10
134.433
20
-100.486
11
134.488
21
-100.52
0
LINE
8
BLACK
6
CONTINUOUS
10
134.488
20
-100.52
11
134.635
21
-100.657
0
LINE
8
BLACK
6
CONTINUOUS
10
134.635
20
-100.657
11
134.756
21
-100.818
0
LINE
8
BLACK
6
CONTINUOUS
10
134.756
20
-100.818
11
134.845
21
-100.999
0
LINE
8
BLACK
6
CONTINUOUS
10
134.845
20
-100.999
11
134.9
21
-101.193
0
LINE
8
BLACK
6
CONTINUOUS
10
134.9
20
-101.193
11
134.918
21
-101.393
0
LINE
8
BLACK
6
CONTINUOUS
10
134.918
20
-101.393
11
134.916
21
-101.451
0
LINE
8
BLACK
6
CONTINUOUS
10
134.916
20
-101.451
11
134.888
21
-101.65
0
LINE
8
BLACK
6
CONTINUOUS
10
134.888
20
-101.65
11
134.823
21
-101.84
0
LINE
8
BLACK
6
CONTINUOUS
10
134.823
20
-101.84
11
134.725
21
-102.016
0
LINE
8
BLACK
6
CONTINUOUS
10
134.725
20
-102.016
11
134.596
21
-102.171
0
LINE
8
BLACK
6
CONTINUOUS
10
134.596
20
-102.171
11
134.441
21
-102.3
0
LINE
8
BLACK
6
CONTINUOUS
10
134.441
20
-102.3
11
134.265
21
-102.398
0
LINE
8
BLACK
6
CONTINUOUS
10
134.265
20
-102.398
11
134.075
21
-102.463
0
LINE
8
BLACK
6
CONTINUOUS
10
134.075
20
-102.463
11
133.876
21
-102.492
0
LINE
8
BLACK
6
CONTINUOUS
10
133.876
20
-102.492
11
133.674
21
-102.484
0
LINE
8
BLACK
6
CONTINUOUS
10
133.674
20
-102.484
11
133.478
21
-102.439
0
LINE
8
BLACK
6
CONTINUOUS
10
133.478
20
-102.439
11
133.293
21
-102.36
0
LINE
8
BLACK
6
CONTINUOUS
10
133.293
20
-102.36
11
133.126
21
-102.248
0
LINE
8
BLACK
6
CONTINUOUS
10
133.126
20
-102.248
11
132.982
21
-102.107
0
LINE
8
BLACK
6
CONTINUOUS
10
132.982
20
-102.107
11
132.865
21
-101.943
0
LINE
8
BLACK
6
CONTINUOUS
10
132.865
20
-101.943
11
132.842
21
-101.893
0
LINE
8
BLACK
6
CONTINUOUS
10
132.842
20
-101.893
11
129.56
21
-101.893
0
LINE
8
BLACK
6
CONTINUOUS
10
129.56
20
-101.893
11
129.551
21
-101.907
0
LINE
8
BLACK
6
CONTINUOUS
10
129.551
20
-101.907
11
129.422
21
-102.03
0
LINE
8
BLACK
6
CONTINUOUS
10
129.422
20
-102.03
11
129.268
21
-102.122
0
LINE
8
BLACK
6
CONTINUOUS
10
129.268
20
-102.122
11
129.099
21
-102.177
0
LINE
8
BLACK
6
CONTINUOUS
10
129.099
20
-102.177
11
128.921
21
-102.193
0
LINE
8
BLACK
6
CONTINUOUS
10
128.921
20
-102.193
11
128.744
21
-102.169
0
LINE
8
BLACK
6
CONTINUOUS
10
128.744
20
-102.169
11
128.577
21
-102.107
0
LINE
8
BLACK
6
CONTINUOUS
10
128.577
20
-102.107
11
128.428
21
-102.009
0
LINE
8
BLACK
6
CONTINUOUS
10
128.428
20
-102.009
11
128.304
21
-101.881
0
LINE
8
BLACK
6
CONTINUOUS
10
128.304
20
-101.881
11
128.212
21
-101.729
0
LINE
8
BLACK
6
CONTINUOUS
10
128.212
20
-101.729
11
128.155
21
-101.559
0
LINE
8
BLACK
6
CONTINUOUS
10
128.155
20
-101.559
11
128.138
21
-101.382
0
LINE
8
BLACK
6
CONTINUOUS
10
128.138
20
-101.382
11
128.16
21
-101.205
0
LINE
8
BLACK
6
CONTINUOUS
10
128.16
20
-101.205
11
128.221
21
-101.037
0
LINE
8
BLACK
6
CONTINUOUS
10
128.221
20
-101.037
11
128.318
21
-100.887
0
LINE
8
BLACK
6
CONTINUOUS
10
128.318
20
-100.887
11
128.445
21
-100.763
0
LINE
8
BLACK
6
CONTINUOUS
10
128.445
20
-100.763
11
128.597
21
-100.669
0
LINE
8
BLACK
6
CONTINUOUS
10
128.597
20
-100.669
11
128.766
21
-100.612
0
LINE
8
BLACK
6
CONTINUOUS
10
128.766
20
-100.612
11
128.944
21
-100.593
0
LINE
8
BLACK
6
CONTINUOUS
10
128.944
20
-100.593
11
129.121
21
-100.614
0
LINE
8
BLACK
6
CONTINUOUS
10
129.121
20
-100.614
11
129.289
21
-100.674
0
LINE
8
BLACK
6
CONTINUOUS
10
129.289
20
-100.674
11
129.439
21
-100.77
0
LINE
8
BLACK
6
CONTINUOUS
10
129.439
20
-100.77
11
129.562
21
-100.893
0
LINE
8
BLACK
6
CONTINUOUS
10
129.562
20
-100.893
11
132.843
21
-100.893
0
LINE
8
BLACK
6
CONTINUOUS
10
132.843
20
-100.893
11
132.895
21
-100.794
0
LINE
8
BLACK
6
CONTINUOUS
10
132.895
20
-100.794
11
133.02
21
-100.636
0
LINE
8
BLACK
6
CONTINUOUS
10
133.02
20
-100.636
11
133.171
21
-100.503
0
LINE
8
BLACK
6
CONTINUOUS
10
133.171
20
-100.503
11
133.344
21
-100.4
0
LINE
8
BLACK
6
CONTINUOUS
10
133.344
20
-100.4
11
133.433
21
-100.368
0
LINE
8
BLACK
6
CONTINUOUS
10
133.433
20
-100.368
11
133.433
21
-97.5638
0
LINE
8
BLACK
6
CONTINUOUS
10
133.433
20
-97.5638
11
133.258
21
-97.4822
0
LINE
8
BLACK
6
CONTINUOUS
10
133.258
20
-97.4822
11
133.065
21
-97.3472
0
LINE
8
BLACK
6
CONTINUOUS
10
133.065
20
-97.3472
11
132.899
21
-97.1808
0
LINE
8
BLACK
6
CONTINUOUS
10
132.899
20
-97.1808
11
132.764
21
-96.9881
0
LINE
8
BLACK
6
CONTINUOUS
10
132.764
20
-96.9881
11
132.664
21
-96.7748
0
LINE
8
BLACK
6
CONTINUOUS
10
132.664
20
-96.7748
11
132.604
21
-96.5475
0
LINE
8
BLACK
6
CONTINUOUS
10
132.604
20
-96.5475
11
132.583
21
-96.3131
0
LINE
8
BLACK
6
CONTINUOUS
10
132.583
20
-96.3131
11
132.604
21
-96.0786
0
LINE
8
BLACK
6
CONTINUOUS
10
132.604
20
-96.0786
11
132.664
21
-95.8513
0
LINE
8
BLACK
6
CONTINUOUS
10
132.664
20
-95.8513
11
132.764
21
-95.6381
0
LINE
8
BLACK
6
CONTINUOUS
10
132.764
20
-95.6381
11
132.899
21
-95.4453
0
LINE
8
BLACK
6
CONTINUOUS
10
132.899
20
-95.4453
11
133.065
21
-95.2789
0
LINE
8
BLACK
6
CONTINUOUS
10
133.065
20
-95.2789
11
133.258
21
-95.1439
0
LINE
8
BLACK
6
CONTINUOUS
10
133.258
20
-95.1439
11
133.471
21
-95.0445
0
LINE
8
BLACK
6
CONTINUOUS
10
133.471
20
-95.0445
11
133.699
21
-94.9836
0
LINE
8
BLACK
6
CONTINUOUS
10
133.699
20
-94.9836
11
133.933
21
-94.9631
0
LINE
8
BLACK
6
CONTINUOUS
10
133.933
20
-94.9631
11
134.167
21
-94.9836
0
LINE
8
BLACK
6
CONTINUOUS
10
134.167
20
-94.9836
11
134.395
21
-95.0445
0
LINE
8
BLACK
6
CONTINUOUS
10
134.395
20
-95.0445
11
134.608
21
-95.1439
0
LINE
8
BLACK
6
CONTINUOUS
10
134.608
20
-95.1439
11
134.801
21
-95.2789
0
LINE
8
BLACK
6
CONTINUOUS
10
134.801
20
-95.2789
11
134.967
21
-95.4453
0
LINE
8
BLACK
6
CONTINUOUS
10
134.967
20
-95.4453
11
135.102
21
-95.6381
0
LINE
8
BLACK
6
CONTINUOUS
10
135.102
20
-95.6381
11
135.184
21
-95.8131
0
LINE
8
BLACK
6
CONTINUOUS
10
135.184
20
-95.8131
11
139.442
21
-95.8131
0
LINE
8
BLACK
6
CONTINUOUS
10
139.442
20
-95.8131
11
139.524
21
-95.6381
0
LINE
8
BLACK
6
CONTINUOUS
10
139.524
20
-95.6381
11
139.659
21
-95.4453
0
LINE
8
BLACK
6
CONTINUOUS
10
139.659
20
-95.4453
11
139.825
21
-95.2789
0
LINE
8
BLACK
6
CONTINUOUS
10
139.825
20
-95.2789
11
140.018
21
-95.1439
0
LINE
8
BLACK
6
CONTINUOUS
10
140.018
20
-95.1439
11
140.231
21
-95.0445
0
LINE
8
BLACK
6
CONTINUOUS
10
140.231
20
-95.0445
11
140.459
21
-94.9836
0
LINE
8
BLACK
6
CONTINUOUS
10
140.459
20
-94.9836
11
140.693
21
-94.9631
0
LINE
8
BLACK
6
CONTINUOUS
10
140.693
20
-94.9631
11
140.927
21
-94.9836
0
LINE
8
BLACK
6
CONTINUOUS
10
166.523
20
-87.6417
11
166.779
21
-87.6834
0
LINE
8
BLACK
6
CONTINUOUS
10
166.779
20
-87.6834
11
167.026
21
-87.7624
0
LINE
8
BLACK
6
CONTINUOUS
10
167.026
20
-87.7624
11
167.258
21
-87.8771
0
LINE
8
BLACK
6
CONTINUOUS
10
167.258
20
-87.8771
11
167.471
21
-88.025
0
LINE
8
BLACK
6
CONTINUOUS
10
167.471
20
-88.025
11
167.66
21
-88.2027
0
LINE
8
BLACK
6
CONTINUOUS
10
167.66
20
-88.2027
11
167.821
21
-88.4064
0
LINE
8
BLACK
6
CONTINUOUS
10
167.821
20
-88.4064
11
167.95
21
-88.6316
0
LINE
8
BLACK
6
CONTINUOUS
10
167.95
20
-88.6316
11
168.044
21
-88.8734
0
LINE
8
BLACK
6
CONTINUOUS
10
168.044
20
-88.8734
11
168.101
21
-89.1263
0
LINE
8
BLACK
6
CONTINUOUS
10
168.101
20
-89.1263
11
168.12
21
-89.385
0
LINE
8
BLACK
6
CONTINUOUS
10
168.12
20
-89.385
11
168.118
21
-89.4766
0
LINE
8
BLACK
6
CONTINUOUS
10
168.118
20
-89.4766
11
168.085
21
-89.7339
0
LINE
8
BLACK
6
CONTINUOUS
10
168.085
20
-89.7339
11
168.014
21
-89.9835
0
LINE
8
BLACK
6
CONTINUOUS
10
168.014
20
-89.9835
11
167.908
21
-90.22
0
LINE
8
BLACK
6
CONTINUOUS
10
167.908
20
-90.22
11
167.768
21
-90.4382
0
LINE
8
BLACK
6
CONTINUOUS
10
167.768
20
-90.4382
11
167.597
21
-90.6332
0
LINE
8
BLACK
6
CONTINUOUS
10
167.597
20
-90.6332
11
167.399
21
-90.8008
0
LINE
8
BLACK
6
CONTINUOUS
10
167.399
20
-90.8008
11
167.178
21
-90.9373
0
LINE
8
BLACK
6
CONTINUOUS
10
167.178
20
-90.9373
11
166.94
21
-91.0397
0
LINE
8
BLACK
6
CONTINUOUS
10
166.94
20
-91.0397
11
166.689
21
-91.1057
0
LINE
8
BLACK
6
CONTINUOUS
10
166.689
20
-91.1057
11
166.431
21
-91.1339
0
LINE
8
BLACK
6
CONTINUOUS
10
166.431
20
-91.1339
11
166.172
21
-91.1238
0
LINE
8
BLACK
6
CONTINUOUS
10
166.172
20
-91.1238
11
165.917
21
-91.0754
0
LINE
8
BLACK
6
CONTINUOUS
10
165.917
20
-91.0754
11
165.672
21
-90.9899
0
LINE
8
BLACK
6
CONTINUOUS
10
165.672
20
-90.9899
11
165.443
21
-90.8691
0
LINE
8
BLACK
6
CONTINUOUS
10
165.443
20
-90.8691
11
165.233
21
-90.7157
0
LINE
8
BLACK
6
CONTINUOUS
10
165.233
20
-90.7157
11
165.049
21
-90.5331
0
LINE
8
BLACK
6
CONTINUOUS
10
165.049
20
-90.5331
11
164.894
21
-90.3253
0
LINE
8
BLACK
6
CONTINUOUS
10
164.894
20
-90.3253
11
164.771
21
-90.0968
0
LINE
8
BLACK
6
CONTINUOUS
10
164.771
20
-90.0968
11
164.684
21
-89.8527
0
LINE
8
BLACK
6
CONTINUOUS
10
164.684
20
-89.8527
11
164.633
21
-89.5983
0
LINE
8
BLACK
6
CONTINUOUS
10
164.633
20
-89.5983
11
164.621
21
-89.3392
0
LINE
8
BLACK
6
CONTINUOUS
10
164.621
20
-89.3392
11
164.647
21
-89.0811
0
LINE
8
BLACK
6
CONTINUOUS
10
164.647
20
-89.0811
11
164.71
21
-88.8297
0
LINE
8
BLACK
6
CONTINUOUS
10
164.71
20
-88.8297
11
164.811
21
-88.5905
0
LINE
8
BLACK
6
CONTINUOUS
10
164.811
20
-88.5905
11
164.945
21
-88.3688
0
LINE
8
BLACK
6
CONTINUOUS
10
164.945
20
-88.3688
11
165.111
21
-88.1693
0
LINE
8
BLACK
6
CONTINUOUS
10
165.111
20
-88.1693
11
165.305
21
-87.9966
0
LINE
8
BLACK
6
CONTINUOUS
10
165.305
20
-87.9966
11
165.522
21
-87.8544
0
LINE
8
BLACK
6
CONTINUOUS
10
165.522
20
-87.8544
11
165.757
21
-87.7458
0
LINE
8
BLACK
6
CONTINUOUS
10
165.757
20
-87.7458
11
166.006
21
-87.6732
0
LINE
8
BLACK
6
CONTINUOUS
10
166.006
20
-87.6732
11
166.263
21
-87.6383
0
LINE
8
BLACK
6
CONTINUOUS
10
166.263
20
-87.6383
11
166.523
21
-87.6417
0
LINE
8
BLACK
6
CONTINUOUS
10
181.063
20
-86.9355
11
181.226
21
-86.9765
0
LINE
8
BLACK
6
CONTINUOUS
10
181.226
20
-86.9765
11
181.374
21
-87.0552
0
LINE
8
BLACK
6
CONTINUOUS
10
181.374
20
-87.0552
11
181.5
21
-87.1671
0
LINE
8
BLACK
6
CONTINUOUS
10
181.5
20
-87.1671
11
181.595
21
-87.3057
0
LINE
8
BLACK
6
CONTINUOUS
10
181.595
20
-87.3057
11
181.655
21
-87.463
0
LINE
8
BLACK
6
CONTINUOUS
10
181.655
20
-87.463
11
181.675
21
-87.63
0
LINE
8
BLACK
6
CONTINUOUS
10
181.675
20
-87.63
11
181.675
21
-87.6447
0
LINE
8
BLACK
6
CONTINUOUS
10
181.675
20
-87.6447
11
181.651
21
-87.8112
0
LINE
8
BLACK
6
CONTINUOUS
10
181.651
20
-87.8112
11
181.588
21
-87.9672
0
LINE
8
BLACK
6
CONTINUOUS
10
181.588
20
-87.9672
11
181.49
21
-88.1038
0
LINE
8
BLACK
6
CONTINUOUS
10
181.49
20
-88.1038
11
181.362
21
-88.213
0
LINE
8
BLACK
6
CONTINUOUS
10
181.362
20
-88.213
11
181.212
21
-88.2886
0
LINE
8
BLACK
6
CONTINUOUS
10
181.212
20
-88.2886
11
181.048
21
-88.3262
0
LINE
8
BLACK
6
CONTINUOUS
10
181.048
20
-88.3262
11
180.88
21
-88.3235
0
LINE
8
BLACK
6
CONTINUOUS
10
180.88
20
-88.3235
11
180.717
21
-88.2808
0
LINE
8
BLACK
6
CONTINUOUS
10
180.717
20
-88.2808
11
180.57
21
-88.2006
0
LINE
8
BLACK
6
CONTINUOUS
10
180.57
20
-88.2006
11
180.445
21
-88.0874
0
LINE
8
BLACK
6
CONTINUOUS
10
180.445
20
-88.0874
11
180.351
21
-87.9478
0
LINE
8
BLACK
6
CONTINUOUS
10
180.351
20
-87.9478
11
180.293
21
-87.7898
0
LINE
8
BLACK
6
CONTINUOUS
10
180.293
20
-87.7898
11
180.275
21
-87.6227
0
LINE
8
BLACK
6
CONTINUOUS
10
180.275
20
-87.6227
11
180.297
21
-87.4559
0
LINE
8
BLACK
6
CONTINUOUS
10
180.297
20
-87.4559
11
180.358
21
-87.2992
0
LINE
8
BLACK
6
CONTINUOUS
10
180.358
20
-87.2992
11
180.455
21
-87.1616
0
LINE
8
BLACK
6
CONTINUOUS
10
180.455
20
-87.1616
11
180.582
21
-87.051
0
LINE
8
BLACK
6
CONTINUOUS
10
180.582
20
-87.051
11
180.731
21
-86.9739
0
LINE
8
BLACK
6
CONTINUOUS
10
180.731
20
-86.9739
11
180.895
21
-86.9346
0
LINE
8
BLACK
6
CONTINUOUS
10
180.895
20
-86.9346
11
181.063
21
-86.9355
0
CIRCLE
8
BLACK
10
121.823
20
-108.133
40
0.65
0
CIRCLE
8
BLACK
10
121.823
20
-103.053
40
0.65
0
CIRCLE
8
BLACK
10
189.77
20
-96.3131
40
0.5
0
CIRCLE
8
BLACK
10
193.77
20
-96.3131
40
0.5
0
CIRCLE
8
BLACK
10
164.465
20
-126.365
40
0.4
0
CIRCLE
8
BLACK
10
164.465
20
-116.205
40
0.4
0
CIRCLE
8
BLACK
10
200.449
20
-99.06
40
0.6
0
CIRCLE
8
BLACK
10
205.449
20
-99.06
40
0.6
0
CIRCLE
8
BLACK
10
141.605
20
-116.679
40
0.6
0
CIRCLE
8
BLACK
10
141.605
20
-124.179
40
0.6
0
CIRCLE
8
BLACK
10
144.145
20
-109.22
40
0.4
0
CIRCLE
8
BLACK
10
144.145
20
-99.06
40
0.4
0
CIRCLE
8
BLACK
10
153.67
20
-116.205
40
0.4
0
CIRCLE
8
BLACK
10
153.67
20
-126.365
40
0.4
0
CIRCLE
8
BLACK
10
149.225
20
-88.9
40
0.8
0
CIRCLE
8
BLACK
10
149.225
20
-104.14
40
0.8
0
CIRCLE
8
BLACK
10
139.7
20
-105.41
40
0.45
0
CIRCLE
8
BLACK
10
139.7
20
-102.87
40
0.45
0
CIRCLE
8
BLACK
10
202.26
20
-110.485
40
0.65
0
CIRCLE
8
BLACK
10
202.26
20
-115.565
40
0.65
0
CIRCLE
8
BLACK
10
133.818
20
-111.553
40
0.55
0
CIRCLE
8
BLACK
10
133.818
20
-101.393
40
0.55
0
CIRCLE
8
BLACK
10
128.938
20
-101.393
40
0.4
0
CIRCLE
8
BLACK
10
128.938
20
-111.553
40
0.4
0
CIRCLE
8
BLACK
10
191.368
20
-110.283
40
0.4
0
CIRCLE
8
BLACK
10
191.368
20
-120.443
40
0.4
0
CIRCLE
8
BLACK
10
180.34
20
-112.365
40
0.6
0
CIRCLE
8
BLACK
10
180.34
20
-119.865
40
0.6
0
CIRCLE
8
BLACK
10
158.675
20
-120.665
40
0.4
0
CIRCLE
8
BLACK
10
158.675
20
-123.205
40
0.4
0
CIRCLE
8
BLACK
10
158.675
20
-125.745
40
0.4
0
CIRCLE
8
BLACK
10
180.88
20
-96.3131
40
0.5
0
CIRCLE
8
BLACK
10
184.88
20
-96.3131
40
0.5
0
CIRCLE
8
BLACK
10
124.343
20
-96.3131
40
0.85
0
CIRCLE
8
BLACK
10
117.583
20
-96.3131
40
0.65
0
CIRCLE
8
BLACK
10
133.933
20
-96.3131
40
0.85
0
CIRCLE
8
BLACK
10
140.693
20
-96.3131
40
0.65
0
CIRCLE
8
BLACK
10
180.975
20
-90.17
40
0.4
0
CIRCLE
8
BLACK
10
180.975
20
-87.63
40
0.4
0
CIRCLE
8
BLACK
10
166.37
20
-89.385
40
1.75
0
CIRCLE
8
BLACK
10
162.97
20
-109.365
40
0.55
0
CIRCLE
8
BLACK
10
164.67
20
-105.565
40
0.55
0
CIRCLE
8
BLACK
10
166.37
20
-109.365
40
0.55
0
CIRCLE
8
BLACK
10
168.07
20
-105.565
40
0.55
0
CIRCLE
8
BLACK
10
169.77
20
-109.365
40
0.55
0
CIRCLE
8
BLACK
10
195.178
20
-110.323
40
0.4
0
CIRCLE
8
BLACK
10
195.178
20
-115.323
40
0.4
  0
ENDSEC
  0
EOF
