  0
SECTION
  2
HEADER
  9
$ANGBASE
  50
0.0
  9
$ANGDIR
  70
1
  9
$MEASUREMENT
  70
1
  0
ENDSEC
  0
SECTION
  2
TABLES
  0
TABLE
  2
LTYPE
  70
4
  0
LTYPE
  5
40F
  2
CONTINUOUS
  70
0
  3
Solid line
  72
65
  73
0
  40
0.0
  0
LTYPE
  5
410
  2
DASHDOT
 70
0
  3
Dash Dot ____ _ ____ _
 72
65
 73
4
 40
2.0
 49
1.25
 49
-0.25
 49
0.25
 49
-0.25
  0
LTYPE
  5
411
  2
DASHED
 70
0
  3
Dashed __ __ __ __ __
 72
65
 73
2
 40
0.75
 49
0.5
 49
-0.25
  0
LTYPE
  5
43B
  2
DOTTED
 70
0
  3
Dotted .  .  .  .
 72
65
 73
2
 40
0.2
 49
0.0
 49
-0.2
  0
ENDTAB
  0
TABLE
  2
STYLE
  70
4
  0
STYLE
  2
KICAD
  70
0
  40
0
  41
1
  42
1
  50
0
  71
0
  3
isocp.shx
  0
STYLE
  2
KICADB
  70
0
  40
0
  41
1
  42
1
  50
0
  71
0
  3
isocp.shx
  0
STYLE
  2
KICADI
  70
0
  40
0
  41
1
  42
1
  50
15
  71
0
  3
isocp.shx
  0
STYLE
  2
KICADBI
  70
0
  40
0
  41
1
  42
1
  50
15
  71
0
  3
isocp.shx
  0
ENDTAB
  0
TABLE
  2
LAYER
  70
1
  0
LAYER
  2
BLACK
  70
0
  62
7
  6
CONTINUOUS
  0
ENDTAB
  0
ENDSEC
  0
SECTION
  2
ENTITIES
0
LINE
8
BLACK
6
CONTINUOUS
10
226.015
20
-62.9049
11
226.031
21
-62.9049
0
LINE
8
BLACK
6
CONTINUOUS
10
226.031
20
-62.9049
11
226.044
21
-62.9142
0
LINE
8
BLACK
6
CONTINUOUS
10
226.044
20
-62.9142
11
226.059
21
-62.9191
0
LINE
8
BLACK
6
CONTINUOUS
10
226.059
20
-62.9191
11
226.068
21
-62.9319
0
LINE
8
BLACK
6
CONTINUOUS
10
226.068
20
-62.9319
11
226.081
21
-62.9412
0
LINE
8
BLACK
6
CONTINUOUS
10
226.081
20
-62.9412
11
226.086
21
-62.9563
0
LINE
8
BLACK
6
CONTINUOUS
10
226.086
20
-62.9563
11
226.095
21
-62.9691
0
LINE
8
BLACK
6
CONTINUOUS
10
226.095
20
-62.9691
11
226.095
21
-62.9849
0
LINE
8
BLACK
6
CONTINUOUS
10
226.095
20
-62.9849
11
226.1
21
-63
0
LINE
8
BLACK
6
CONTINUOUS
10
226.1
20
-63
11
226.1
21
-133
0
LINE
8
BLACK
6
CONTINUOUS
10
226.1
20
-133
11
226.095
21
-133.015
0
LINE
8
BLACK
6
CONTINUOUS
10
226.095
20
-133.015
11
226.095
21
-133.031
0
LINE
8
BLACK
6
CONTINUOUS
10
226.095
20
-133.031
11
226.086
21
-133.044
0
LINE
8
BLACK
6
CONTINUOUS
10
226.086
20
-133.044
11
226.081
21
-133.059
0
LINE
8
BLACK
6
CONTINUOUS
10
226.081
20
-133.059
11
226.068
21
-133.068
0
LINE
8
BLACK
6
CONTINUOUS
10
226.068
20
-133.068
11
226.059
21
-133.081
0
LINE
8
BLACK
6
CONTINUOUS
10
226.059
20
-133.081
11
226.044
21
-133.086
0
LINE
8
BLACK
6
CONTINUOUS
10
226.044
20
-133.086
11
226.031
21
-133.095
0
LINE
8
BLACK
6
CONTINUOUS
10
226.031
20
-133.095
11
226.015
21
-133.095
0
LINE
8
BLACK
6
CONTINUOUS
10
226.015
20
-133.095
11
226
21
-133.1
0
LINE
8
BLACK
6
CONTINUOUS
10
226
20
-133.1
11
66
21
-133.1
0
LINE
8
BLACK
6
CONTINUOUS
10
66
20
-133.1
11
65.9849
21
-133.095
0
LINE
8
BLACK
6
CONTINUOUS
10
65.9849
20
-133.095
11
65.9691
21
-133.095
0
LINE
8
BLACK
6
CONTINUOUS
10
65.9691
20
-133.095
11
65.9563
21
-133.086
0
LINE
8
BLACK
6
CONTINUOUS
10
65.9563
20
-133.086
11
65.9412
21
-133.081
0
LINE
8
BLACK
6
CONTINUOUS
10
65.9412
20
-133.081
11
65.9319
21
-133.068
0
LINE
8
BLACK
6
CONTINUOUS
10
65.9319
20
-133.068
11
65.9191
21
-133.059
0
LINE
8
BLACK
6
CONTINUOUS
10
65.9191
20
-133.059
11
65.9142
21
-133.044
0
LINE
8
BLACK
6
CONTINUOUS
10
65.9142
20
-133.044
11
65.9049
21
-133.031
0
LINE
8
BLACK
6
CONTINUOUS
10
65.9049
20
-133.031
11
65.9049
21
-133.015
0
LINE
8
BLACK
6
CONTINUOUS
10
65.9049
20
-133.015
11
65.9
21
-133
0
LINE
8
BLACK
6
CONTINUOUS
10
65.9
20
-133
11
65.9
21
-63
0
LINE
8
BLACK
6
CONTINUOUS
10
65.9
20
-63
11
65.9049
21
-62.9849
0
LINE
8
BLACK
6
CONTINUOUS
10
65.9049
20
-62.9849
11
65.9049
21
-62.9691
0
LINE
8
BLACK
6
CONTINUOUS
10
65.9049
20
-62.9691
11
65.9142
21
-62.9563
0
LINE
8
BLACK
6
CONTINUOUS
10
65.9142
20
-62.9563
11
65.9191
21
-62.9412
0
LINE
8
BLACK
6
CONTINUOUS
10
65.9191
20
-62.9412
11
65.9319
21
-62.9319
0
LINE
8
BLACK
6
CONTINUOUS
10
65.9319
20
-62.9319
11
65.9412
21
-62.9191
0
LINE
8
BLACK
6
CONTINUOUS
10
65.9412
20
-62.9191
11
65.9563
21
-62.9142
0
LINE
8
BLACK
6
CONTINUOUS
10
65.9563
20
-62.9142
11
65.9691
21
-62.9049
0
LINE
8
BLACK
6
CONTINUOUS
10
65.9691
20
-62.9049
11
65.9849
21
-62.9049
0
LINE
8
BLACK
6
CONTINUOUS
10
65.9849
20
-62.9049
11
66
21
-62.9
0
LINE
8
BLACK
6
CONTINUOUS
10
66
20
-62.9
11
226
21
-62.9
0
LINE
8
BLACK
6
CONTINUOUS
10
226
20
-62.9
11
226.015
21
-62.9049
0
LINE
8
BLACK
6
CONTINUOUS
10
66.1
20
-63.1
11
66.1
21
-132.9
0
LINE
8
BLACK
6
CONTINUOUS
10
66.1
20
-132.9
11
225.9
21
-132.9
0
LINE
8
BLACK
6
CONTINUOUS
10
225.9
20
-132.9
11
225.9
21
-63.1
0
LINE
8
BLACK
6
CONTINUOUS
10
225.9
20
-63.1
11
66.1
21
-63.1
0
LINE
8
BLACK
6
CONTINUOUS
10
110.478
20
-122.506
11
110.574
21
-122.274
0
LINE
8
BLACK
6
CONTINUOUS
10
110.574
20
-122.274
11
110.706
21
-122.06
0
LINE
8
BLACK
6
CONTINUOUS
10
110.706
20
-122.06
11
110.869
21
-121.869
0
LINE
8
BLACK
6
CONTINUOUS
10
110.869
20
-121.869
11
111.06
21
-121.706
0
LINE
8
BLACK
6
CONTINUOUS
10
111.06
20
-121.706
11
111.274
21
-121.574
0
LINE
8
BLACK
6
CONTINUOUS
10
111.274
20
-121.574
11
111.506
21
-121.478
0
LINE
8
BLACK
6
CONTINUOUS
10
111.506
20
-121.478
11
111.75
21
-121.42
0
LINE
8
BLACK
6
CONTINUOUS
10
111.75
20
-121.42
11
112
21
-121.4
0
LINE
8
BLACK
6
CONTINUOUS
10
112
20
-121.4
11
112.25
21
-121.42
0
LINE
8
BLACK
6
CONTINUOUS
10
112.25
20
-121.42
11
112.494
21
-121.478
0
LINE
8
BLACK
6
CONTINUOUS
10
112.494
20
-121.478
11
112.726
21
-121.574
0
LINE
8
BLACK
6
CONTINUOUS
10
112.726
20
-121.574
11
112.94
21
-121.706
0
LINE
8
BLACK
6
CONTINUOUS
10
112.94
20
-121.706
11
113.131
21
-121.869
0
LINE
8
BLACK
6
CONTINUOUS
10
113.131
20
-121.869
11
113.294
21
-122.06
0
LINE
8
BLACK
6
CONTINUOUS
10
113.294
20
-122.06
11
113.426
21
-122.274
0
LINE
8
BLACK
6
CONTINUOUS
10
113.426
20
-122.274
11
113.522
21
-122.506
0
LINE
8
BLACK
6
CONTINUOUS
10
113.522
20
-122.506
11
113.58
21
-122.75
0
LINE
8
BLACK
6
CONTINUOUS
10
113.58
20
-122.75
11
113.6
21
-123
0
LINE
8
BLACK
6
CONTINUOUS
10
113.6
20
-123
11
113.58
21
-123.25
0
LINE
8
BLACK
6
CONTINUOUS
10
113.58
20
-123.25
11
113.522
21
-123.494
0
LINE
8
BLACK
6
CONTINUOUS
10
113.522
20
-123.494
11
113.426
21
-123.726
0
LINE
8
BLACK
6
CONTINUOUS
10
113.426
20
-123.726
11
113.294
21
-123.94
0
LINE
8
BLACK
6
CONTINUOUS
10
113.294
20
-123.94
11
113.131
21
-124.131
0
LINE
8
BLACK
6
CONTINUOUS
10
113.131
20
-124.131
11
112.94
21
-124.294
0
LINE
8
BLACK
6
CONTINUOUS
10
112.94
20
-124.294
11
112.726
21
-124.426
0
LINE
8
BLACK
6
CONTINUOUS
10
112.726
20
-124.426
11
112.494
21
-124.522
0
LINE
8
BLACK
6
CONTINUOUS
10
112.494
20
-124.522
11
112.25
21
-124.58
0
LINE
8
BLACK
6
CONTINUOUS
10
112.25
20
-124.58
11
112
21
-124.6
0
LINE
8
BLACK
6
CONTINUOUS
10
112
20
-124.6
11
111.75
21
-124.58
0
LINE
8
BLACK
6
CONTINUOUS
10
111.75
20
-124.58
11
111.506
21
-124.522
0
LINE
8
BLACK
6
CONTINUOUS
10
111.506
20
-124.522
11
111.274
21
-124.426
0
LINE
8
BLACK
6
CONTINUOUS
10
111.274
20
-124.426
11
111.06
21
-124.294
0
LINE
8
BLACK
6
CONTINUOUS
10
111.06
20
-124.294
11
110.869
21
-124.131
0
LINE
8
BLACK
6
CONTINUOUS
10
110.869
20
-124.131
11
110.706
21
-123.94
0
LINE
8
BLACK
6
CONTINUOUS
10
110.706
20
-123.94
11
110.574
21
-123.726
0
LINE
8
BLACK
6
CONTINUOUS
10
110.574
20
-123.726
11
110.478
21
-123.494
0
LINE
8
BLACK
6
CONTINUOUS
10
110.478
20
-123.494
11
110.42
21
-123.25
0
LINE
8
BLACK
6
CONTINUOUS
10
110.42
20
-123.25
11
110.4
21
-123
0
LINE
8
BLACK
6
CONTINUOUS
10
110.4
20
-123
11
110.403
21
-122.966
0
LINE
8
BLACK
6
CONTINUOUS
10
110.403
20
-122.966
11
110.42
21
-122.75
0
LINE
8
BLACK
6
CONTINUOUS
10
110.42
20
-122.75
11
110.478
21
-122.506
0
LINE
8
BLACK
6
CONTINUOUS
10
110.659
20
-123.42
11
110.746
21
-123.633
0
LINE
8
BLACK
6
CONTINUOUS
10
110.746
20
-123.633
11
110.866
21
-123.83
0
LINE
8
BLACK
6
CONTINUOUS
10
110.866
20
-123.83
11
111.017
21
-124.004
0
LINE
8
BLACK
6
CONTINUOUS
10
111.017
20
-124.004
11
111.194
21
-124.151
0
LINE
8
BLACK
6
CONTINUOUS
10
111.194
20
-124.151
11
111.393
21
-124.267
0
LINE
8
BLACK
6
CONTINUOUS
10
111.393
20
-124.267
11
111.608
21
-124.349
0
LINE
8
BLACK
6
CONTINUOUS
10
111.608
20
-124.349
11
111.834
21
-124.395
0
LINE
8
BLACK
6
CONTINUOUS
10
111.834
20
-124.395
11
112.064
21
-124.403
0
LINE
8
BLACK
6
CONTINUOUS
10
112.064
20
-124.403
11
112.292
21
-124.374
0
LINE
8
BLACK
6
CONTINUOUS
10
112.292
20
-124.374
11
112.513
21
-124.308
0
LINE
8
BLACK
6
CONTINUOUS
10
112.513
20
-124.308
11
112.719
21
-124.207
0
LINE
8
BLACK
6
CONTINUOUS
10
112.719
20
-124.207
11
112.907
21
-124.073
0
LINE
8
BLACK
6
CONTINUOUS
10
112.907
20
-124.073
11
113.07
21
-123.91
0
LINE
8
BLACK
6
CONTINUOUS
10
113.07
20
-123.91
11
113.204
21
-123.724
0
LINE
8
BLACK
6
CONTINUOUS
10
113.204
20
-123.724
11
113.306
21
-123.517
0
LINE
8
BLACK
6
CONTINUOUS
10
113.306
20
-123.517
11
113.373
21
-123.297
0
LINE
8
BLACK
6
CONTINUOUS
10
113.373
20
-123.297
11
113.403
21
-123.069
0
LINE
8
BLACK
6
CONTINUOUS
10
113.403
20
-123.069
11
113.405
21
-123
0
LINE
8
BLACK
6
CONTINUOUS
10
113.405
20
-123
11
113.386
21
-122.771
0
LINE
8
BLACK
6
CONTINUOUS
10
113.386
20
-122.771
11
113.33
21
-122.547
0
LINE
8
BLACK
6
CONTINUOUS
10
113.33
20
-122.547
11
113.238
21
-122.336
0
LINE
8
BLACK
6
CONTINUOUS
10
113.238
20
-122.336
11
113.113
21
-122.143
0
LINE
8
BLACK
6
CONTINUOUS
10
113.113
20
-122.143
11
112.958
21
-121.973
0
LINE
8
BLACK
6
CONTINUOUS
10
112.958
20
-121.973
11
112.777
21
-121.83
0
LINE
8
BLACK
6
CONTINUOUS
10
112.777
20
-121.83
11
112.576
21
-121.719
0
LINE
8
BLACK
6
CONTINUOUS
10
112.576
20
-121.719
11
112.359
21
-121.642
0
LINE
8
BLACK
6
CONTINUOUS
10
112.359
20
-121.642
11
112.132
21
-121.601
0
LINE
8
BLACK
6
CONTINUOUS
10
112.132
20
-121.601
11
111.902
21
-121.599
0
LINE
8
BLACK
6
CONTINUOUS
10
111.902
20
-121.599
11
111.674
21
-121.633
0
LINE
8
BLACK
6
CONTINUOUS
10
111.674
20
-121.633
11
111.456
21
-121.705
0
LINE
8
BLACK
6
CONTINUOUS
10
111.456
20
-121.705
11
111.251
21
-121.811
0
LINE
8
BLACK
6
CONTINUOUS
10
111.251
20
-121.811
11
111.067
21
-121.949
0
LINE
8
BLACK
6
CONTINUOUS
10
111.067
20
-121.949
11
110.908
21
-122.116
0
LINE
8
BLACK
6
CONTINUOUS
10
110.908
20
-122.116
11
110.779
21
-122.306
0
LINE
8
BLACK
6
CONTINUOUS
10
110.779
20
-122.306
11
110.682
21
-122.515
0
LINE
8
BLACK
6
CONTINUOUS
10
110.682
20
-122.515
11
110.62
21
-122.737
0
LINE
8
BLACK
6
CONTINUOUS
10
110.62
20
-122.737
11
110.596
21
-122.966
0
LINE
8
BLACK
6
CONTINUOUS
10
110.596
20
-122.966
11
110.609
21
-123.196
0
LINE
8
BLACK
6
CONTINUOUS
10
110.609
20
-123.196
11
110.659
21
-123.42
0
LINE
8
BLACK
6
CONTINUOUS
10
217.478
20
-122.506
11
217.574
21
-122.274
0
LINE
8
BLACK
6
CONTINUOUS
10
217.574
20
-122.274
11
217.706
21
-122.06
0
LINE
8
BLACK
6
CONTINUOUS
10
217.706
20
-122.06
11
217.869
21
-121.869
0
LINE
8
BLACK
6
CONTINUOUS
10
217.869
20
-121.869
11
218.06
21
-121.706
0
LINE
8
BLACK
6
CONTINUOUS
10
218.06
20
-121.706
11
218.274
21
-121.574
0
LINE
8
BLACK
6
CONTINUOUS
10
218.274
20
-121.574
11
218.506
21
-121.478
0
LINE
8
BLACK
6
CONTINUOUS
10
218.506
20
-121.478
11
218.75
21
-121.42
0
LINE
8
BLACK
6
CONTINUOUS
10
218.75
20
-121.42
11
219
21
-121.4
0
LINE
8
BLACK
6
CONTINUOUS
10
219
20
-121.4
11
219.25
21
-121.42
0
LINE
8
BLACK
6
CONTINUOUS
10
219.25
20
-121.42
11
219.494
21
-121.478
0
LINE
8
BLACK
6
CONTINUOUS
10
219.494
20
-121.478
11
219.726
21
-121.574
0
LINE
8
BLACK
6
CONTINUOUS
10
219.726
20
-121.574
11
219.94
21
-121.706
0
LINE
8
BLACK
6
CONTINUOUS
10
219.94
20
-121.706
11
220.131
21
-121.869
0
LINE
8
BLACK
6
CONTINUOUS
10
220.131
20
-121.869
11
220.294
21
-122.06
0
LINE
8
BLACK
6
CONTINUOUS
10
220.294
20
-122.06
11
220.426
21
-122.274
0
LINE
8
BLACK
6
CONTINUOUS
10
220.426
20
-122.274
11
220.522
21
-122.506
0
LINE
8
BLACK
6
CONTINUOUS
10
220.522
20
-122.506
11
220.58
21
-122.75
0
LINE
8
BLACK
6
CONTINUOUS
10
220.58
20
-122.75
11
220.6
21
-123
0
LINE
8
BLACK
6
CONTINUOUS
10
220.6
20
-123
11
220.58
21
-123.25
0
LINE
8
BLACK
6
CONTINUOUS
10
220.58
20
-123.25
11
220.522
21
-123.494
0
LINE
8
BLACK
6
CONTINUOUS
10
220.522
20
-123.494
11
220.426
21
-123.726
0
LINE
8
BLACK
6
CONTINUOUS
10
220.426
20
-123.726
11
220.294
21
-123.94
0
LINE
8
BLACK
6
CONTINUOUS
10
220.294
20
-123.94
11
220.131
21
-124.131
0
LINE
8
BLACK
6
CONTINUOUS
10
220.131
20
-124.131
11
219.94
21
-124.294
0
LINE
8
BLACK
6
CONTINUOUS
10
219.94
20
-124.294
11
219.726
21
-124.426
0
LINE
8
BLACK
6
CONTINUOUS
10
219.726
20
-124.426
11
219.494
21
-124.522
0
LINE
8
BLACK
6
CONTINUOUS
10
219.494
20
-124.522
11
219.25
21
-124.58
0
LINE
8
BLACK
6
CONTINUOUS
10
219.25
20
-124.58
11
219
21
-124.6
0
LINE
8
BLACK
6
CONTINUOUS
10
219
20
-124.6
11
218.75
21
-124.58
0
LINE
8
BLACK
6
CONTINUOUS
10
218.75
20
-124.58
11
218.506
21
-124.522
0
LINE
8
BLACK
6
CONTINUOUS
10
218.506
20
-124.522
11
218.274
21
-124.426
0
LINE
8
BLACK
6
CONTINUOUS
10
218.274
20
-124.426
11
218.06
21
-124.294
0
LINE
8
BLACK
6
CONTINUOUS
10
218.06
20
-124.294
11
217.869
21
-124.131
0
LINE
8
BLACK
6
CONTINUOUS
10
217.869
20
-124.131
11
217.706
21
-123.94
0
LINE
8
BLACK
6
CONTINUOUS
10
217.706
20
-123.94
11
217.574
21
-123.726
0
LINE
8
BLACK
6
CONTINUOUS
10
217.574
20
-123.726
11
217.478
21
-123.494
0
LINE
8
BLACK
6
CONTINUOUS
10
217.478
20
-123.494
11
217.42
21
-123.25
0
LINE
8
BLACK
6
CONTINUOUS
10
217.42
20
-123.25
11
217.4
21
-123
0
LINE
8
BLACK
6
CONTINUOUS
10
217.4
20
-123
11
217.403
21
-122.966
0
LINE
8
BLACK
6
CONTINUOUS
10
217.403
20
-122.966
11
217.42
21
-122.75
0
LINE
8
BLACK
6
CONTINUOUS
10
217.42
20
-122.75
11
217.478
21
-122.506
0
LINE
8
BLACK
6
CONTINUOUS
10
217.659
20
-123.42
11
217.746
21
-123.633
0
LINE
8
BLACK
6
CONTINUOUS
10
217.746
20
-123.633
11
217.866
21
-123.83
0
LINE
8
BLACK
6
CONTINUOUS
10
217.866
20
-123.83
11
218.017
21
-124.004
0
LINE
8
BLACK
6
CONTINUOUS
10
218.017
20
-124.004
11
218.194
21
-124.151
0
LINE
8
BLACK
6
CONTINUOUS
10
218.194
20
-124.151
11
218.393
21
-124.267
0
LINE
8
BLACK
6
CONTINUOUS
10
218.393
20
-124.267
11
218.608
21
-124.349
0
LINE
8
BLACK
6
CONTINUOUS
10
218.608
20
-124.349
11
218.834
21
-124.395
0
LINE
8
BLACK
6
CONTINUOUS
10
218.834
20
-124.395
11
219.064
21
-124.403
0
LINE
8
BLACK
6
CONTINUOUS
10
219.064
20
-124.403
11
219.292
21
-124.374
0
LINE
8
BLACK
6
CONTINUOUS
10
219.292
20
-124.374
11
219.513
21
-124.308
0
LINE
8
BLACK
6
CONTINUOUS
10
219.513
20
-124.308
11
219.719
21
-124.207
0
LINE
8
BLACK
6
CONTINUOUS
10
219.719
20
-124.207
11
219.907
21
-124.073
0
LINE
8
BLACK
6
CONTINUOUS
10
219.907
20
-124.073
11
220.07
21
-123.91
0
LINE
8
BLACK
6
CONTINUOUS
10
220.07
20
-123.91
11
220.204
21
-123.724
0
LINE
8
BLACK
6
CONTINUOUS
10
220.204
20
-123.724
11
220.306
21
-123.517
0
LINE
8
BLACK
6
CONTINUOUS
10
220.306
20
-123.517
11
220.373
21
-123.297
0
LINE
8
BLACK
6
CONTINUOUS
10
220.373
20
-123.297
11
220.403
21
-123.069
0
LINE
8
BLACK
6
CONTINUOUS
10
220.403
20
-123.069
11
220.405
21
-123
0
LINE
8
BLACK
6
CONTINUOUS
10
220.405
20
-123
11
220.386
21
-122.771
0
LINE
8
BLACK
6
CONTINUOUS
10
220.386
20
-122.771
11
220.33
21
-122.547
0
LINE
8
BLACK
6
CONTINUOUS
10
220.33
20
-122.547
11
220.238
21
-122.336
0
LINE
8
BLACK
6
CONTINUOUS
10
220.238
20
-122.336
11
220.113
21
-122.143
0
LINE
8
BLACK
6
CONTINUOUS
10
220.113
20
-122.143
11
219.958
21
-121.973
0
LINE
8
BLACK
6
CONTINUOUS
10
219.958
20
-121.973
11
219.777
21
-121.83
0
LINE
8
BLACK
6
CONTINUOUS
10
219.777
20
-121.83
11
219.576
21
-121.719
0
LINE
8
BLACK
6
CONTINUOUS
10
219.576
20
-121.719
11
219.359
21
-121.642
0
LINE
8
BLACK
6
CONTINUOUS
10
219.359
20
-121.642
11
219.132
21
-121.601
0
LINE
8
BLACK
6
CONTINUOUS
10
219.132
20
-121.601
11
218.902
21
-121.599
0
LINE
8
BLACK
6
CONTINUOUS
10
218.902
20
-121.599
11
218.674
21
-121.633
0
LINE
8
BLACK
6
CONTINUOUS
10
218.674
20
-121.633
11
218.456
21
-121.705
0
LINE
8
BLACK
6
CONTINUOUS
10
218.456
20
-121.705
11
218.251
21
-121.811
0
LINE
8
BLACK
6
CONTINUOUS
10
218.251
20
-121.811
11
218.067
21
-121.949
0
LINE
8
BLACK
6
CONTINUOUS
10
218.067
20
-121.949
11
217.908
21
-122.116
0
LINE
8
BLACK
6
CONTINUOUS
10
217.908
20
-122.116
11
217.779
21
-122.306
0
LINE
8
BLACK
6
CONTINUOUS
10
217.779
20
-122.306
11
217.682
21
-122.515
0
LINE
8
BLACK
6
CONTINUOUS
10
217.682
20
-122.515
11
217.62
21
-122.737
0
LINE
8
BLACK
6
CONTINUOUS
10
217.62
20
-122.737
11
217.596
21
-122.966
0
LINE
8
BLACK
6
CONTINUOUS
10
217.596
20
-122.966
11
217.609
21
-123.196
0
LINE
8
BLACK
6
CONTINUOUS
10
217.609
20
-123.196
11
217.659
21
-123.42
0
LINE
8
BLACK
6
CONTINUOUS
10
74.4783
20
-122.506
11
74.5744
21
-122.274
0
LINE
8
BLACK
6
CONTINUOUS
10
74.5744
20
-122.274
11
74.7056
21
-122.06
0
LINE
8
BLACK
6
CONTINUOUS
10
74.7056
20
-122.06
11
74.8686
21
-121.869
0
LINE
8
BLACK
6
CONTINUOUS
10
74.8686
20
-121.869
11
75.0595
21
-121.706
0
LINE
8
BLACK
6
CONTINUOUS
10
75.0595
20
-121.706
11
75.2736
21
-121.574
0
LINE
8
BLACK
6
CONTINUOUS
10
75.2736
20
-121.574
11
75.5056
21
-121.478
0
LINE
8
BLACK
6
CONTINUOUS
10
75.5056
20
-121.478
11
75.7497
21
-121.42
0
LINE
8
BLACK
6
CONTINUOUS
10
75.7497
20
-121.42
11
76
21
-121.4
0
LINE
8
BLACK
6
CONTINUOUS
10
76
20
-121.4
11
76.2503
21
-121.42
0
LINE
8
BLACK
6
CONTINUOUS
10
76.2503
20
-121.42
11
76.4944
21
-121.478
0
LINE
8
BLACK
6
CONTINUOUS
10
76.4944
20
-121.478
11
76.7264
21
-121.574
0
LINE
8
BLACK
6
CONTINUOUS
10
76.7264
20
-121.574
11
76.9405
21
-121.706
0
LINE
8
BLACK
6
CONTINUOUS
10
76.9405
20
-121.706
11
77.1314
21
-121.869
0
LINE
8
BLACK
6
CONTINUOUS
10
77.1314
20
-121.869
11
77.2944
21
-122.06
0
LINE
8
BLACK
6
CONTINUOUS
10
77.2944
20
-122.06
11
77.4256
21
-122.274
0
LINE
8
BLACK
6
CONTINUOUS
10
77.4256
20
-122.274
11
77.5217
21
-122.506
0
LINE
8
BLACK
6
CONTINUOUS
10
77.5217
20
-122.506
11
77.5803
21
-122.75
0
LINE
8
BLACK
6
CONTINUOUS
10
77.5803
20
-122.75
11
77.6
21
-123
0
LINE
8
BLACK
6
CONTINUOUS
10
77.6
20
-123
11
77.5803
21
-123.25
0
LINE
8
BLACK
6
CONTINUOUS
10
77.5803
20
-123.25
11
77.5217
21
-123.494
0
LINE
8
BLACK
6
CONTINUOUS
10
77.5217
20
-123.494
11
77.4256
21
-123.726
0
LINE
8
BLACK
6
CONTINUOUS
10
77.4256
20
-123.726
11
77.2944
21
-123.94
0
LINE
8
BLACK
6
CONTINUOUS
10
77.2944
20
-123.94
11
77.1314
21
-124.131
0
LINE
8
BLACK
6
CONTINUOUS
10
77.1314
20
-124.131
11
76.9405
21
-124.294
0
LINE
8
BLACK
6
CONTINUOUS
10
76.9405
20
-124.294
11
76.7264
21
-124.426
0
LINE
8
BLACK
6
CONTINUOUS
10
76.7264
20
-124.426
11
76.4944
21
-124.522
0
LINE
8
BLACK
6
CONTINUOUS
10
76.4944
20
-124.522
11
76.2503
21
-124.58
0
LINE
8
BLACK
6
CONTINUOUS
10
76.2503
20
-124.58
11
76
21
-124.6
0
LINE
8
BLACK
6
CONTINUOUS
10
76
20
-124.6
11
75.7497
21
-124.58
0
LINE
8
BLACK
6
CONTINUOUS
10
75.7497
20
-124.58
11
75.5056
21
-124.522
0
LINE
8
BLACK
6
CONTINUOUS
10
75.5056
20
-124.522
11
75.2736
21
-124.426
0
LINE
8
BLACK
6
CONTINUOUS
10
75.2736
20
-124.426
11
75.0595
21
-124.294
0
LINE
8
BLACK
6
CONTINUOUS
10
75.0595
20
-124.294
11
74.8686
21
-124.131
0
LINE
8
BLACK
6
CONTINUOUS
10
74.8686
20
-124.131
11
74.7056
21
-123.94
0
LINE
8
BLACK
6
CONTINUOUS
10
74.7056
20
-123.94
11
74.5744
21
-123.726
0
LINE
8
BLACK
6
CONTINUOUS
10
74.5744
20
-123.726
11
74.4783
21
-123.494
0
LINE
8
BLACK
6
CONTINUOUS
10
74.4783
20
-123.494
11
74.4197
21
-123.25
0
LINE
8
BLACK
6
CONTINUOUS
10
74.4197
20
-123.25
11
74.4
21
-123
0
LINE
8
BLACK
6
CONTINUOUS
10
74.4
20
-123
11
74.4027
21
-122.966
0
LINE
8
BLACK
6
CONTINUOUS
10
74.4027
20
-122.966
11
74.4197
21
-122.75
0
LINE
8
BLACK
6
CONTINUOUS
10
74.4197
20
-122.75
11
74.4783
21
-122.506
0
LINE
8
BLACK
6
CONTINUOUS
10
74.6595
20
-123.42
11
74.7461
21
-123.633
0
LINE
8
BLACK
6
CONTINUOUS
10
74.7461
20
-123.633
11
74.8664
21
-123.83
0
LINE
8
BLACK
6
CONTINUOUS
10
74.8664
20
-123.83
11
75.0171
21
-124.004
0
LINE
8
BLACK
6
CONTINUOUS
10
75.0171
20
-124.004
11
75.1942
21
-124.151
0
LINE
8
BLACK
6
CONTINUOUS
10
75.1942
20
-124.151
11
75.393
21
-124.267
0
LINE
8
BLACK
6
CONTINUOUS
10
75.393
20
-124.267
11
75.6081
21
-124.349
0
LINE
8
BLACK
6
CONTINUOUS
10
75.6081
20
-124.349
11
75.8337
21
-124.395
0
LINE
8
BLACK
6
CONTINUOUS
10
75.8337
20
-124.395
11
76.0637
21
-124.403
0
LINE
8
BLACK
6
CONTINUOUS
10
76.0637
20
-124.403
11
76.2921
21
-124.374
0
LINE
8
BLACK
6
CONTINUOUS
10
76.2921
20
-124.374
11
76.5126
21
-124.308
0
LINE
8
BLACK
6
CONTINUOUS
10
76.5126
20
-124.308
11
76.7193
21
-124.207
0
LINE
8
BLACK
6
CONTINUOUS
10
76.7193
20
-124.207
11
76.9067
21
-124.073
0
LINE
8
BLACK
6
CONTINUOUS
10
76.9067
20
-124.073
11
77.0698
21
-123.91
0
LINE
8
BLACK
6
CONTINUOUS
10
77.0698
20
-123.91
11
77.2041
21
-123.724
0
LINE
8
BLACK
6
CONTINUOUS
10
77.2041
20
-123.724
11
77.3061
21
-123.517
0
LINE
8
BLACK
6
CONTINUOUS
10
77.3061
20
-123.517
11
77.3731
21
-123.297
0
LINE
8
BLACK
6
CONTINUOUS
10
77.3731
20
-123.297
11
77.4031
21
-123.069
0
LINE
8
BLACK
6
CONTINUOUS
10
77.4031
20
-123.069
11
77.4048
21
-123
0
LINE
8
BLACK
6
CONTINUOUS
10
77.4048
20
-123
11
77.3859
21
-122.771
0
LINE
8
BLACK
6
CONTINUOUS
10
77.3859
20
-122.771
11
77.3299
21
-122.547
0
LINE
8
BLACK
6
CONTINUOUS
10
77.3299
20
-122.547
11
77.2381
21
-122.336
0
LINE
8
BLACK
6
CONTINUOUS
10
77.2381
20
-122.336
11
77.113
21
-122.143
0
LINE
8
BLACK
6
CONTINUOUS
10
77.113
20
-122.143
11
76.9581
21
-121.973
0
LINE
8
BLACK
6
CONTINUOUS
10
76.9581
20
-121.973
11
76.7774
21
-121.83
0
LINE
8
BLACK
6
CONTINUOUS
10
76.7774
20
-121.83
11
76.5759
21
-121.719
0
LINE
8
BLACK
6
CONTINUOUS
10
76.5759
20
-121.719
11
76.3588
21
-121.642
0
LINE
8
BLACK
6
CONTINUOUS
10
76.3588
20
-121.642
11
76.1322
21
-121.601
0
LINE
8
BLACK
6
CONTINUOUS
10
76.1322
20
-121.601
11
75.902
21
-121.599
0
LINE
8
BLACK
6
CONTINUOUS
10
75.902
20
-121.599
11
75.6744
21
-121.633
0
LINE
8
BLACK
6
CONTINUOUS
10
75.6744
20
-121.633
11
75.4556
21
-121.705
0
LINE
8
BLACK
6
CONTINUOUS
10
75.4556
20
-121.705
11
75.2514
21
-121.811
0
LINE
8
BLACK
6
CONTINUOUS
10
75.2514
20
-121.811
11
75.0673
21
-121.949
0
LINE
8
BLACK
6
CONTINUOUS
10
75.0673
20
-121.949
11
74.9083
21
-122.116
0
LINE
8
BLACK
6
CONTINUOUS
10
74.9083
20
-122.116
11
74.7785
21
-122.306
0
LINE
8
BLACK
6
CONTINUOUS
10
74.7785
20
-122.306
11
74.6816
21
-122.515
0
LINE
8
BLACK
6
CONTINUOUS
10
74.6816
20
-122.515
11
74.6201
21
-122.737
0
LINE
8
BLACK
6
CONTINUOUS
10
74.6201
20
-122.737
11
74.5956
21
-122.966
0
LINE
8
BLACK
6
CONTINUOUS
10
74.5956
20
-122.966
11
74.6089
21
-123.196
0
LINE
8
BLACK
6
CONTINUOUS
10
74.6089
20
-123.196
11
74.6595
21
-123.42
0
LINE
8
BLACK
6
CONTINUOUS
10
124.478
20
-122.506
11
124.574
21
-122.274
0
LINE
8
BLACK
6
CONTINUOUS
10
124.574
20
-122.274
11
124.706
21
-122.06
0
LINE
8
BLACK
6
CONTINUOUS
10
124.706
20
-122.06
11
124.869
21
-121.869
0
LINE
8
BLACK
6
CONTINUOUS
10
124.869
20
-121.869
11
125.06
21
-121.706
0
LINE
8
BLACK
6
CONTINUOUS
10
125.06
20
-121.706
11
125.274
21
-121.574
0
LINE
8
BLACK
6
CONTINUOUS
10
125.274
20
-121.574
11
125.506
21
-121.478
0
LINE
8
BLACK
6
CONTINUOUS
10
125.506
20
-121.478
11
125.75
21
-121.42
0
LINE
8
BLACK
6
CONTINUOUS
10
125.75
20
-121.42
11
126
21
-121.4
0
LINE
8
BLACK
6
CONTINUOUS
10
126
20
-121.4
11
126.25
21
-121.42
0
LINE
8
BLACK
6
CONTINUOUS
10
126.25
20
-121.42
11
126.494
21
-121.478
0
LINE
8
BLACK
6
CONTINUOUS
10
126.494
20
-121.478
11
126.726
21
-121.574
0
LINE
8
BLACK
6
CONTINUOUS
10
126.726
20
-121.574
11
126.94
21
-121.706
0
LINE
8
BLACK
6
CONTINUOUS
10
126.94
20
-121.706
11
127.131
21
-121.869
0
LINE
8
BLACK
6
CONTINUOUS
10
127.131
20
-121.869
11
127.294
21
-122.06
0
LINE
8
BLACK
6
CONTINUOUS
10
127.294
20
-122.06
11
127.426
21
-122.274
0
LINE
8
BLACK
6
CONTINUOUS
10
127.426
20
-122.274
11
127.522
21
-122.506
0
LINE
8
BLACK
6
CONTINUOUS
10
127.522
20
-122.506
11
127.58
21
-122.75
0
LINE
8
BLACK
6
CONTINUOUS
10
127.58
20
-122.75
11
127.6
21
-123
0
LINE
8
BLACK
6
CONTINUOUS
10
127.6
20
-123
11
127.58
21
-123.25
0
LINE
8
BLACK
6
CONTINUOUS
10
127.58
20
-123.25
11
127.522
21
-123.494
0
LINE
8
BLACK
6
CONTINUOUS
10
127.522
20
-123.494
11
127.426
21
-123.726
0
LINE
8
BLACK
6
CONTINUOUS
10
127.426
20
-123.726
11
127.294
21
-123.94
0
LINE
8
BLACK
6
CONTINUOUS
10
127.294
20
-123.94
11
127.131
21
-124.131
0
LINE
8
BLACK
6
CONTINUOUS
10
127.131
20
-124.131
11
126.94
21
-124.294
0
LINE
8
BLACK
6
CONTINUOUS
10
126.94
20
-124.294
11
126.726
21
-124.426
0
LINE
8
BLACK
6
CONTINUOUS
10
126.726
20
-124.426
11
126.494
21
-124.522
0
LINE
8
BLACK
6
CONTINUOUS
10
126.494
20
-124.522
11
126.25
21
-124.58
0
LINE
8
BLACK
6
CONTINUOUS
10
126.25
20
-124.58
11
126
21
-124.6
0
LINE
8
BLACK
6
CONTINUOUS
10
126
20
-124.6
11
125.75
21
-124.58
0
LINE
8
BLACK
6
CONTINUOUS
10
125.75
20
-124.58
11
125.506
21
-124.522
0
LINE
8
BLACK
6
CONTINUOUS
10
125.506
20
-124.522
11
125.274
21
-124.426
0
LINE
8
BLACK
6
CONTINUOUS
10
125.274
20
-124.426
11
125.06
21
-124.294
0
LINE
8
BLACK
6
CONTINUOUS
10
125.06
20
-124.294
11
124.869
21
-124.131
0
LINE
8
BLACK
6
CONTINUOUS
10
124.869
20
-124.131
11
124.706
21
-123.94
0
LINE
8
BLACK
6
CONTINUOUS
10
124.706
20
-123.94
11
124.574
21
-123.726
0
LINE
8
BLACK
6
CONTINUOUS
10
124.574
20
-123.726
11
124.478
21
-123.494
0
LINE
8
BLACK
6
CONTINUOUS
10
124.478
20
-123.494
11
124.42
21
-123.25
0
LINE
8
BLACK
6
CONTINUOUS
10
124.42
20
-123.25
11
124.4
21
-123
0
LINE
8
BLACK
6
CONTINUOUS
10
124.4
20
-123
11
124.403
21
-122.966
0
LINE
8
BLACK
6
CONTINUOUS
10
124.403
20
-122.966
11
124.42
21
-122.75
0
LINE
8
BLACK
6
CONTINUOUS
10
124.42
20
-122.75
11
124.478
21
-122.506
0
LINE
8
BLACK
6
CONTINUOUS
10
124.659
20
-123.42
11
124.746
21
-123.633
0
LINE
8
BLACK
6
CONTINUOUS
10
124.746
20
-123.633
11
124.866
21
-123.83
0
LINE
8
BLACK
6
CONTINUOUS
10
124.866
20
-123.83
11
125.017
21
-124.004
0
LINE
8
BLACK
6
CONTINUOUS
10
125.017
20
-124.004
11
125.194
21
-124.151
0
LINE
8
BLACK
6
CONTINUOUS
10
125.194
20
-124.151
11
125.393
21
-124.267
0
LINE
8
BLACK
6
CONTINUOUS
10
125.393
20
-124.267
11
125.608
21
-124.349
0
LINE
8
BLACK
6
CONTINUOUS
10
125.608
20
-124.349
11
125.834
21
-124.395
0
LINE
8
BLACK
6
CONTINUOUS
10
125.834
20
-124.395
11
126.064
21
-124.403
0
LINE
8
BLACK
6
CONTINUOUS
10
126.064
20
-124.403
11
126.292
21
-124.374
0
LINE
8
BLACK
6
CONTINUOUS
10
126.292
20
-124.374
11
126.513
21
-124.308
0
LINE
8
BLACK
6
CONTINUOUS
10
126.513
20
-124.308
11
126.719
21
-124.207
0
LINE
8
BLACK
6
CONTINUOUS
10
126.719
20
-124.207
11
126.907
21
-124.073
0
LINE
8
BLACK
6
CONTINUOUS
10
126.907
20
-124.073
11
127.07
21
-123.91
0
LINE
8
BLACK
6
CONTINUOUS
10
127.07
20
-123.91
11
127.204
21
-123.724
0
LINE
8
BLACK
6
CONTINUOUS
10
127.204
20
-123.724
11
127.306
21
-123.517
0
LINE
8
BLACK
6
CONTINUOUS
10
127.306
20
-123.517
11
127.373
21
-123.297
0
LINE
8
BLACK
6
CONTINUOUS
10
127.373
20
-123.297
11
127.403
21
-123.069
0
LINE
8
BLACK
6
CONTINUOUS
10
127.403
20
-123.069
11
127.405
21
-123
0
LINE
8
BLACK
6
CONTINUOUS
10
127.405
20
-123
11
127.386
21
-122.771
0
LINE
8
BLACK
6
CONTINUOUS
10
127.386
20
-122.771
11
127.33
21
-122.547
0
LINE
8
BLACK
6
CONTINUOUS
10
127.33
20
-122.547
11
127.238
21
-122.336
0
LINE
8
BLACK
6
CONTINUOUS
10
127.238
20
-122.336
11
127.113
21
-122.143
0
LINE
8
BLACK
6
CONTINUOUS
10
127.113
20
-122.143
11
126.958
21
-121.973
0
LINE
8
BLACK
6
CONTINUOUS
10
126.958
20
-121.973
11
126.777
21
-121.83
0
LINE
8
BLACK
6
CONTINUOUS
10
126.777
20
-121.83
11
126.576
21
-121.719
0
LINE
8
BLACK
6
CONTINUOUS
10
126.576
20
-121.719
11
126.359
21
-121.642
0
LINE
8
BLACK
6
CONTINUOUS
10
126.359
20
-121.642
11
126.132
21
-121.601
0
LINE
8
BLACK
6
CONTINUOUS
10
126.132
20
-121.601
11
125.902
21
-121.599
0
LINE
8
BLACK
6
CONTINUOUS
10
125.902
20
-121.599
11
125.674
21
-121.633
0
LINE
8
BLACK
6
CONTINUOUS
10
125.674
20
-121.633
11
125.456
21
-121.705
0
LINE
8
BLACK
6
CONTINUOUS
10
125.456
20
-121.705
11
125.251
21
-121.811
0
LINE
8
BLACK
6
CONTINUOUS
10
125.251
20
-121.811
11
125.067
21
-121.949
0
LINE
8
BLACK
6
CONTINUOUS
10
125.067
20
-121.949
11
124.908
21
-122.116
0
LINE
8
BLACK
6
CONTINUOUS
10
124.908
20
-122.116
11
124.779
21
-122.306
0
LINE
8
BLACK
6
CONTINUOUS
10
124.779
20
-122.306
11
124.682
21
-122.515
0
LINE
8
BLACK
6
CONTINUOUS
10
124.682
20
-122.515
11
124.62
21
-122.737
0
LINE
8
BLACK
6
CONTINUOUS
10
124.62
20
-122.737
11
124.596
21
-122.966
0
LINE
8
BLACK
6
CONTINUOUS
10
124.596
20
-122.966
11
124.609
21
-123.196
0
LINE
8
BLACK
6
CONTINUOUS
10
124.609
20
-123.196
11
124.659
21
-123.42
0
LINE
8
BLACK
6
CONTINUOUS
10
110.478
20
-82.5056
11
110.574
21
-82.2736
0
LINE
8
BLACK
6
CONTINUOUS
10
110.574
20
-82.2736
11
110.706
21
-82.0595
0
LINE
8
BLACK
6
CONTINUOUS
10
110.706
20
-82.0595
11
110.869
21
-81.8686
0
LINE
8
BLACK
6
CONTINUOUS
10
110.869
20
-81.8686
11
111.06
21
-81.7056
0
LINE
8
BLACK
6
CONTINUOUS
10
111.06
20
-81.7056
11
111.274
21
-81.5744
0
LINE
8
BLACK
6
CONTINUOUS
10
111.274
20
-81.5744
11
111.506
21
-81.4783
0
LINE
8
BLACK
6
CONTINUOUS
10
111.506
20
-81.4783
11
111.75
21
-81.4197
0
LINE
8
BLACK
6
CONTINUOUS
10
111.75
20
-81.4197
11
112
21
-81.4
0
LINE
8
BLACK
6
CONTINUOUS
10
112
20
-81.4
11
112.25
21
-81.4197
0
LINE
8
BLACK
6
CONTINUOUS
10
112.25
20
-81.4197
11
112.494
21
-81.4783
0
LINE
8
BLACK
6
CONTINUOUS
10
112.494
20
-81.4783
11
112.726
21
-81.5744
0
LINE
8
BLACK
6
CONTINUOUS
10
112.726
20
-81.5744
11
112.94
21
-81.7056
0
LINE
8
BLACK
6
CONTINUOUS
10
112.94
20
-81.7056
11
113.131
21
-81.8686
0
LINE
8
BLACK
6
CONTINUOUS
10
113.131
20
-81.8686
11
113.294
21
-82.0595
0
LINE
8
BLACK
6
CONTINUOUS
10
113.294
20
-82.0595
11
113.426
21
-82.2736
0
LINE
8
BLACK
6
CONTINUOUS
10
113.426
20
-82.2736
11
113.522
21
-82.5056
0
LINE
8
BLACK
6
CONTINUOUS
10
113.522
20
-82.5056
11
113.58
21
-82.7497
0
LINE
8
BLACK
6
CONTINUOUS
10
113.58
20
-82.7497
11
113.6
21
-83
0
LINE
8
BLACK
6
CONTINUOUS
10
113.6
20
-83
11
113.58
21
-83.2503
0
LINE
8
BLACK
6
CONTINUOUS
10
113.58
20
-83.2503
11
113.522
21
-83.4944
0
LINE
8
BLACK
6
CONTINUOUS
10
113.522
20
-83.4944
11
113.426
21
-83.7264
0
LINE
8
BLACK
6
CONTINUOUS
10
113.426
20
-83.7264
11
113.294
21
-83.9405
0
LINE
8
BLACK
6
CONTINUOUS
10
113.294
20
-83.9405
11
113.131
21
-84.1314
0
LINE
8
BLACK
6
CONTINUOUS
10
113.131
20
-84.1314
11
112.94
21
-84.2944
0
LINE
8
BLACK
6
CONTINUOUS
10
112.94
20
-84.2944
11
112.726
21
-84.4256
0
LINE
8
BLACK
6
CONTINUOUS
10
112.726
20
-84.4256
11
112.494
21
-84.5217
0
LINE
8
BLACK
6
CONTINUOUS
10
112.494
20
-84.5217
11
112.25
21
-84.5803
0
LINE
8
BLACK
6
CONTINUOUS
10
112.25
20
-84.5803
11
112
21
-84.6
0
LINE
8
BLACK
6
CONTINUOUS
10
112
20
-84.6
11
111.75
21
-84.5803
0
LINE
8
BLACK
6
CONTINUOUS
10
111.75
20
-84.5803
11
111.506
21
-84.5217
0
LINE
8
BLACK
6
CONTINUOUS
10
111.506
20
-84.5217
11
111.274
21
-84.4256
0
LINE
8
BLACK
6
CONTINUOUS
10
111.274
20
-84.4256
11
111.06
21
-84.2944
0
LINE
8
BLACK
6
CONTINUOUS
10
111.06
20
-84.2944
11
110.869
21
-84.1314
0
LINE
8
BLACK
6
CONTINUOUS
10
110.869
20
-84.1314
11
110.706
21
-83.9405
0
LINE
8
BLACK
6
CONTINUOUS
10
110.706
20
-83.9405
11
110.574
21
-83.7264
0
LINE
8
BLACK
6
CONTINUOUS
10
110.574
20
-83.7264
11
110.478
21
-83.4944
0
LINE
8
BLACK
6
CONTINUOUS
10
110.478
20
-83.4944
11
110.42
21
-83.2503
0
LINE
8
BLACK
6
CONTINUOUS
10
110.42
20
-83.2503
11
110.4
21
-83
0
LINE
8
BLACK
6
CONTINUOUS
10
110.4
20
-83
11
110.403
21
-82.9657
0
LINE
8
BLACK
6
CONTINUOUS
10
110.403
20
-82.9657
11
110.42
21
-82.7497
0
LINE
8
BLACK
6
CONTINUOUS
10
110.42
20
-82.7497
11
110.478
21
-82.5056
0
LINE
8
BLACK
6
CONTINUOUS
10
110.659
20
-83.4201
11
110.746
21
-83.6334
0
LINE
8
BLACK
6
CONTINUOUS
10
110.746
20
-83.6334
11
110.866
21
-83.8297
0
LINE
8
BLACK
6
CONTINUOUS
10
110.866
20
-83.8297
11
111.017
21
-84.0037
0
LINE
8
BLACK
6
CONTINUOUS
10
111.017
20
-84.0037
11
111.194
21
-84.1507
0
LINE
8
BLACK
6
CONTINUOUS
10
111.194
20
-84.1507
11
111.393
21
-84.2669
0
LINE
8
BLACK
6
CONTINUOUS
10
111.393
20
-84.2669
11
111.608
21
-84.349
0
LINE
8
BLACK
6
CONTINUOUS
10
111.608
20
-84.349
11
111.834
21
-84.3949
0
LINE
8
BLACK
6
CONTINUOUS
10
111.834
20
-84.3949
11
112.064
21
-84.4034
0
LINE
8
BLACK
6
CONTINUOUS
10
112.064
20
-84.4034
11
112.292
21
-84.3741
0
LINE
8
BLACK
6
CONTINUOUS
10
112.292
20
-84.3741
11
112.513
21
-84.3079
0
LINE
8
BLACK
6
CONTINUOUS
10
112.513
20
-84.3079
11
112.719
21
-84.2067
0
LINE
8
BLACK
6
CONTINUOUS
10
112.719
20
-84.2067
11
112.907
21
-84.073
0
LINE
8
BLACK
6
CONTINUOUS
10
112.907
20
-84.073
11
113.07
21
-83.9105
0
LINE
8
BLACK
6
CONTINUOUS
10
113.07
20
-83.9105
11
113.204
21
-83.7235
0
LINE
8
BLACK
6
CONTINUOUS
10
113.204
20
-83.7235
11
113.306
21
-83.5171
0
LINE
8
BLACK
6
CONTINUOUS
10
113.306
20
-83.5171
11
113.373
21
-83.2969
0
LINE
8
BLACK
6
CONTINUOUS
10
113.373
20
-83.2969
11
113.403
21
-83.0686
0
LINE
8
BLACK
6
CONTINUOUS
10
113.403
20
-83.0686
11
113.405
21
-83
0
LINE
8
BLACK
6
CONTINUOUS
10
113.405
20
-83
11
113.386
21
-82.7706
0
LINE
8
BLACK
6
CONTINUOUS
10
113.386
20
-82.7706
11
113.33
21
-82.5473
0
LINE
8
BLACK
6
CONTINUOUS
10
113.33
20
-82.5473
11
113.238
21
-82.3362
0
LINE
8
BLACK
6
CONTINUOUS
10
113.238
20
-82.3362
11
113.113
21
-82.1429
0
LINE
8
BLACK
6
CONTINUOUS
10
113.113
20
-82.1429
11
112.958
21
-81.9726
0
LINE
8
BLACK
6
CONTINUOUS
10
112.958
20
-81.9726
11
112.777
21
-81.8299
0
LINE
8
BLACK
6
CONTINUOUS
10
112.777
20
-81.8299
11
112.576
21
-81.7187
0
LINE
8
BLACK
6
CONTINUOUS
10
112.576
20
-81.7187
11
112.359
21
-81.6418
0
LINE
8
BLACK
6
CONTINUOUS
10
112.359
20
-81.6418
11
112.132
21
-81.6014
0
LINE
8
BLACK
6
CONTINUOUS
10
112.132
20
-81.6014
11
111.902
21
-81.5986
0
LINE
8
BLACK
6
CONTINUOUS
10
111.902
20
-81.5986
11
111.674
21
-81.6334
0
LINE
8
BLACK
6
CONTINUOUS
10
111.674
20
-81.6334
11
111.456
21
-81.705
0
LINE
8
BLACK
6
CONTINUOUS
10
111.456
20
-81.705
11
111.251
21
-81.8113
0
LINE
8
BLACK
6
CONTINUOUS
10
111.251
20
-81.8113
11
111.067
21
-81.9495
0
LINE
8
BLACK
6
CONTINUOUS
10
111.067
20
-81.9495
11
110.908
21
-82.1159
0
LINE
8
BLACK
6
CONTINUOUS
10
110.908
20
-82.1159
11
110.779
21
-82.3061
0
LINE
8
BLACK
6
CONTINUOUS
10
110.779
20
-82.3061
11
110.682
21
-82.5149
0
LINE
8
BLACK
6
CONTINUOUS
10
110.682
20
-82.5149
11
110.62
21
-82.7368
0
LINE
8
BLACK
6
CONTINUOUS
10
110.62
20
-82.7368
11
110.596
21
-82.9657
0
LINE
8
BLACK
6
CONTINUOUS
10
110.596
20
-82.9657
11
110.609
21
-83.1955
0
LINE
8
BLACK
6
CONTINUOUS
10
110.609
20
-83.1955
11
110.659
21
-83.4201
0
LINE
8
BLACK
6
CONTINUOUS
10
74.4783
20
-82.5056
11
74.5744
21
-82.2736
0
LINE
8
BLACK
6
CONTINUOUS
10
74.5744
20
-82.2736
11
74.7056
21
-82.0595
0
LINE
8
BLACK
6
CONTINUOUS
10
74.7056
20
-82.0595
11
74.8686
21
-81.8686
0
LINE
8
BLACK
6
CONTINUOUS
10
74.8686
20
-81.8686
11
75.0595
21
-81.7056
0
LINE
8
BLACK
6
CONTINUOUS
10
75.0595
20
-81.7056
11
75.2736
21
-81.5744
0
LINE
8
BLACK
6
CONTINUOUS
10
75.2736
20
-81.5744
11
75.5056
21
-81.4783
0
LINE
8
BLACK
6
CONTINUOUS
10
75.5056
20
-81.4783
11
75.7497
21
-81.4197
0
LINE
8
BLACK
6
CONTINUOUS
10
75.7497
20
-81.4197
11
76
21
-81.4
0
LINE
8
BLACK
6
CONTINUOUS
10
76
20
-81.4
11
76.2503
21
-81.4197
0
LINE
8
BLACK
6
CONTINUOUS
10
76.2503
20
-81.4197
11
76.4944
21
-81.4783
0
LINE
8
BLACK
6
CONTINUOUS
10
76.4944
20
-81.4783
11
76.7264
21
-81.5744
0
LINE
8
BLACK
6
CONTINUOUS
10
76.7264
20
-81.5744
11
76.9405
21
-81.7056
0
LINE
8
BLACK
6
CONTINUOUS
10
76.9405
20
-81.7056
11
77.1314
21
-81.8686
0
LINE
8
BLACK
6
CONTINUOUS
10
77.1314
20
-81.8686
11
77.2944
21
-82.0595
0
LINE
8
BLACK
6
CONTINUOUS
10
77.2944
20
-82.0595
11
77.4256
21
-82.2736
0
LINE
8
BLACK
6
CONTINUOUS
10
77.4256
20
-82.2736
11
77.5217
21
-82.5056
0
LINE
8
BLACK
6
CONTINUOUS
10
77.5217
20
-82.5056
11
77.5803
21
-82.7497
0
LINE
8
BLACK
6
CONTINUOUS
10
77.5803
20
-82.7497
11
77.6
21
-83
0
LINE
8
BLACK
6
CONTINUOUS
10
77.6
20
-83
11
77.5803
21
-83.2503
0
LINE
8
BLACK
6
CONTINUOUS
10
77.5803
20
-83.2503
11
77.5217
21
-83.4944
0
LINE
8
BLACK
6
CONTINUOUS
10
77.5217
20
-83.4944
11
77.4256
21
-83.7264
0
LINE
8
BLACK
6
CONTINUOUS
10
77.4256
20
-83.7264
11
77.2944
21
-83.9405
0
LINE
8
BLACK
6
CONTINUOUS
10
77.2944
20
-83.9405
11
77.1314
21
-84.1314
0
LINE
8
BLACK
6
CONTINUOUS
10
77.1314
20
-84.1314
11
76.9405
21
-84.2944
0
LINE
8
BLACK
6
CONTINUOUS
10
76.9405
20
-84.2944
11
76.7264
21
-84.4256
0
LINE
8
BLACK
6
CONTINUOUS
10
76.7264
20
-84.4256
11
76.4944
21
-84.5217
0
LINE
8
BLACK
6
CONTINUOUS
10
76.4944
20
-84.5217
11
76.2503
21
-84.5803
0
LINE
8
BLACK
6
CONTINUOUS
10
76.2503
20
-84.5803
11
76
21
-84.6
0
LINE
8
BLACK
6
CONTINUOUS
10
76
20
-84.6
11
75.7497
21
-84.5803
0
LINE
8
BLACK
6
CONTINUOUS
10
75.7497
20
-84.5803
11
75.5056
21
-84.5217
0
LINE
8
BLACK
6
CONTINUOUS
10
75.5056
20
-84.5217
11
75.2736
21
-84.4256
0
LINE
8
BLACK
6
CONTINUOUS
10
75.2736
20
-84.4256
11
75.0595
21
-84.2944
0
LINE
8
BLACK
6
CONTINUOUS
10
75.0595
20
-84.2944
11
74.8686
21
-84.1314
0
LINE
8
BLACK
6
CONTINUOUS
10
74.8686
20
-84.1314
11
74.7056
21
-83.9405
0
LINE
8
BLACK
6
CONTINUOUS
10
74.7056
20
-83.9405
11
74.5744
21
-83.7264
0
LINE
8
BLACK
6
CONTINUOUS
10
74.5744
20
-83.7264
11
74.4783
21
-83.4944
0
LINE
8
BLACK
6
CONTINUOUS
10
74.4783
20
-83.4944
11
74.4197
21
-83.2503
0
LINE
8
BLACK
6
CONTINUOUS
10
74.4197
20
-83.2503
11
74.4
21
-83
0
LINE
8
BLACK
6
CONTINUOUS
10
74.4
20
-83
11
74.4027
21
-82.9657
0
LINE
8
BLACK
6
CONTINUOUS
10
74.4027
20
-82.9657
11
74.4197
21
-82.7497
0
LINE
8
BLACK
6
CONTINUOUS
10
74.4197
20
-82.7497
11
74.4783
21
-82.5056
0
LINE
8
BLACK
6
CONTINUOUS
10
74.6595
20
-83.4201
11
74.7461
21
-83.6334
0
LINE
8
BLACK
6
CONTINUOUS
10
74.7461
20
-83.6334
11
74.8664
21
-83.8297
0
LINE
8
BLACK
6
CONTINUOUS
10
74.8664
20
-83.8297
11
75.0171
21
-84.0037
0
LINE
8
BLACK
6
CONTINUOUS
10
75.0171
20
-84.0037
11
75.1942
21
-84.1507
0
LINE
8
BLACK
6
CONTINUOUS
10
75.1942
20
-84.1507
11
75.393
21
-84.2669
0
LINE
8
BLACK
6
CONTINUOUS
10
75.393
20
-84.2669
11
75.6081
21
-84.349
0
LINE
8
BLACK
6
CONTINUOUS
10
75.6081
20
-84.349
11
75.8337
21
-84.3949
0
LINE
8
BLACK
6
CONTINUOUS
10
75.8337
20
-84.3949
11
76.0637
21
-84.4034
0
LINE
8
BLACK
6
CONTINUOUS
10
76.0637
20
-84.4034
11
76.2921
21
-84.3741
0
LINE
8
BLACK
6
CONTINUOUS
10
76.2921
20
-84.3741
11
76.5126
21
-84.3079
0
LINE
8
BLACK
6
CONTINUOUS
10
76.5126
20
-84.3079
11
76.7193
21
-84.2067
0
LINE
8
BLACK
6
CONTINUOUS
10
76.7193
20
-84.2067
11
76.9067
21
-84.073
0
LINE
8
BLACK
6
CONTINUOUS
10
76.9067
20
-84.073
11
77.0698
21
-83.9105
0
LINE
8
BLACK
6
CONTINUOUS
10
77.0698
20
-83.9105
11
77.2041
21
-83.7235
0
LINE
8
BLACK
6
CONTINUOUS
10
77.2041
20
-83.7235
11
77.3061
21
-83.5171
0
LINE
8
BLACK
6
CONTINUOUS
10
77.3061
20
-83.5171
11
77.3731
21
-83.2969
0
LINE
8
BLACK
6
CONTINUOUS
10
77.3731
20
-83.2969
11
77.4031
21
-83.0686
0
LINE
8
BLACK
6
CONTINUOUS
10
77.4031
20
-83.0686
11
77.4048
21
-83
0
LINE
8
BLACK
6
CONTINUOUS
10
77.4048
20
-83
11
77.3859
21
-82.7706
0
LINE
8
BLACK
6
CONTINUOUS
10
77.3859
20
-82.7706
11
77.3299
21
-82.5473
0
LINE
8
BLACK
6
CONTINUOUS
10
77.3299
20
-82.5473
11
77.2381
21
-82.3362
0
LINE
8
BLACK
6
CONTINUOUS
10
77.2381
20
-82.3362
11
77.113
21
-82.1429
0
LINE
8
BLACK
6
CONTINUOUS
10
77.113
20
-82.1429
11
76.9581
21
-81.9726
0
LINE
8
BLACK
6
CONTINUOUS
10
76.9581
20
-81.9726
11
76.7774
21
-81.8299
0
LINE
8
BLACK
6
CONTINUOUS
10
76.7774
20
-81.8299
11
76.5759
21
-81.7187
0
LINE
8
BLACK
6
CONTINUOUS
10
76.5759
20
-81.7187
11
76.3588
21
-81.6418
0
LINE
8
BLACK
6
CONTINUOUS
10
76.3588
20
-81.6418
11
76.1322
21
-81.6014
0
LINE
8
BLACK
6
CONTINUOUS
10
76.1322
20
-81.6014
11
75.902
21
-81.5986
0
LINE
8
BLACK
6
CONTINUOUS
10
75.902
20
-81.5986
11
75.6744
21
-81.6334
0
LINE
8
BLACK
6
CONTINUOUS
10
75.6744
20
-81.6334
11
75.4556
21
-81.705
0
LINE
8
BLACK
6
CONTINUOUS
10
75.4556
20
-81.705
11
75.2514
21
-81.8113
0
LINE
8
BLACK
6
CONTINUOUS
10
75.2514
20
-81.8113
11
75.0673
21
-81.9495
0
LINE
8
BLACK
6
CONTINUOUS
10
75.0673
20
-81.9495
11
74.9083
21
-82.1159
0
LINE
8
BLACK
6
CONTINUOUS
10
74.9083
20
-82.1159
11
74.7785
21
-82.3061
0
LINE
8
BLACK
6
CONTINUOUS
10
74.7785
20
-82.3061
11
74.6816
21
-82.5149
0
LINE
8
BLACK
6
CONTINUOUS
10
74.6816
20
-82.5149
11
74.6201
21
-82.7368
0
LINE
8
BLACK
6
CONTINUOUS
10
74.6201
20
-82.7368
11
74.5956
21
-82.9657
0
LINE
8
BLACK
6
CONTINUOUS
10
74.5956
20
-82.9657
11
74.6089
21
-83.1955
0
LINE
8
BLACK
6
CONTINUOUS
10
74.6089
20
-83.1955
11
74.6595
21
-83.4201
0
LINE
8
BLACK
6
CONTINUOUS
10
124.478
20
-67.5056
11
124.574
21
-67.2736
0
LINE
8
BLACK
6
CONTINUOUS
10
124.574
20
-67.2736
11
124.706
21
-67.0595
0
LINE
8
BLACK
6
CONTINUOUS
10
124.706
20
-67.0595
11
124.869
21
-66.8686
0
LINE
8
BLACK
6
CONTINUOUS
10
124.869
20
-66.8686
11
125.06
21
-66.7056
0
LINE
8
BLACK
6
CONTINUOUS
10
125.06
20
-66.7056
11
125.274
21
-66.5744
0
LINE
8
BLACK
6
CONTINUOUS
10
125.274
20
-66.5744
11
125.506
21
-66.4783
0
LINE
8
BLACK
6
CONTINUOUS
10
125.506
20
-66.4783
11
125.75
21
-66.4197
0
LINE
8
BLACK
6
CONTINUOUS
10
125.75
20
-66.4197
11
126
21
-66.4
0
LINE
8
BLACK
6
CONTINUOUS
10
126
20
-66.4
11
126.25
21
-66.4197
0
LINE
8
BLACK
6
CONTINUOUS
10
126.25
20
-66.4197
11
126.494
21
-66.4783
0
LINE
8
BLACK
6
CONTINUOUS
10
126.494
20
-66.4783
11
126.726
21
-66.5744
0
LINE
8
BLACK
6
CONTINUOUS
10
126.726
20
-66.5744
11
126.94
21
-66.7056
0
LINE
8
BLACK
6
CONTINUOUS
10
126.94
20
-66.7056
11
127.131
21
-66.8686
0
LINE
8
BLACK
6
CONTINUOUS
10
127.131
20
-66.8686
11
127.294
21
-67.0595
0
LINE
8
BLACK
6
CONTINUOUS
10
127.294
20
-67.0595
11
127.426
21
-67.2736
0
LINE
8
BLACK
6
CONTINUOUS
10
127.426
20
-67.2736
11
127.522
21
-67.5056
0
LINE
8
BLACK
6
CONTINUOUS
10
127.522
20
-67.5056
11
127.58
21
-67.7497
0
LINE
8
BLACK
6
CONTINUOUS
10
127.58
20
-67.7497
11
127.6
21
-68
0
LINE
8
BLACK
6
CONTINUOUS
10
127.6
20
-68
11
127.58
21
-68.2503
0
LINE
8
BLACK
6
CONTINUOUS
10
127.58
20
-68.2503
11
127.522
21
-68.4944
0
LINE
8
BLACK
6
CONTINUOUS
10
127.522
20
-68.4944
11
127.426
21
-68.7264
0
LINE
8
BLACK
6
CONTINUOUS
10
127.426
20
-68.7264
11
127.294
21
-68.9405
0
LINE
8
BLACK
6
CONTINUOUS
10
127.294
20
-68.9405
11
127.131
21
-69.1314
0
LINE
8
BLACK
6
CONTINUOUS
10
127.131
20
-69.1314
11
126.94
21
-69.2944
0
LINE
8
BLACK
6
CONTINUOUS
10
126.94
20
-69.2944
11
126.726
21
-69.4256
0
LINE
8
BLACK
6
CONTINUOUS
10
126.726
20
-69.4256
11
126.494
21
-69.5217
0
LINE
8
BLACK
6
CONTINUOUS
10
126.494
20
-69.5217
11
126.25
21
-69.5803
0
LINE
8
BLACK
6
CONTINUOUS
10
126.25
20
-69.5803
11
126
21
-69.6
0
LINE
8
BLACK
6
CONTINUOUS
10
126
20
-69.6
11
125.75
21
-69.5803
0
LINE
8
BLACK
6
CONTINUOUS
10
125.75
20
-69.5803
11
125.506
21
-69.5217
0
LINE
8
BLACK
6
CONTINUOUS
10
125.506
20
-69.5217
11
125.274
21
-69.4256
0
LINE
8
BLACK
6
CONTINUOUS
10
125.274
20
-69.4256
11
125.06
21
-69.2944
0
LINE
8
BLACK
6
CONTINUOUS
10
125.06
20
-69.2944
11
124.869
21
-69.1314
0
LINE
8
BLACK
6
CONTINUOUS
10
124.869
20
-69.1314
11
124.706
21
-68.9405
0
LINE
8
BLACK
6
CONTINUOUS
10
124.706
20
-68.9405
11
124.574
21
-68.7264
0
LINE
8
BLACK
6
CONTINUOUS
10
124.574
20
-68.7264
11
124.478
21
-68.4944
0
LINE
8
BLACK
6
CONTINUOUS
10
124.478
20
-68.4944
11
124.42
21
-68.2503
0
LINE
8
BLACK
6
CONTINUOUS
10
124.42
20
-68.2503
11
124.4
21
-68
0
LINE
8
BLACK
6
CONTINUOUS
10
124.4
20
-68
11
124.403
21
-67.9657
0
LINE
8
BLACK
6
CONTINUOUS
10
124.403
20
-67.9657
11
124.42
21
-67.7497
0
LINE
8
BLACK
6
CONTINUOUS
10
124.42
20
-67.7497
11
124.478
21
-67.5056
0
LINE
8
BLACK
6
CONTINUOUS
10
124.659
20
-68.4201
11
124.746
21
-68.6334
0
LINE
8
BLACK
6
CONTINUOUS
10
124.746
20
-68.6334
11
124.866
21
-68.8297
0
LINE
8
BLACK
6
CONTINUOUS
10
124.866
20
-68.8297
11
125.017
21
-69.0037
0
LINE
8
BLACK
6
CONTINUOUS
10
125.017
20
-69.0037
11
125.194
21
-69.1507
0
LINE
8
BLACK
6
CONTINUOUS
10
125.194
20
-69.1507
11
125.393
21
-69.2669
0
LINE
8
BLACK
6
CONTINUOUS
10
125.393
20
-69.2669
11
125.608
21
-69.349
0
LINE
8
BLACK
6
CONTINUOUS
10
125.608
20
-69.349
11
125.834
21
-69.3949
0
LINE
8
BLACK
6
CONTINUOUS
10
125.834
20
-69.3949
11
126.064
21
-69.4034
0
LINE
8
BLACK
6
CONTINUOUS
10
126.064
20
-69.4034
11
126.292
21
-69.3741
0
LINE
8
BLACK
6
CONTINUOUS
10
126.292
20
-69.3741
11
126.513
21
-69.3079
0
LINE
8
BLACK
6
CONTINUOUS
10
126.513
20
-69.3079
11
126.719
21
-69.2067
0
LINE
8
BLACK
6
CONTINUOUS
10
126.719
20
-69.2067
11
126.907
21
-69.073
0
LINE
8
BLACK
6
CONTINUOUS
10
126.907
20
-69.073
11
127.07
21
-68.9105
0
LINE
8
BLACK
6
CONTINUOUS
10
127.07
20
-68.9105
11
127.204
21
-68.7235
0
LINE
8
BLACK
6
CONTINUOUS
10
127.204
20
-68.7235
11
127.306
21
-68.5171
0
LINE
8
BLACK
6
CONTINUOUS
10
127.306
20
-68.5171
11
127.373
21
-68.2969
0
LINE
8
BLACK
6
CONTINUOUS
10
127.373
20
-68.2969
11
127.403
21
-68.0686
0
LINE
8
BLACK
6
CONTINUOUS
10
127.403
20
-68.0686
11
127.405
21
-68
0
LINE
8
BLACK
6
CONTINUOUS
10
127.405
20
-68
11
127.386
21
-67.7706
0
LINE
8
BLACK
6
CONTINUOUS
10
127.386
20
-67.7706
11
127.33
21
-67.5473
0
LINE
8
BLACK
6
CONTINUOUS
10
127.33
20
-67.5473
11
127.238
21
-67.3362
0
LINE
8
BLACK
6
CONTINUOUS
10
127.238
20
-67.3362
11
127.113
21
-67.1429
0
LINE
8
BLACK
6
CONTINUOUS
10
127.113
20
-67.1429
11
126.958
21
-66.9726
0
LINE
8
BLACK
6
CONTINUOUS
10
126.958
20
-66.9726
11
126.777
21
-66.8299
0
LINE
8
BLACK
6
CONTINUOUS
10
126.777
20
-66.8299
11
126.576
21
-66.7187
0
LINE
8
BLACK
6
CONTINUOUS
10
126.576
20
-66.7187
11
126.359
21
-66.6418
0
LINE
8
BLACK
6
CONTINUOUS
10
126.359
20
-66.6418
11
126.132
21
-66.6014
0
LINE
8
BLACK
6
CONTINUOUS
10
126.132
20
-66.6014
11
125.902
21
-66.5986
0
LINE
8
BLACK
6
CONTINUOUS
10
125.902
20
-66.5986
11
125.674
21
-66.6334
0
LINE
8
BLACK
6
CONTINUOUS
10
125.674
20
-66.6334
11
125.456
21
-66.705
0
LINE
8
BLACK
6
CONTINUOUS
10
125.456
20
-66.705
11
125.251
21
-66.8113
0
LINE
8
BLACK
6
CONTINUOUS
10
125.251
20
-66.8113
11
125.067
21
-66.9495
0
LINE
8
BLACK
6
CONTINUOUS
10
125.067
20
-66.9495
11
124.908
21
-67.1159
0
LINE
8
BLACK
6
CONTINUOUS
10
124.908
20
-67.1159
11
124.779
21
-67.3061
0
LINE
8
BLACK
6
CONTINUOUS
10
124.779
20
-67.3061
11
124.682
21
-67.5149
0
LINE
8
BLACK
6
CONTINUOUS
10
124.682
20
-67.5149
11
124.62
21
-67.7368
0
LINE
8
BLACK
6
CONTINUOUS
10
124.62
20
-67.7368
11
124.596
21
-67.9657
0
LINE
8
BLACK
6
CONTINUOUS
10
124.596
20
-67.9657
11
124.609
21
-68.1955
0
LINE
8
BLACK
6
CONTINUOUS
10
124.609
20
-68.1955
11
124.659
21
-68.4201
0
LINE
8
BLACK
6
CONTINUOUS
10
217.478
20
-67.5056
11
217.574
21
-67.2736
0
LINE
8
BLACK
6
CONTINUOUS
10
217.574
20
-67.2736
11
217.706
21
-67.0595
0
LINE
8
BLACK
6
CONTINUOUS
10
217.706
20
-67.0595
11
217.869
21
-66.8686
0
LINE
8
BLACK
6
CONTINUOUS
10
217.869
20
-66.8686
11
218.06
21
-66.7056
0
LINE
8
BLACK
6
CONTINUOUS
10
218.06
20
-66.7056
11
218.274
21
-66.5744
0
LINE
8
BLACK
6
CONTINUOUS
10
218.274
20
-66.5744
11
218.506
21
-66.4783
0
LINE
8
BLACK
6
CONTINUOUS
10
218.506
20
-66.4783
11
218.75
21
-66.4197
0
LINE
8
BLACK
6
CONTINUOUS
10
218.75
20
-66.4197
11
219
21
-66.4
0
LINE
8
BLACK
6
CONTINUOUS
10
219
20
-66.4
11
219.25
21
-66.4197
0
LINE
8
BLACK
6
CONTINUOUS
10
219.25
20
-66.4197
11
219.494
21
-66.4783
0
LINE
8
BLACK
6
CONTINUOUS
10
219.494
20
-66.4783
11
219.726
21
-66.5744
0
LINE
8
BLACK
6
CONTINUOUS
10
219.726
20
-66.5744
11
219.94
21
-66.7056
0
LINE
8
BLACK
6
CONTINUOUS
10
219.94
20
-66.7056
11
220.131
21
-66.8686
0
LINE
8
BLACK
6
CONTINUOUS
10
220.131
20
-66.8686
11
220.294
21
-67.0595
0
LINE
8
BLACK
6
CONTINUOUS
10
220.294
20
-67.0595
11
220.426
21
-67.2736
0
LINE
8
BLACK
6
CONTINUOUS
10
220.426
20
-67.2736
11
220.522
21
-67.5056
0
LINE
8
BLACK
6
CONTINUOUS
10
220.522
20
-67.5056
11
220.58
21
-67.7497
0
LINE
8
BLACK
6
CONTINUOUS
10
220.58
20
-67.7497
11
220.6
21
-68
0
LINE
8
BLACK
6
CONTINUOUS
10
220.6
20
-68
11
220.58
21
-68.2503
0
LINE
8
BLACK
6
CONTINUOUS
10
220.58
20
-68.2503
11
220.522
21
-68.4944
0
LINE
8
BLACK
6
CONTINUOUS
10
220.522
20
-68.4944
11
220.426
21
-68.7264
0
LINE
8
BLACK
6
CONTINUOUS
10
220.426
20
-68.7264
11
220.294
21
-68.9405
0
LINE
8
BLACK
6
CONTINUOUS
10
220.294
20
-68.9405
11
220.131
21
-69.1314
0
LINE
8
BLACK
6
CONTINUOUS
10
220.131
20
-69.1314
11
219.94
21
-69.2944
0
LINE
8
BLACK
6
CONTINUOUS
10
219.94
20
-69.2944
11
219.726
21
-69.4256
0
LINE
8
BLACK
6
CONTINUOUS
10
219.726
20
-69.4256
11
219.494
21
-69.5217
0
LINE
8
BLACK
6
CONTINUOUS
10
219.494
20
-69.5217
11
219.25
21
-69.5803
0
LINE
8
BLACK
6
CONTINUOUS
10
219.25
20
-69.5803
11
219
21
-69.6
0
LINE
8
BLACK
6
CONTINUOUS
10
219
20
-69.6
11
218.75
21
-69.5803
0
LINE
8
BLACK
6
CONTINUOUS
10
218.75
20
-69.5803
11
218.506
21
-69.5217
0
LINE
8
BLACK
6
CONTINUOUS
10
218.506
20
-69.5217
11
218.274
21
-69.4256
0
LINE
8
BLACK
6
CONTINUOUS
10
218.274
20
-69.4256
11
218.06
21
-69.2944
0
LINE
8
BLACK
6
CONTINUOUS
10
218.06
20
-69.2944
11
217.869
21
-69.1314
0
LINE
8
BLACK
6
CONTINUOUS
10
217.869
20
-69.1314
11
217.706
21
-68.9405
0
LINE
8
BLACK
6
CONTINUOUS
10
217.706
20
-68.9405
11
217.574
21
-68.7264
0
LINE
8
BLACK
6
CONTINUOUS
10
217.574
20
-68.7264
11
217.478
21
-68.4944
0
LINE
8
BLACK
6
CONTINUOUS
10
217.478
20
-68.4944
11
217.42
21
-68.2503
0
LINE
8
BLACK
6
CONTINUOUS
10
217.42
20
-68.2503
11
217.4
21
-68
0
LINE
8
BLACK
6
CONTINUOUS
10
217.4
20
-68
11
217.403
21
-67.9657
0
LINE
8
BLACK
6
CONTINUOUS
10
217.403
20
-67.9657
11
217.42
21
-67.7497
0
LINE
8
BLACK
6
CONTINUOUS
10
217.42
20
-67.7497
11
217.478
21
-67.5056
0
LINE
8
BLACK
6
CONTINUOUS
10
217.659
20
-68.4201
11
217.746
21
-68.6334
0
LINE
8
BLACK
6
CONTINUOUS
10
217.746
20
-68.6334
11
217.866
21
-68.8297
0
LINE
8
BLACK
6
CONTINUOUS
10
217.866
20
-68.8297
11
218.017
21
-69.0037
0
LINE
8
BLACK
6
CONTINUOUS
10
218.017
20
-69.0037
11
218.194
21
-69.1507
0
LINE
8
BLACK
6
CONTINUOUS
10
218.194
20
-69.1507
11
218.393
21
-69.2669
0
LINE
8
BLACK
6
CONTINUOUS
10
218.393
20
-69.2669
11
218.608
21
-69.349
0
LINE
8
BLACK
6
CONTINUOUS
10
218.608
20
-69.349
11
218.834
21
-69.3949
0
LINE
8
BLACK
6
CONTINUOUS
10
218.834
20
-69.3949
11
219.064
21
-69.4034
0
LINE
8
BLACK
6
CONTINUOUS
10
219.064
20
-69.4034
11
219.292
21
-69.3741
0
LINE
8
BLACK
6
CONTINUOUS
10
219.292
20
-69.3741
11
219.513
21
-69.3079
0
LINE
8
BLACK
6
CONTINUOUS
10
219.513
20
-69.3079
11
219.719
21
-69.2067
0
LINE
8
BLACK
6
CONTINUOUS
10
219.719
20
-69.2067
11
219.907
21
-69.073
0
LINE
8
BLACK
6
CONTINUOUS
10
219.907
20
-69.073
11
220.07
21
-68.9105
0
LINE
8
BLACK
6
CONTINUOUS
10
220.07
20
-68.9105
11
220.204
21
-68.7235
0
LINE
8
BLACK
6
CONTINUOUS
10
220.204
20
-68.7235
11
220.306
21
-68.5171
0
LINE
8
BLACK
6
CONTINUOUS
10
220.306
20
-68.5171
11
220.373
21
-68.2969
0
LINE
8
BLACK
6
CONTINUOUS
10
220.373
20
-68.2969
11
220.403
21
-68.0686
0
LINE
8
BLACK
6
CONTINUOUS
10
220.403
20
-68.0686
11
220.405
21
-68
0
LINE
8
BLACK
6
CONTINUOUS
10
220.405
20
-68
11
220.386
21
-67.7706
0
LINE
8
BLACK
6
CONTINUOUS
10
220.386
20
-67.7706
11
220.33
21
-67.5473
0
LINE
8
BLACK
6
CONTINUOUS
10
220.33
20
-67.5473
11
220.238
21
-67.3362
0
LINE
8
BLACK
6
CONTINUOUS
10
220.238
20
-67.3362
11
220.113
21
-67.1429
0
LINE
8
BLACK
6
CONTINUOUS
10
220.113
20
-67.1429
11
219.958
21
-66.9726
0
LINE
8
BLACK
6
CONTINUOUS
10
219.958
20
-66.9726
11
219.777
21
-66.8299
0
LINE
8
BLACK
6
CONTINUOUS
10
219.777
20
-66.8299
11
219.576
21
-66.7187
0
LINE
8
BLACK
6
CONTINUOUS
10
219.576
20
-66.7187
11
219.359
21
-66.6418
0
LINE
8
BLACK
6
CONTINUOUS
10
219.359
20
-66.6418
11
219.132
21
-66.6014
0
LINE
8
BLACK
6
CONTINUOUS
10
219.132
20
-66.6014
11
218.902
21
-66.5986
0
LINE
8
BLACK
6
CONTINUOUS
10
218.902
20
-66.5986
11
218.674
21
-66.6334
0
LINE
8
BLACK
6
CONTINUOUS
10
218.674
20
-66.6334
11
218.456
21
-66.705
0
LINE
8
BLACK
6
CONTINUOUS
10
218.456
20
-66.705
11
218.251
21
-66.8113
0
LINE
8
BLACK
6
CONTINUOUS
10
218.251
20
-66.8113
11
218.067
21
-66.9495
0
LINE
8
BLACK
6
CONTINUOUS
10
218.067
20
-66.9495
11
217.908
21
-67.1159
0
LINE
8
BLACK
6
CONTINUOUS
10
217.908
20
-67.1159
11
217.779
21
-67.3061
0
LINE
8
BLACK
6
CONTINUOUS
10
217.779
20
-67.3061
11
217.682
21
-67.5149
0
LINE
8
BLACK
6
CONTINUOUS
10
217.682
20
-67.5149
11
217.62
21
-67.7368
0
LINE
8
BLACK
6
CONTINUOUS
10
217.62
20
-67.7368
11
217.596
21
-67.9657
0
LINE
8
BLACK
6
CONTINUOUS
10
217.596
20
-67.9657
11
217.609
21
-68.1955
0
LINE
8
BLACK
6
CONTINUOUS
10
217.609
20
-68.1955
11
217.659
21
-68.4201
0
CIRCLE
8
BLACK
10
170.1
20
-116.72
40
0.6
0
CIRCLE
8
BLACK
10
170.1
20
-101.48
40
0.6
0
CIRCLE
8
BLACK
10
133.9
20
-72
40
0.5
0
CIRCLE
8
BLACK
10
133.9
20
-74.54
40
0.5
0
CIRCLE
8
BLACK
10
133.9
20
-77.08
40
0.5
0
CIRCLE
8
BLACK
10
133.9
20
-79.62
40
0.5
0
CIRCLE
8
BLACK
10
142.5
20
-127.8
40
0.5
0
CIRCLE
8
BLACK
10
145.04
20
-127.8
40
0.5
0
CIRCLE
8
BLACK
10
147.58
20
-127.8
40
0.5
0
CIRCLE
8
BLACK
10
150.12
20
-127.8
40
0.5
0
CIRCLE
8
BLACK
10
96.3
20
-83.3
40
0.5
0
CIRCLE
8
BLACK
10
98.84
20
-83.3
40
0.5
0
CIRCLE
8
BLACK
10
101.38
20
-83.3
40
0.5
0
CIRCLE
8
BLACK
10
103.92
20
-83.3
40
0.5
0
CIRCLE
8
BLACK
10
213.212
20
-100.45
40
0.475
0
CIRCLE
8
BLACK
10
213.212
20
-102.95
40
0.475
0
CIRCLE
8
BLACK
10
215.212
20
-102.95
40
0.475
0
CIRCLE
8
BLACK
10
215.212
20
-100.45
40
0.475
0
CIRCLE
8
BLACK
10
218.072
20
-95.7
40
1.15
0
CIRCLE
8
BLACK
10
218.072
20
-107.7
40
1.15
0
CIRCLE
8
BLACK
10
182.2
20
-118.36
40
0.381
0
CIRCLE
8
BLACK
10
182.2
20
-115.82
40
0.381
0
CIRCLE
8
BLACK
10
182.2
20
-113.28
40
0.381
0
CIRCLE
8
BLACK
10
182.2
20
-110.74
40
0.381
0
CIRCLE
8
BLACK
10
182.2
20
-108.2
40
0.381
0
CIRCLE
8
BLACK
10
182.2
20
-105.66
40
0.381
0
CIRCLE
8
BLACK
10
182.2
20
-103.12
40
0.381
0
CIRCLE
8
BLACK
10
182.2
20
-100.58
40
0.381
0
CIRCLE
8
BLACK
10
182.2
20
-98.04
40
0.381
0
CIRCLE
8
BLACK
10
182.2
20
-95.5
40
0.381
0
CIRCLE
8
BLACK
10
182.2
20
-92.96
40
0.381
0
CIRCLE
8
BLACK
10
182.2
20
-90.42
40
0.381
0
CIRCLE
8
BLACK
10
182.2
20
-87.88
40
0.381
0
CIRCLE
8
BLACK
10
182.2
20
-85.34
40
0.381
0
CIRCLE
8
BLACK
10
182.2
20
-82.8
40
0.381
0
CIRCLE
8
BLACK
10
182.2
20
-80.26
40
0.381
0
CIRCLE
8
BLACK
10
182.2
20
-77.72
40
0.381
0
CIRCLE
8
BLACK
10
182.2
20
-75.18
40
0.381
0
CIRCLE
8
BLACK
10
182.2
20
-72.64
40
0.381
0
CIRCLE
8
BLACK
10
156.8
20
-72.64
40
0.381
0
CIRCLE
8
BLACK
10
159.34
20
-72.64
40
0.381
0
CIRCLE
8
BLACK
10
159.34
20
-75.18
40
0.381
0
CIRCLE
8
BLACK
10
156.8
20
-75.18
40
0.381
0
CIRCLE
8
BLACK
10
159.34
20
-77.72
40
0.381
0
CIRCLE
8
BLACK
10
156.8
20
-77.72
40
0.381
0
CIRCLE
8
BLACK
10
156.8
20
-80.26
40
0.381
0
CIRCLE
8
BLACK
10
159.34
20
-80.26
40
0.381
0
CIRCLE
8
BLACK
10
156.8
20
-82.8
40
0.381
0
CIRCLE
8
BLACK
10
159.34
20
-82.8
40
0.381
0
CIRCLE
8
BLACK
10
156.8
20
-85.34
40
0.381
0
CIRCLE
8
BLACK
10
159.34
20
-85.34
40
0.381
0
CIRCLE
8
BLACK
10
159.34
20
-87.88
40
0.381
0
CIRCLE
8
BLACK
10
156.8
20
-87.88
40
0.381
0
CIRCLE
8
BLACK
10
159.34
20
-90.42
40
0.381
0
CIRCLE
8
BLACK
10
156.8
20
-90.42
40
0.381
0
CIRCLE
8
BLACK
10
156.8
20
-92.96
40
0.381
0
CIRCLE
8
BLACK
10
159.34
20
-92.96
40
0.381
0
CIRCLE
8
BLACK
10
159.34
20
-95.5
40
0.381
0
CIRCLE
8
BLACK
10
156.8
20
-95.5
40
0.381
0
CIRCLE
8
BLACK
10
159.34
20
-98.04
40
0.381
0
CIRCLE
8
BLACK
10
156.8
20
-98.04
40
0.381
0
CIRCLE
8
BLACK
10
156.8
20
-100.58
40
0.381
0
CIRCLE
8
BLACK
10
159.34
20
-100.58
40
0.381
0
CIRCLE
8
BLACK
10
156.8
20
-103.12
40
0.381
0
CIRCLE
8
BLACK
10
159.34
20
-103.12
40
0.381
0
CIRCLE
8
BLACK
10
159.34
20
-105.66
40
0.381
0
CIRCLE
8
BLACK
10
156.8
20
-105.66
40
0.381
0
CIRCLE
8
BLACK
10
156.8
20
-108.2
40
0.381
0
CIRCLE
8
BLACK
10
159.34
20
-108.2
40
0.381
0
CIRCLE
8
BLACK
10
156.8
20
-110.74
40
0.381
0
CIRCLE
8
BLACK
10
159.34
20
-110.74
40
0.381
0
CIRCLE
8
BLACK
10
156.8
20
-113.28
40
0.381
0
CIRCLE
8
BLACK
10
159.34
20
-113.28
40
0.381
0
CIRCLE
8
BLACK
10
156.8
20
-115.82
40
0.381
0
CIRCLE
8
BLACK
10
159.34
20
-115.82
40
0.381
0
CIRCLE
8
BLACK
10
159.34
20
-118.36
40
0.381
0
CIRCLE
8
BLACK
10
156.8
20
-118.36
40
0.381
0
CIRCLE
8
BLACK
10
140.998
20
-112.75
40
0.4
0
CIRCLE
8
BLACK
10
140.998
20
-110.21
40
0.4
0
CIRCLE
8
BLACK
10
140.998
20
-107.67
40
0.4
0
CIRCLE
8
BLACK
10
140.998
20
-105.13
40
0.4
0
CIRCLE
8
BLACK
10
140.998
20
-102.59
40
0.4
0
CIRCLE
8
BLACK
10
140.998
20
-100.05
40
0.4
0
CIRCLE
8
BLACK
10
130.838
20
-100.05
40
0.4
0
CIRCLE
8
BLACK
10
130.838
20
-102.59
40
0.4
0
CIRCLE
8
BLACK
10
130.838
20
-105.13
40
0.4
0
CIRCLE
8
BLACK
10
130.838
20
-107.67
40
0.4
0
CIRCLE
8
BLACK
10
130.838
20
-110.21
40
0.4
0
CIRCLE
8
BLACK
10
130.838
20
-112.75
40
0.4
0
CIRCLE
8
BLACK
10
193.85
20
-111.75
40
0.55
0
CIRCLE
8
BLACK
10
200.35
20
-111.75
40
0.55
0
CIRCLE
8
BLACK
10
193.85
20
-116.25
40
0.55
0
CIRCLE
8
BLACK
10
200.35
20
-116.25
40
0.55
0
CIRCLE
8
BLACK
10
175.3
20
-116.82
40
0.6
0
CIRCLE
8
BLACK
10
175.3
20
-101.58
40
0.6
0
CIRCLE
8
BLACK
10
188.4
20
-119.52
40
0.6
0
CIRCLE
8
BLACK
10
188.4
20
-104.28
40
0.6
0
LINE
8
BLACK
6
CONTINUOUS
10
141.18
20
-106.891
11
141.348
21
-106.951
0
LINE
8
BLACK
6
CONTINUOUS
10
141.348
20
-106.951
11
141.499
21
-107.047
0
LINE
8
BLACK
6
CONTINUOUS
10
141.499
20
-107.047
11
141.624
21
-107.173
0
LINE
8
BLACK
6
CONTINUOUS
10
141.624
20
-107.173
11
141.719
21
-107.324
0
LINE
8
BLACK
6
CONTINUOUS
10
141.719
20
-107.324
11
141.778
21
-107.493
0
LINE
8
BLACK
6
CONTINUOUS
10
141.778
20
-107.493
11
141.797
21
-107.67
0
LINE
8
BLACK
6
CONTINUOUS
10
141.797
20
-107.67
11
141.797
21
-107.692
0
LINE
8
BLACK
6
CONTINUOUS
10
141.797
20
-107.692
11
141.772
21
-107.869
0
LINE
8
BLACK
6
CONTINUOUS
10
141.772
20
-107.869
11
141.709
21
-108.036
0
LINE
8
BLACK
6
CONTINUOUS
10
141.709
20
-108.036
11
141.61
21
-108.184
0
LINE
8
BLACK
6
CONTINUOUS
10
141.61
20
-108.184
11
141.481
21
-108.307
0
LINE
8
BLACK
6
CONTINUOUS
10
141.481
20
-108.307
11
141.328
21
-108.399
0
LINE
8
BLACK
6
CONTINUOUS
10
141.328
20
-108.399
11
141.158
21
-108.454
0
LINE
8
BLACK
6
CONTINUOUS
10
141.158
20
-108.454
11
140.981
21
-108.47
0
LINE
8
BLACK
6
CONTINUOUS
10
140.981
20
-108.47
11
140.804
21
-108.446
0
LINE
8
BLACK
6
CONTINUOUS
10
140.804
20
-108.446
11
140.637
21
-108.384
0
LINE
8
BLACK
6
CONTINUOUS
10
140.637
20
-108.384
11
140.488
21
-108.286
0
LINE
8
BLACK
6
CONTINUOUS
10
140.488
20
-108.286
11
140.364
21
-108.158
0
LINE
8
BLACK
6
CONTINUOUS
10
140.364
20
-108.158
11
140.31
21
-108.07
0
LINE
8
BLACK
6
CONTINUOUS
10
140.31
20
-108.07
11
139.096
21
-108.07
0
LINE
8
BLACK
6
CONTINUOUS
10
139.096
20
-108.07
11
138.1
21
-109.066
0
LINE
8
BLACK
6
CONTINUOUS
10
138.1
20
-109.066
11
138.1
21
-129.634
0
LINE
8
BLACK
6
CONTINUOUS
10
138.1
20
-129.634
11
138.966
21
-130.5
0
LINE
8
BLACK
6
CONTINUOUS
10
138.966
20
-130.5
11
148.934
21
-130.5
0
LINE
8
BLACK
6
CONTINUOUS
10
148.934
20
-130.5
11
149.72
21
-129.714
0
LINE
8
BLACK
6
CONTINUOUS
10
149.72
20
-129.714
11
149.72
21
-128.547
0
LINE
8
BLACK
6
CONTINUOUS
10
149.72
20
-128.547
11
149.695
21
-128.536
0
LINE
8
BLACK
6
CONTINUOUS
10
149.695
20
-128.536
11
149.551
21
-128.432
0
LINE
8
BLACK
6
CONTINUOUS
10
149.551
20
-128.432
11
149.432
21
-128.3
0
LINE
8
BLACK
6
CONTINUOUS
10
149.432
20
-128.3
11
149.343
21
-128.146
0
LINE
8
BLACK
6
CONTINUOUS
10
149.343
20
-128.146
11
149.289
21
-127.977
0
LINE
8
BLACK
6
CONTINUOUS
10
149.289
20
-127.977
11
149.27
21
-127.8
0
LINE
8
BLACK
6
CONTINUOUS
10
149.27
20
-127.8
11
149.289
21
-127.623
0
LINE
8
BLACK
6
CONTINUOUS
10
149.289
20
-127.623
11
149.343
21
-127.454
0
LINE
8
BLACK
6
CONTINUOUS
10
149.343
20
-127.454
11
149.432
21
-127.3
0
LINE
8
BLACK
6
CONTINUOUS
10
149.432
20
-127.3
11
149.551
21
-127.168
0
LINE
8
BLACK
6
CONTINUOUS
10
149.551
20
-127.168
11
149.695
21
-127.064
0
LINE
8
BLACK
6
CONTINUOUS
10
149.695
20
-127.064
11
149.857
21
-126.992
0
LINE
8
BLACK
6
CONTINUOUS
10
149.857
20
-126.992
11
150.031
21
-126.955
0
LINE
8
BLACK
6
CONTINUOUS
10
150.031
20
-126.955
11
150.209
21
-126.955
0
LINE
8
BLACK
6
CONTINUOUS
10
150.209
20
-126.955
11
150.383
21
-126.992
0
LINE
8
BLACK
6
CONTINUOUS
10
150.383
20
-126.992
11
150.545
21
-127.064
0
LINE
8
BLACK
6
CONTINUOUS
10
150.545
20
-127.064
11
150.689
21
-127.168
0
LINE
8
BLACK
6
CONTINUOUS
10
150.689
20
-127.168
11
150.808
21
-127.3
0
LINE
8
BLACK
6
CONTINUOUS
10
150.808
20
-127.3
11
150.865
21
-127.4
0
LINE
8
BLACK
6
CONTINUOUS
10
150.865
20
-127.4
11
158.754
21
-127.4
0
LINE
8
BLACK
6
CONTINUOUS
10
158.754
20
-127.4
11
168.989
21
-117.165
0
LINE
8
BLACK
6
CONTINUOUS
10
168.989
20
-117.165
11
168.969
21
-117.121
0
LINE
8
BLACK
6
CONTINUOUS
10
168.969
20
-117.121
11
168.915
21
-116.908
0
LINE
8
BLACK
6
CONTINUOUS
10
168.915
20
-116.908
11
168.9
21
-116.689
0
LINE
8
BLACK
6
CONTINUOUS
10
168.9
20
-116.689
11
168.926
21
-116.471
0
LINE
8
BLACK
6
CONTINUOUS
10
168.926
20
-116.471
11
168.991
21
-116.261
0
LINE
8
BLACK
6
CONTINUOUS
10
168.991
20
-116.261
11
169.094
21
-116.066
0
LINE
8
BLACK
6
CONTINUOUS
10
169.094
20
-116.066
11
169.23
21
-115.894
0
LINE
8
BLACK
6
CONTINUOUS
10
169.23
20
-115.894
11
169.395
21
-115.749
0
LINE
8
BLACK
6
CONTINUOUS
10
169.395
20
-115.749
11
169.583
21
-115.637
0
LINE
8
BLACK
6
CONTINUOUS
10
169.583
20
-115.637
11
169.789
21
-115.561
0
LINE
8
BLACK
6
CONTINUOUS
10
169.789
20
-115.561
11
170.006
21
-115.524
0
LINE
8
BLACK
6
CONTINUOUS
10
170.006
20
-115.524
11
170.225
21
-115.527
0
LINE
8
BLACK
6
CONTINUOUS
10
170.225
20
-115.527
11
170.441
21
-115.569
0
LINE
8
BLACK
6
CONTINUOUS
10
170.441
20
-115.569
11
170.645
21
-115.651
0
LINE
8
BLACK
6
CONTINUOUS
10
170.645
20
-115.651
11
170.831
21
-115.768
0
LINE
8
BLACK
6
CONTINUOUS
10
170.831
20
-115.768
11
170.992
21
-115.917
0
LINE
8
BLACK
6
CONTINUOUS
10
170.992
20
-115.917
11
171.123
21
-116.093
0
LINE
8
BLACK
6
CONTINUOUS
10
171.123
20
-116.093
11
171.22
21
-116.29
0
LINE
8
BLACK
6
CONTINUOUS
10
171.22
20
-116.29
11
171.257
21
-116.42
0
LINE
8
BLACK
6
CONTINUOUS
10
171.257
20
-116.42
11
174.173
21
-116.42
0
LINE
8
BLACK
6
CONTINUOUS
10
174.173
20
-116.42
11
174.191
21
-116.361
0
LINE
8
BLACK
6
CONTINUOUS
10
174.191
20
-116.361
11
174.294
21
-116.166
0
LINE
8
BLACK
6
CONTINUOUS
10
174.294
20
-116.166
11
174.43
21
-115.994
0
LINE
8
BLACK
6
CONTINUOUS
10
174.43
20
-115.994
11
174.595
21
-115.849
0
LINE
8
BLACK
6
CONTINUOUS
10
174.595
20
-115.849
11
174.783
21
-115.737
0
LINE
8
BLACK
6
CONTINUOUS
10
174.783
20
-115.737
11
174.989
21
-115.661
0
LINE
8
BLACK
6
CONTINUOUS
10
174.989
20
-115.661
11
175.206
21
-115.624
0
LINE
8
BLACK
6
CONTINUOUS
10
175.206
20
-115.624
11
175.425
21
-115.627
0
LINE
8
BLACK
6
CONTINUOUS
10
175.425
20
-115.627
11
175.641
21
-115.669
0
LINE
8
BLACK
6
CONTINUOUS
10
175.641
20
-115.669
11
175.845
21
-115.751
0
LINE
8
BLACK
6
CONTINUOUS
10
175.845
20
-115.751
11
176.031
21
-115.868
0
LINE
8
BLACK
6
CONTINUOUS
10
176.031
20
-115.868
11
176.192
21
-116.017
0
LINE
8
BLACK
6
CONTINUOUS
10
176.192
20
-116.017
11
176.323
21
-116.193
0
LINE
8
BLACK
6
CONTINUOUS
10
176.323
20
-116.193
11
176.42
21
-116.39
0
LINE
8
BLACK
6
CONTINUOUS
10
176.42
20
-116.39
11
176.48
21
-116.601
0
LINE
8
BLACK
6
CONTINUOUS
10
176.48
20
-116.601
11
176.5
21
-116.82
0
LINE
8
BLACK
6
CONTINUOUS
10
176.5
20
-116.82
11
176.498
21
-116.883
0
LINE
8
BLACK
6
CONTINUOUS
10
176.498
20
-116.883
11
176.467
21
-117.1
0
LINE
8
BLACK
6
CONTINUOUS
10
176.467
20
-117.1
11
176.441
21
-117.176
0
LINE
8
BLACK
6
CONTINUOUS
10
176.441
20
-117.176
11
177.266
21
-118
0
LINE
8
BLACK
6
CONTINUOUS
10
177.266
20
-118
11
180.7
21
-118
0
LINE
8
BLACK
6
CONTINUOUS
10
180.7
20
-118
11
180.7
21
-117.979
0
LINE
8
BLACK
6
CONTINUOUS
10
180.7
20
-117.979
11
180.716
21
-117.87
0
LINE
8
BLACK
6
CONTINUOUS
10
180.716
20
-117.87
11
180.771
21
-117.758
0
LINE
8
BLACK
6
CONTINUOUS
10
180.771
20
-117.758
11
180.859
21
-117.669
0
LINE
8
BLACK
6
CONTINUOUS
10
180.859
20
-117.669
11
180.972
21
-117.614
0
LINE
8
BLACK
6
CONTINUOUS
10
180.972
20
-117.614
11
181.081
21
-117.598
0
LINE
8
BLACK
6
CONTINUOUS
10
181.081
20
-117.598
11
183.319
21
-117.598
0
LINE
8
BLACK
6
CONTINUOUS
10
183.319
20
-117.598
11
183.428
21
-117.614
0
LINE
8
BLACK
6
CONTINUOUS
10
183.428
20
-117.614
11
183.54
21
-117.669
0
LINE
8
BLACK
6
CONTINUOUS
10
183.54
20
-117.669
11
183.629
21
-117.757
0
LINE
8
BLACK
6
CONTINUOUS
10
183.629
20
-117.757
11
183.684
21
-117.87
0
LINE
8
BLACK
6
CONTINUOUS
10
183.684
20
-117.87
11
183.697
21
-117.96
0
LINE
8
BLACK
6
CONTINUOUS
10
183.697
20
-117.96
11
187.24
21
-117.96
0
LINE
8
BLACK
6
CONTINUOUS
10
187.24
20
-117.96
11
187.271
21
-117.965
0
LINE
8
BLACK
6
CONTINUOUS
10
187.271
20
-117.965
11
187.303
21
-117.965
0
LINE
8
BLACK
6
CONTINUOUS
10
187.303
20
-117.965
11
187.333
21
-117.975
0
LINE
8
BLACK
6
CONTINUOUS
10
187.333
20
-117.975
11
187.364
21
-117.98
0
LINE
8
BLACK
6
CONTINUOUS
10
187.364
20
-117.98
11
187.392
21
-117.994
0
LINE
8
BLACK
6
CONTINUOUS
10
187.392
20
-117.994
11
187.422
21
-118.004
0
LINE
8
BLACK
6
CONTINUOUS
10
187.422
20
-118.004
11
187.447
21
-118.022
0
LINE
8
BLACK
6
CONTINUOUS
10
187.447
20
-118.022
11
187.475
21
-118.036
0
LINE
8
BLACK
6
CONTINUOUS
10
187.475
20
-118.036
11
187.497
21
-118.059
0
LINE
8
BLACK
6
CONTINUOUS
10
187.497
20
-118.059
11
187.523
21
-118.077
0
LINE
8
BLACK
6
CONTINUOUS
10
187.523
20
-118.077
11
187.883
21
-118.437
0
LINE
8
BLACK
6
CONTINUOUS
10
187.883
20
-118.437
11
187.883
21
-118.437
0
LINE
8
BLACK
6
CONTINUOUS
10
187.883
20
-118.437
11
188.089
21
-118.361
0
LINE
8
BLACK
6
CONTINUOUS
10
188.089
20
-118.361
11
188.306
21
-118.324
0
LINE
8
BLACK
6
CONTINUOUS
10
188.306
20
-118.324
11
188.525
21
-118.327
0
LINE
8
BLACK
6
CONTINUOUS
10
188.525
20
-118.327
11
188.741
21
-118.369
0
LINE
8
BLACK
6
CONTINUOUS
10
188.741
20
-118.369
11
188.945
21
-118.451
0
LINE
8
BLACK
6
CONTINUOUS
10
188.945
20
-118.451
11
189.131
21
-118.568
0
LINE
8
BLACK
6
CONTINUOUS
10
189.131
20
-118.568
11
189.292
21
-118.717
0
LINE
8
BLACK
6
CONTINUOUS
10
189.292
20
-118.717
11
189.423
21
-118.893
0
LINE
8
BLACK
6
CONTINUOUS
10
189.423
20
-118.893
11
189.52
21
-119.09
0
LINE
8
BLACK
6
CONTINUOUS
10
189.52
20
-119.09
11
189.58
21
-119.301
0
LINE
8
BLACK
6
CONTINUOUS
10
189.58
20
-119.301
11
189.6
21
-119.52
0
LINE
8
BLACK
6
CONTINUOUS
10
189.6
20
-119.52
11
189.598
21
-119.583
0
LINE
8
BLACK
6
CONTINUOUS
10
189.598
20
-119.583
11
189.567
21
-119.8
0
LINE
8
BLACK
6
CONTINUOUS
10
189.567
20
-119.8
11
189.496
21
-120.008
0
LINE
8
BLACK
6
CONTINUOUS
10
189.496
20
-120.008
11
189.389
21
-120.2
0
LINE
8
BLACK
6
CONTINUOUS
10
189.389
20
-120.2
11
189.249
21
-120.369
0
LINE
8
BLACK
6
CONTINUOUS
10
189.249
20
-120.369
11
189.08
21
-120.509
0
LINE
8
BLACK
6
CONTINUOUS
10
189.08
20
-120.509
11
188.888
21
-120.616
0
LINE
8
BLACK
6
CONTINUOUS
10
188.888
20
-120.616
11
188.68
21
-120.687
0
LINE
8
BLACK
6
CONTINUOUS
10
188.68
20
-120.687
11
188.463
21
-120.718
0
LINE
8
BLACK
6
CONTINUOUS
10
188.463
20
-120.718
11
188.243
21
-120.71
0
LINE
8
BLACK
6
CONTINUOUS
10
188.243
20
-120.71
11
188.029
21
-120.661
0
LINE
8
BLACK
6
CONTINUOUS
10
188.029
20
-120.661
11
187.827
21
-120.575
0
LINE
8
BLACK
6
CONTINUOUS
10
187.827
20
-120.575
11
187.645
21
-120.453
0
LINE
8
BLACK
6
CONTINUOUS
10
187.645
20
-120.453
11
187.488
21
-120.299
0
LINE
8
BLACK
6
CONTINUOUS
10
187.488
20
-120.299
11
187.361
21
-120.12
0
LINE
8
BLACK
6
CONTINUOUS
10
187.361
20
-120.12
11
187.269
21
-119.921
0
LINE
8
BLACK
6
CONTINUOUS
10
187.269
20
-119.921
11
187.215
21
-119.708
0
LINE
8
BLACK
6
CONTINUOUS
10
187.215
20
-119.708
11
187.2
21
-119.489
0
LINE
8
BLACK
6
CONTINUOUS
10
187.2
20
-119.489
11
187.226
21
-119.271
0
LINE
8
BLACK
6
CONTINUOUS
10
187.226
20
-119.271
11
187.291
21
-119.061
0
LINE
8
BLACK
6
CONTINUOUS
10
187.291
20
-119.061
11
187.32
21
-119.006
0
LINE
8
BLACK
6
CONTINUOUS
10
187.32
20
-119.006
11
187.074
21
-118.76
0
LINE
8
BLACK
6
CONTINUOUS
10
187.074
20
-118.76
11
183.697
21
-118.76
0
LINE
8
BLACK
6
CONTINUOUS
10
183.697
20
-118.76
11
183.684
21
-118.85
0
LINE
8
BLACK
6
CONTINUOUS
10
183.684
20
-118.85
11
183.629
21
-118.962
0
LINE
8
BLACK
6
CONTINUOUS
10
183.629
20
-118.962
11
183.541
21
-119.051
0
LINE
8
BLACK
6
CONTINUOUS
10
183.541
20
-119.051
11
183.428
21
-119.106
0
LINE
8
BLACK
6
CONTINUOUS
10
183.428
20
-119.106
11
183.319
21
-119.122
0
LINE
8
BLACK
6
CONTINUOUS
10
183.319
20
-119.122
11
181.081
21
-119.122
0
LINE
8
BLACK
6
CONTINUOUS
10
181.081
20
-119.122
11
180.972
21
-119.106
0
LINE
8
BLACK
6
CONTINUOUS
10
180.972
20
-119.106
11
180.86
21
-119.051
0
LINE
8
BLACK
6
CONTINUOUS
10
180.86
20
-119.051
11
180.771
21
-118.963
0
LINE
8
BLACK
6
CONTINUOUS
10
180.771
20
-118.963
11
180.716
21
-118.85
0
LINE
8
BLACK
6
CONTINUOUS
10
180.716
20
-118.85
11
180.709
21
-118.8
0
LINE
8
BLACK
6
CONTINUOUS
10
180.709
20
-118.8
11
177.1
21
-118.8
0
LINE
8
BLACK
6
CONTINUOUS
10
177.1
20
-118.8
11
177.069
21
-118.795
0
LINE
8
BLACK
6
CONTINUOUS
10
177.069
20
-118.795
11
177.037
21
-118.795
0
LINE
8
BLACK
6
CONTINUOUS
10
177.037
20
-118.795
11
177.007
21
-118.785
0
LINE
8
BLACK
6
CONTINUOUS
10
177.007
20
-118.785
11
176.976
21
-118.78
0
LINE
8
BLACK
6
CONTINUOUS
10
176.976
20
-118.78
11
176.948
21
-118.766
0
LINE
8
BLACK
6
CONTINUOUS
10
176.948
20
-118.766
11
176.918
21
-118.756
0
LINE
8
BLACK
6
CONTINUOUS
10
176.918
20
-118.756
11
176.893
21
-118.738
0
LINE
8
BLACK
6
CONTINUOUS
10
176.893
20
-118.738
11
176.865
21
-118.724
0
LINE
8
BLACK
6
CONTINUOUS
10
176.865
20
-118.724
11
176.843
21
-118.701
0
LINE
8
BLACK
6
CONTINUOUS
10
176.843
20
-118.701
11
176.817
21
-118.683
0
LINE
8
BLACK
6
CONTINUOUS
10
176.817
20
-118.683
11
175.956
21
-117.822
0
LINE
8
BLACK
6
CONTINUOUS
10
175.956
20
-117.822
11
175.788
21
-117.916
0
LINE
8
BLACK
6
CONTINUOUS
10
175.788
20
-117.916
11
175.58
21
-117.987
0
LINE
8
BLACK
6
CONTINUOUS
10
175.58
20
-117.987
11
175.363
21
-118.018
0
LINE
8
BLACK
6
CONTINUOUS
10
175.363
20
-118.018
11
175.143
21
-118.01
0
LINE
8
BLACK
6
CONTINUOUS
10
175.143
20
-118.01
11
174.929
21
-117.961
0
LINE
8
BLACK
6
CONTINUOUS
10
174.929
20
-117.961
11
174.727
21
-117.875
0
LINE
8
BLACK
6
CONTINUOUS
10
174.727
20
-117.875
11
174.545
21
-117.753
0
LINE
8
BLACK
6
CONTINUOUS
10
174.545
20
-117.753
11
174.388
21
-117.599
0
LINE
8
BLACK
6
CONTINUOUS
10
174.388
20
-117.599
11
174.261
21
-117.42
0
LINE
8
BLACK
6
CONTINUOUS
10
174.261
20
-117.42
11
174.169
21
-117.221
0
LINE
8
BLACK
6
CONTINUOUS
10
174.169
20
-117.221
11
174.169
21
-117.22
0
LINE
8
BLACK
6
CONTINUOUS
10
174.169
20
-117.22
11
171.19
21
-117.22
0
LINE
8
BLACK
6
CONTINUOUS
10
171.19
20
-117.22
11
171.089
21
-117.4
0
LINE
8
BLACK
6
CONTINUOUS
10
171.089
20
-117.4
11
170.949
21
-117.569
0
LINE
8
BLACK
6
CONTINUOUS
10
170.949
20
-117.569
11
170.78
21
-117.709
0
LINE
8
BLACK
6
CONTINUOUS
10
170.78
20
-117.709
11
170.588
21
-117.816
0
LINE
8
BLACK
6
CONTINUOUS
10
170.588
20
-117.816
11
170.38
21
-117.887
0
LINE
8
BLACK
6
CONTINUOUS
10
170.38
20
-117.887
11
170.163
21
-117.918
0
LINE
8
BLACK
6
CONTINUOUS
10
170.163
20
-117.918
11
169.943
21
-117.91
0
LINE
8
BLACK
6
CONTINUOUS
10
169.943
20
-117.91
11
169.729
21
-117.861
0
LINE
8
BLACK
6
CONTINUOUS
10
169.729
20
-117.861
11
169.527
21
-117.775
0
LINE
8
BLACK
6
CONTINUOUS
10
169.527
20
-117.775
11
169.518
21
-117.768
0
LINE
8
BLACK
6
CONTINUOUS
10
169.518
20
-117.768
11
159.203
21
-128.083
0
LINE
8
BLACK
6
CONTINUOUS
10
159.203
20
-128.083
11
159.177
21
-128.101
0
LINE
8
BLACK
6
CONTINUOUS
10
159.177
20
-128.101
11
159.155
21
-128.124
0
LINE
8
BLACK
6
CONTINUOUS
10
159.155
20
-128.124
11
159.127
21
-128.138
0
LINE
8
BLACK
6
CONTINUOUS
10
159.127
20
-128.138
11
159.102
21
-128.156
0
LINE
8
BLACK
6
CONTINUOUS
10
159.102
20
-128.156
11
159.072
21
-128.166
0
LINE
8
BLACK
6
CONTINUOUS
10
159.072
20
-128.166
11
159.044
21
-128.18
0
LINE
8
BLACK
6
CONTINUOUS
10
159.044
20
-128.18
11
159.013
21
-128.185
0
LINE
8
BLACK
6
CONTINUOUS
10
159.013
20
-128.185
11
158.983
21
-128.195
0
LINE
8
BLACK
6
CONTINUOUS
10
158.983
20
-128.195
11
158.951
21
-128.195
0
LINE
8
BLACK
6
CONTINUOUS
10
158.951
20
-128.195
11
158.92
21
-128.2
0
LINE
8
BLACK
6
CONTINUOUS
10
158.92
20
-128.2
11
150.865
21
-128.2
0
LINE
8
BLACK
6
CONTINUOUS
10
150.865
20
-128.2
11
150.808
21
-128.3
0
LINE
8
BLACK
6
CONTINUOUS
10
150.808
20
-128.3
11
150.689
21
-128.432
0
LINE
8
BLACK
6
CONTINUOUS
10
150.689
20
-128.432
11
150.545
21
-128.536
0
LINE
8
BLACK
6
CONTINUOUS
10
150.545
20
-128.536
11
150.52
21
-128.547
0
LINE
8
BLACK
6
CONTINUOUS
10
150.52
20
-128.547
11
150.52
21
-129.88
0
LINE
8
BLACK
6
CONTINUOUS
10
150.52
20
-129.88
11
150.515
21
-129.911
0
LINE
8
BLACK
6
CONTINUOUS
10
150.515
20
-129.911
11
150.515
21
-129.943
0
LINE
8
BLACK
6
CONTINUOUS
10
150.515
20
-129.943
11
150.505
21
-129.973
0
LINE
8
BLACK
6
CONTINUOUS
10
150.505
20
-129.973
11
150.5
21
-130.004
0
LINE
8
BLACK
6
CONTINUOUS
10
150.5
20
-130.004
11
150.486
21
-130.032
0
LINE
8
BLACK
6
CONTINUOUS
10
150.486
20
-130.032
11
150.476
21
-130.062
0
LINE
8
BLACK
6
CONTINUOUS
10
150.476
20
-130.062
11
150.458
21
-130.087
0
LINE
8
BLACK
6
CONTINUOUS
10
150.458
20
-130.087
11
150.444
21
-130.115
0
LINE
8
BLACK
6
CONTINUOUS
10
150.444
20
-130.115
11
150.421
21
-130.137
0
LINE
8
BLACK
6
CONTINUOUS
10
150.421
20
-130.137
11
150.403
21
-130.163
0
LINE
8
BLACK
6
CONTINUOUS
10
150.403
20
-130.163
11
149.383
21
-131.183
0
LINE
8
BLACK
6
CONTINUOUS
10
149.383
20
-131.183
11
149.357
21
-131.201
0
LINE
8
BLACK
6
CONTINUOUS
10
149.357
20
-131.201
11
149.335
21
-131.224
0
LINE
8
BLACK
6
CONTINUOUS
10
149.335
20
-131.224
11
149.307
21
-131.238
0
LINE
8
BLACK
6
CONTINUOUS
10
149.307
20
-131.238
11
149.282
21
-131.256
0
LINE
8
BLACK
6
CONTINUOUS
10
149.282
20
-131.256
11
149.252
21
-131.266
0
LINE
8
BLACK
6
CONTINUOUS
10
149.252
20
-131.266
11
149.224
21
-131.28
0
LINE
8
BLACK
6
CONTINUOUS
10
149.224
20
-131.28
11
149.193
21
-131.285
0
LINE
8
BLACK
6
CONTINUOUS
10
149.193
20
-131.285
11
149.163
21
-131.295
0
LINE
8
BLACK
6
CONTINUOUS
10
149.163
20
-131.295
11
149.131
21
-131.295
0
LINE
8
BLACK
6
CONTINUOUS
10
149.131
20
-131.295
11
149.1
21
-131.3
0
LINE
8
BLACK
6
CONTINUOUS
10
149.1
20
-131.3
11
138.8
21
-131.3
0
LINE
8
BLACK
6
CONTINUOUS
10
138.8
20
-131.3
11
138.769
21
-131.295
0
LINE
8
BLACK
6
CONTINUOUS
10
138.769
20
-131.295
11
138.737
21
-131.295
0
LINE
8
BLACK
6
CONTINUOUS
10
138.737
20
-131.295
11
138.707
21
-131.285
0
LINE
8
BLACK
6
CONTINUOUS
10
138.707
20
-131.285
11
138.676
21
-131.28
0
LINE
8
BLACK
6
CONTINUOUS
10
138.676
20
-131.28
11
138.648
21
-131.266
0
LINE
8
BLACK
6
CONTINUOUS
10
138.648
20
-131.266
11
138.618
21
-131.256
0
LINE
8
BLACK
6
CONTINUOUS
10
138.618
20
-131.256
11
138.593
21
-131.238
0
LINE
8
BLACK
6
CONTINUOUS
10
138.593
20
-131.238
11
138.565
21
-131.224
0
LINE
8
BLACK
6
CONTINUOUS
10
138.565
20
-131.224
11
138.543
21
-131.201
0
LINE
8
BLACK
6
CONTINUOUS
10
138.543
20
-131.201
11
138.517
21
-131.183
0
LINE
8
BLACK
6
CONTINUOUS
10
138.517
20
-131.183
11
137.417
21
-130.083
0
LINE
8
BLACK
6
CONTINUOUS
10
137.417
20
-130.083
11
137.399
21
-130.057
0
LINE
8
BLACK
6
CONTINUOUS
10
137.399
20
-130.057
11
137.376
21
-130.035
0
LINE
8
BLACK
6
CONTINUOUS
10
137.376
20
-130.035
11
137.362
21
-130.007
0
LINE
8
BLACK
6
CONTINUOUS
10
137.362
20
-130.007
11
137.344
21
-129.982
0
LINE
8
BLACK
6
CONTINUOUS
10
137.344
20
-129.982
11
137.334
21
-129.952
0
LINE
8
BLACK
6
CONTINUOUS
10
137.334
20
-129.952
11
137.32
21
-129.924
0
LINE
8
BLACK
6
CONTINUOUS
10
137.32
20
-129.924
11
137.315
21
-129.893
0
LINE
8
BLACK
6
CONTINUOUS
10
137.315
20
-129.893
11
137.305
21
-129.863
0
LINE
8
BLACK
6
CONTINUOUS
10
137.305
20
-129.863
11
137.305
21
-129.831
0
LINE
8
BLACK
6
CONTINUOUS
10
137.305
20
-129.831
11
137.3
21
-129.8
0
LINE
8
BLACK
6
CONTINUOUS
10
137.3
20
-129.8
11
137.3
21
-108.9
0
LINE
8
BLACK
6
CONTINUOUS
10
137.3
20
-108.9
11
137.305
21
-108.869
0
LINE
8
BLACK
6
CONTINUOUS
10
137.305
20
-108.869
11
137.305
21
-108.837
0
LINE
8
BLACK
6
CONTINUOUS
10
137.305
20
-108.837
11
137.315
21
-108.807
0
LINE
8
BLACK
6
CONTINUOUS
10
137.315
20
-108.807
11
137.32
21
-108.776
0
LINE
8
BLACK
6
CONTINUOUS
10
137.32
20
-108.776
11
137.334
21
-108.748
0
LINE
8
BLACK
6
CONTINUOUS
10
137.334
20
-108.748
11
137.344
21
-108.718
0
LINE
8
BLACK
6
CONTINUOUS
10
137.344
20
-108.718
11
137.362
21
-108.693
0
LINE
8
BLACK
6
CONTINUOUS
10
137.362
20
-108.693
11
137.376
21
-108.665
0
LINE
8
BLACK
6
CONTINUOUS
10
137.376
20
-108.665
11
137.399
21
-108.643
0
LINE
8
BLACK
6
CONTINUOUS
10
137.399
20
-108.643
11
137.417
21
-108.617
0
LINE
8
BLACK
6
CONTINUOUS
10
137.417
20
-108.617
11
138.647
21
-107.387
0
LINE
8
BLACK
6
CONTINUOUS
10
138.647
20
-107.387
11
138.673
21
-107.369
0
LINE
8
BLACK
6
CONTINUOUS
10
138.673
20
-107.369
11
138.695
21
-107.346
0
LINE
8
BLACK
6
CONTINUOUS
10
138.695
20
-107.346
11
138.723
21
-107.332
0
LINE
8
BLACK
6
CONTINUOUS
10
138.723
20
-107.332
11
138.748
21
-107.314
0
LINE
8
BLACK
6
CONTINUOUS
10
138.748
20
-107.314
11
138.778
21
-107.304
0
LINE
8
BLACK
6
CONTINUOUS
10
138.778
20
-107.304
11
138.806
21
-107.29
0
LINE
8
BLACK
6
CONTINUOUS
10
138.806
20
-107.29
11
138.837
21
-107.285
0
LINE
8
BLACK
6
CONTINUOUS
10
138.837
20
-107.285
11
138.867
21
-107.275
0
LINE
8
BLACK
6
CONTINUOUS
10
138.867
20
-107.275
11
138.899
21
-107.275
0
LINE
8
BLACK
6
CONTINUOUS
10
138.899
20
-107.275
11
138.93
21
-107.27
0
LINE
8
BLACK
6
CONTINUOUS
10
138.93
20
-107.27
11
140.309
21
-107.27
0
LINE
8
BLACK
6
CONTINUOUS
10
140.309
20
-107.27
11
140.378
21
-107.164
0
LINE
8
BLACK
6
CONTINUOUS
10
140.378
20
-107.164
11
140.505
21
-107.04
0
LINE
8
BLACK
6
CONTINUOUS
10
140.505
20
-107.04
11
140.657
21
-106.946
0
LINE
8
BLACK
6
CONTINUOUS
10
140.657
20
-106.946
11
140.826
21
-106.889
0
LINE
8
BLACK
6
CONTINUOUS
10
140.826
20
-106.889
11
141.003
21
-106.87
0
LINE
8
BLACK
6
CONTINUOUS
10
141.003
20
-106.87
11
141.18
21
-106.891
0
LINE
8
BLACK
6
CONTINUOUS
10
166.831
20
-68.5049
11
166.863
21
-68.5049
0
LINE
8
BLACK
6
CONTINUOUS
10
166.863
20
-68.5049
11
166.893
21
-68.5147
0
LINE
8
BLACK
6
CONTINUOUS
10
166.893
20
-68.5147
11
166.924
21
-68.5196
0
LINE
8
BLACK
6
CONTINUOUS
10
166.924
20
-68.5196
11
166.952
21
-68.5339
0
LINE
8
BLACK
6
CONTINUOUS
10
166.952
20
-68.5339
11
166.982
21
-68.5436
0
LINE
8
BLACK
6
CONTINUOUS
10
166.982
20
-68.5436
11
167.007
21
-68.5621
0
LINE
8
BLACK
6
CONTINUOUS
10
167.007
20
-68.5621
11
167.035
21
-68.5764
0
LINE
8
BLACK
6
CONTINUOUS
10
167.035
20
-68.5764
11
167.057
21
-68.5987
0
LINE
8
BLACK
6
CONTINUOUS
10
167.057
20
-68.5987
11
167.083
21
-68.6172
0
LINE
8
BLACK
6
CONTINUOUS
10
167.083
20
-68.6172
11
170.383
21
-71.9172
0
LINE
8
BLACK
6
CONTINUOUS
10
170.383
20
-71.9172
11
170.401
21
-71.9426
0
LINE
8
BLACK
6
CONTINUOUS
10
170.401
20
-71.9426
11
170.424
21
-71.9649
0
LINE
8
BLACK
6
CONTINUOUS
10
170.424
20
-71.9649
11
170.438
21
-71.9929
0
LINE
8
BLACK
6
CONTINUOUS
10
170.438
20
-71.9929
11
170.456
21
-72.0184
0
LINE
8
BLACK
6
CONTINUOUS
10
170.456
20
-72.0184
11
170.466
21
-72.0483
0
LINE
8
BLACK
6
CONTINUOUS
10
170.466
20
-72.0483
11
170.48
21
-72.0764
0
LINE
8
BLACK
6
CONTINUOUS
10
170.48
20
-72.0764
11
170.485
21
-72.1075
0
LINE
8
BLACK
6
CONTINUOUS
10
170.485
20
-72.1075
11
170.495
21
-72.1374
0
LINE
8
BLACK
6
CONTINUOUS
10
170.495
20
-72.1374
11
170.495
21
-72.1689
0
LINE
8
BLACK
6
CONTINUOUS
10
170.495
20
-72.1689
11
170.5
21
-72.2
0
LINE
8
BLACK
6
CONTINUOUS
10
170.5
20
-72.2
11
170.5
21
-100.353
0
LINE
8
BLACK
6
CONTINUOUS
10
170.5
20
-100.353
11
170.645
21
-100.411
0
LINE
8
BLACK
6
CONTINUOUS
10
170.645
20
-100.411
11
170.831
21
-100.528
0
LINE
8
BLACK
6
CONTINUOUS
10
170.831
20
-100.528
11
170.992
21
-100.677
0
LINE
8
BLACK
6
CONTINUOUS
10
170.992
20
-100.677
11
171.123
21
-100.853
0
LINE
8
BLACK
6
CONTINUOUS
10
171.123
20
-100.853
11
171.22
21
-101.05
0
LINE
8
BLACK
6
CONTINUOUS
10
171.22
20
-101.05
11
171.28
21
-101.261
0
LINE
8
BLACK
6
CONTINUOUS
10
171.28
20
-101.261
11
171.3
21
-101.48
0
LINE
8
BLACK
6
CONTINUOUS
10
171.3
20
-101.48
11
171.298
21
-101.543
0
LINE
8
BLACK
6
CONTINUOUS
10
171.298
20
-101.543
11
171.267
21
-101.76
0
LINE
8
BLACK
6
CONTINUOUS
10
171.267
20
-101.76
11
171.196
21
-101.968
0
LINE
8
BLACK
6
CONTINUOUS
10
171.196
20
-101.968
11
171.089
21
-102.16
0
LINE
8
BLACK
6
CONTINUOUS
10
171.089
20
-102.16
11
170.949
21
-102.329
0
LINE
8
BLACK
6
CONTINUOUS
10
170.949
20
-102.329
11
170.78
21
-102.469
0
LINE
8
BLACK
6
CONTINUOUS
10
170.78
20
-102.469
11
170.588
21
-102.576
0
LINE
8
BLACK
6
CONTINUOUS
10
170.588
20
-102.576
11
170.38
21
-102.647
0
LINE
8
BLACK
6
CONTINUOUS
10
170.38
20
-102.647
11
170.163
21
-102.678
0
LINE
8
BLACK
6
CONTINUOUS
10
170.163
20
-102.678
11
169.943
21
-102.67
0
LINE
8
BLACK
6
CONTINUOUS
10
169.943
20
-102.67
11
169.729
21
-102.621
0
LINE
8
BLACK
6
CONTINUOUS
10
169.729
20
-102.621
11
169.586
21
-102.56
0
LINE
8
BLACK
6
CONTINUOUS
10
169.586
20
-102.56
11
166.203
21
-105.943
0
LINE
8
BLACK
6
CONTINUOUS
10
166.203
20
-105.943
11
166.177
21
-105.961
0
LINE
8
BLACK
6
CONTINUOUS
10
166.177
20
-105.961
11
166.155
21
-105.984
0
LINE
8
BLACK
6
CONTINUOUS
10
166.155
20
-105.984
11
166.127
21
-105.998
0
LINE
8
BLACK
6
CONTINUOUS
10
166.127
20
-105.998
11
166.102
21
-106.016
0
LINE
8
BLACK
6
CONTINUOUS
10
166.102
20
-106.016
11
166.072
21
-106.026
0
LINE
8
BLACK
6
CONTINUOUS
10
166.072
20
-106.026
11
166.044
21
-106.04
0
LINE
8
BLACK
6
CONTINUOUS
10
166.044
20
-106.04
11
166.013
21
-106.045
0
LINE
8
BLACK
6
CONTINUOUS
10
166.013
20
-106.045
11
165.983
21
-106.055
0
LINE
8
BLACK
6
CONTINUOUS
10
165.983
20
-106.055
11
165.951
21
-106.055
0
LINE
8
BLACK
6
CONTINUOUS
10
165.951
20
-106.055
11
165.92
21
-106.06
0
LINE
8
BLACK
6
CONTINUOUS
10
165.92
20
-106.06
11
160.837
21
-106.06
0
LINE
8
BLACK
6
CONTINUOUS
10
160.837
20
-106.06
11
160.824
21
-106.15
0
LINE
8
BLACK
6
CONTINUOUS
10
160.824
20
-106.15
11
160.769
21
-106.262
0
LINE
8
BLACK
6
CONTINUOUS
10
160.769
20
-106.262
11
160.681
21
-106.351
0
LINE
8
BLACK
6
CONTINUOUS
10
160.681
20
-106.351
11
160.568
21
-106.406
0
LINE
8
BLACK
6
CONTINUOUS
10
160.568
20
-106.406
11
160.459
21
-106.422
0
LINE
8
BLACK
6
CONTINUOUS
10
160.459
20
-106.422
11
158.221
21
-106.422
0
LINE
8
BLACK
6
CONTINUOUS
10
158.221
20
-106.422
11
158.112
21
-106.406
0
LINE
8
BLACK
6
CONTINUOUS
10
158.112
20
-106.406
11
158.07
21
-106.386
0
LINE
8
BLACK
6
CONTINUOUS
10
158.07
20
-106.386
11
158.028
21
-106.406
0
LINE
8
BLACK
6
CONTINUOUS
10
158.028
20
-106.406
11
157.919
21
-106.422
0
LINE
8
BLACK
6
CONTINUOUS
10
157.919
20
-106.422
11
155.744
21
-106.422
0
LINE
8
BLACK
6
CONTINUOUS
10
155.744
20
-106.422
11
142.9
21
-119.266
0
LINE
8
BLACK
6
CONTINUOUS
10
142.9
20
-119.266
11
142.9
21
-126.95
0
LINE
8
BLACK
6
CONTINUOUS
10
142.9
20
-126.95
11
143.35
21
-126.95
0
LINE
8
BLACK
6
CONTINUOUS
10
143.35
20
-126.95
11
143.35
21
-128.65
0
LINE
8
BLACK
6
CONTINUOUS
10
143.35
20
-128.65
11
141.65
21
-128.65
0
LINE
8
BLACK
6
CONTINUOUS
10
141.65
20
-128.65
11
141.65
21
-126.95
0
LINE
8
BLACK
6
CONTINUOUS
10
141.65
20
-126.95
11
142.1
21
-126.95
0
LINE
8
BLACK
6
CONTINUOUS
10
142.1
20
-126.95
11
142.1
21
-119.1
0
LINE
8
BLACK
6
CONTINUOUS
10
142.1
20
-119.1
11
142.105
21
-119.069
0
LINE
8
BLACK
6
CONTINUOUS
10
142.105
20
-119.069
11
142.105
21
-119.037
0
LINE
8
BLACK
6
CONTINUOUS
10
142.105
20
-119.037
11
142.115
21
-119.007
0
LINE
8
BLACK
6
CONTINUOUS
10
142.115
20
-119.007
11
142.12
21
-118.976
0
LINE
8
BLACK
6
CONTINUOUS
10
142.12
20
-118.976
11
142.134
21
-118.948
0
LINE
8
BLACK
6
CONTINUOUS
10
142.134
20
-118.948
11
142.144
21
-118.918
0
LINE
8
BLACK
6
CONTINUOUS
10
142.144
20
-118.918
11
142.162
21
-118.893
0
LINE
8
BLACK
6
CONTINUOUS
10
142.162
20
-118.893
11
142.176
21
-118.865
0
LINE
8
BLACK
6
CONTINUOUS
10
142.176
20
-118.865
11
142.199
21
-118.843
0
LINE
8
BLACK
6
CONTINUOUS
10
142.199
20
-118.843
11
142.217
21
-118.817
0
LINE
8
BLACK
6
CONTINUOUS
10
142.217
20
-118.817
11
155.3
21
-105.734
0
LINE
8
BLACK
6
CONTINUOUS
10
155.3
20
-105.734
11
155.3
21
-105.279
0
LINE
8
BLACK
6
CONTINUOUS
10
155.3
20
-105.279
11
155.316
21
-105.17
0
LINE
8
BLACK
6
CONTINUOUS
10
155.316
20
-105.17
11
155.371
21
-105.058
0
LINE
8
BLACK
6
CONTINUOUS
10
155.371
20
-105.058
11
155.459
21
-104.969
0
LINE
8
BLACK
6
CONTINUOUS
10
155.459
20
-104.969
11
155.572
21
-104.914
0
LINE
8
BLACK
6
CONTINUOUS
10
155.572
20
-104.914
11
155.681
21
-104.898
0
LINE
8
BLACK
6
CONTINUOUS
10
155.681
20
-104.898
11
157.919
21
-104.898
0
LINE
8
BLACK
6
CONTINUOUS
10
157.919
20
-104.898
11
158.028
21
-104.914
0
LINE
8
BLACK
6
CONTINUOUS
10
158.028
20
-104.914
11
158.07
21
-104.934
0
LINE
8
BLACK
6
CONTINUOUS
10
158.07
20
-104.934
11
158.112
21
-104.914
0
LINE
8
BLACK
6
CONTINUOUS
10
158.112
20
-104.914
11
158.221
21
-104.898
0
LINE
8
BLACK
6
CONTINUOUS
10
158.221
20
-104.898
11
160.459
21
-104.898
0
LINE
8
BLACK
6
CONTINUOUS
10
160.459
20
-104.898
11
160.568
21
-104.914
0
LINE
8
BLACK
6
CONTINUOUS
10
160.568
20
-104.914
11
160.68
21
-104.969
0
LINE
8
BLACK
6
CONTINUOUS
10
160.68
20
-104.969
11
160.769
21
-105.057
0
LINE
8
BLACK
6
CONTINUOUS
10
160.769
20
-105.057
11
160.824
21
-105.17
0
LINE
8
BLACK
6
CONTINUOUS
10
160.824
20
-105.17
11
160.837
21
-105.26
0
LINE
8
BLACK
6
CONTINUOUS
10
160.837
20
-105.26
11
165.754
21
-105.26
0
LINE
8
BLACK
6
CONTINUOUS
10
165.754
20
-105.26
11
169.021
21
-101.993
0
LINE
8
BLACK
6
CONTINUOUS
10
169.021
20
-101.993
11
168.969
21
-101.881
0
LINE
8
BLACK
6
CONTINUOUS
10
168.969
20
-101.881
11
168.915
21
-101.668
0
LINE
8
BLACK
6
CONTINUOUS
10
168.915
20
-101.668
11
168.9
21
-101.449
0
LINE
8
BLACK
6
CONTINUOUS
10
168.9
20
-101.449
11
168.926
21
-101.231
0
LINE
8
BLACK
6
CONTINUOUS
10
168.926
20
-101.231
11
168.991
21
-101.021
0
LINE
8
BLACK
6
CONTINUOUS
10
168.991
20
-101.021
11
169.094
21
-100.826
0
LINE
8
BLACK
6
CONTINUOUS
10
169.094
20
-100.826
11
169.23
21
-100.654
0
LINE
8
BLACK
6
CONTINUOUS
10
169.23
20
-100.654
11
169.395
21
-100.509
0
LINE
8
BLACK
6
CONTINUOUS
10
169.395
20
-100.509
11
169.583
21
-100.397
0
LINE
8
BLACK
6
CONTINUOUS
10
169.583
20
-100.397
11
169.7
21
-100.354
0
LINE
8
BLACK
6
CONTINUOUS
10
169.7
20
-100.354
11
169.7
21
-72.3657
0
LINE
8
BLACK
6
CONTINUOUS
10
169.7
20
-72.3657
11
166.634
21
-69.3
0
LINE
8
BLACK
6
CONTINUOUS
10
166.634
20
-69.3
11
153.866
21
-69.3
0
LINE
8
BLACK
6
CONTINUOUS
10
153.866
20
-69.3
11
148.983
21
-74.1828
0
LINE
8
BLACK
6
CONTINUOUS
10
148.983
20
-74.1828
11
148.957
21
-74.2013
0
LINE
8
BLACK
6
CONTINUOUS
10
148.957
20
-74.2013
11
148.935
21
-74.2236
0
LINE
8
BLACK
6
CONTINUOUS
10
148.935
20
-74.2236
11
148.907
21
-74.2379
0
LINE
8
BLACK
6
CONTINUOUS
10
148.907
20
-74.2379
11
148.882
21
-74.2564
0
LINE
8
BLACK
6
CONTINUOUS
10
148.882
20
-74.2564
11
148.852
21
-74.2661
0
LINE
8
BLACK
6
CONTINUOUS
10
148.852
20
-74.2661
11
148.824
21
-74.2804
0
LINE
8
BLACK
6
CONTINUOUS
10
148.824
20
-74.2804
11
148.793
21
-74.2853
0
LINE
8
BLACK
6
CONTINUOUS
10
148.793
20
-74.2853
11
148.763
21
-74.2951
0
LINE
8
BLACK
6
CONTINUOUS
10
148.763
20
-74.2951
11
148.731
21
-74.2951
0
LINE
8
BLACK
6
CONTINUOUS
10
148.731
20
-74.2951
11
148.7
21
-74.3
0
LINE
8
BLACK
6
CONTINUOUS
10
148.7
20
-74.3
11
145.966
21
-74.3
0
LINE
8
BLACK
6
CONTINUOUS
10
145.966
20
-74.3
11
136.883
21
-83.3828
0
LINE
8
BLACK
6
CONTINUOUS
10
136.883
20
-83.3828
11
136.857
21
-83.4013
0
LINE
8
BLACK
6
CONTINUOUS
10
136.857
20
-83.4013
11
136.835
21
-83.4236
0
LINE
8
BLACK
6
CONTINUOUS
10
136.835
20
-83.4236
11
136.807
21
-83.4379
0
LINE
8
BLACK
6
CONTINUOUS
10
136.807
20
-83.4379
11
136.782
21
-83.4564
0
LINE
8
BLACK
6
CONTINUOUS
10
136.782
20
-83.4564
11
136.752
21
-83.4661
0
LINE
8
BLACK
6
CONTINUOUS
10
136.752
20
-83.4661
11
136.724
21
-83.4804
0
LINE
8
BLACK
6
CONTINUOUS
10
136.724
20
-83.4804
11
136.693
21
-83.4853
0
LINE
8
BLACK
6
CONTINUOUS
10
136.693
20
-83.4853
11
136.663
21
-83.4951
0
LINE
8
BLACK
6
CONTINUOUS
10
136.663
20
-83.4951
11
136.631
21
-83.4951
0
LINE
8
BLACK
6
CONTINUOUS
10
136.631
20
-83.4951
11
136.6
21
-83.5
0
LINE
8
BLACK
6
CONTINUOUS
10
136.6
20
-83.5
11
130.4
21
-83.5
0
LINE
8
BLACK
6
CONTINUOUS
10
130.4
20
-83.5
11
130.369
21
-83.4951
0
LINE
8
BLACK
6
CONTINUOUS
10
130.369
20
-83.4951
11
130.337
21
-83.4951
0
LINE
8
BLACK
6
CONTINUOUS
10
130.337
20
-83.4951
11
130.307
21
-83.4853
0
LINE
8
BLACK
6
CONTINUOUS
10
130.307
20
-83.4853
11
130.276
21
-83.4804
0
LINE
8
BLACK
6
CONTINUOUS
10
130.276
20
-83.4804
11
130.248
21
-83.4661
0
LINE
8
BLACK
6
CONTINUOUS
10
130.248
20
-83.4661
11
130.218
21
-83.4564
0
LINE
8
BLACK
6
CONTINUOUS
10
130.218
20
-83.4564
11
130.193
21
-83.4379
0
LINE
8
BLACK
6
CONTINUOUS
10
130.193
20
-83.4379
11
130.165
21
-83.4236
0
LINE
8
BLACK
6
CONTINUOUS
10
130.165
20
-83.4236
11
130.143
21
-83.4013
0
LINE
8
BLACK
6
CONTINUOUS
10
130.143
20
-83.4013
11
130.117
21
-83.3828
0
LINE
8
BLACK
6
CONTINUOUS
10
130.117
20
-83.3828
11
129.717
21
-82.9828
0
LINE
8
BLACK
6
CONTINUOUS
10
129.717
20
-82.9828
11
129.699
21
-82.9574
0
LINE
8
BLACK
6
CONTINUOUS
10
129.699
20
-82.9574
11
129.676
21
-82.9351
0
LINE
8
BLACK
6
CONTINUOUS
10
129.676
20
-82.9351
11
129.662
21
-82.9071
0
LINE
8
BLACK
6
CONTINUOUS
10
129.662
20
-82.9071
11
129.644
21
-82.8816
0
LINE
8
BLACK
6
CONTINUOUS
10
129.644
20
-82.8816
11
129.634
21
-82.8517
0
LINE
8
BLACK
6
CONTINUOUS
10
129.634
20
-82.8517
11
129.62
21
-82.8236
0
LINE
8
BLACK
6
CONTINUOUS
10
129.62
20
-82.8236
11
129.615
21
-82.7925
0
LINE
8
BLACK
6
CONTINUOUS
10
129.615
20
-82.7925
11
129.605
21
-82.7626
0
LINE
8
BLACK
6
CONTINUOUS
10
129.605
20
-82.7626
11
129.605
21
-82.7311
0
LINE
8
BLACK
6
CONTINUOUS
10
129.605
20
-82.7311
11
129.6
21
-82.7
0
LINE
8
BLACK
6
CONTINUOUS
10
129.6
20
-82.7
11
129.6
21
-78
0
LINE
8
BLACK
6
CONTINUOUS
10
129.6
20
-78
11
129.605
21
-77.9689
0
LINE
8
BLACK
6
CONTINUOUS
10
129.605
20
-77.9689
11
129.605
21
-77.9374
0
LINE
8
BLACK
6
CONTINUOUS
10
129.605
20
-77.9374
11
129.615
21
-77.9075
0
LINE
8
BLACK
6
CONTINUOUS
10
129.615
20
-77.9075
11
129.62
21
-77.8764
0
LINE
8
BLACK
6
CONTINUOUS
10
129.62
20
-77.8764
11
129.634
21
-77.8483
0
LINE
8
BLACK
6
CONTINUOUS
10
129.634
20
-77.8483
11
129.644
21
-77.8184
0
LINE
8
BLACK
6
CONTINUOUS
10
129.644
20
-77.8184
11
129.662
21
-77.7929
0
LINE
8
BLACK
6
CONTINUOUS
10
129.662
20
-77.7929
11
129.676
21
-77.7649
0
LINE
8
BLACK
6
CONTINUOUS
10
129.676
20
-77.7649
11
129.699
21
-77.7426
0
LINE
8
BLACK
6
CONTINUOUS
10
129.699
20
-77.7426
11
129.717
21
-77.7172
0
LINE
8
BLACK
6
CONTINUOUS
10
129.717
20
-77.7172
11
130.637
21
-76.7972
0
LINE
8
BLACK
6
CONTINUOUS
10
130.637
20
-76.7972
11
130.663
21
-76.7787
0
LINE
8
BLACK
6
CONTINUOUS
10
130.663
20
-76.7787
11
130.685
21
-76.7564
0
LINE
8
BLACK
6
CONTINUOUS
10
130.685
20
-76.7564
11
130.713
21
-76.7421
0
LINE
8
BLACK
6
CONTINUOUS
10
130.713
20
-76.7421
11
130.738
21
-76.7236
0
LINE
8
BLACK
6
CONTINUOUS
10
130.738
20
-76.7236
11
130.768
21
-76.7139
0
LINE
8
BLACK
6
CONTINUOUS
10
130.768
20
-76.7139
11
130.796
21
-76.6996
0
LINE
8
BLACK
6
CONTINUOUS
10
130.796
20
-76.6996
11
130.827
21
-76.6947
0
LINE
8
BLACK
6
CONTINUOUS
10
130.827
20
-76.6947
11
130.857
21
-76.6849
0
LINE
8
BLACK
6
CONTINUOUS
10
130.857
20
-76.6849
11
130.889
21
-76.6849
0
LINE
8
BLACK
6
CONTINUOUS
10
130.889
20
-76.6849
11
130.92
21
-76.68
0
LINE
8
BLACK
6
CONTINUOUS
10
130.92
20
-76.68
11
133.155
21
-76.68
0
LINE
8
BLACK
6
CONTINUOUS
10
133.155
20
-76.68
11
133.212
21
-76.5804
0
LINE
8
BLACK
6
CONTINUOUS
10
133.212
20
-76.5804
11
133.331
21
-76.4483
0
LINE
8
BLACK
6
CONTINUOUS
10
133.331
20
-76.4483
11
133.475
21
-76.3439
0
LINE
8
BLACK
6
CONTINUOUS
10
133.475
20
-76.3439
11
133.637
21
-76.2716
0
LINE
8
BLACK
6
CONTINUOUS
10
133.637
20
-76.2716
11
133.811
21
-76.2347
0
LINE
8
BLACK
6
CONTINUOUS
10
133.811
20
-76.2347
11
133.989
21
-76.2347
0
LINE
8
BLACK
6
CONTINUOUS
10
133.989
20
-76.2347
11
134.163
21
-76.2716
0
LINE
8
BLACK
6
CONTINUOUS
10
134.163
20
-76.2716
11
134.325
21
-76.3439
0
LINE
8
BLACK
6
CONTINUOUS
10
134.325
20
-76.3439
11
134.469
21
-76.4483
0
LINE
8
BLACK
6
CONTINUOUS
10
134.469
20
-76.4483
11
134.588
21
-76.5804
0
LINE
8
BLACK
6
CONTINUOUS
10
134.588
20
-76.5804
11
134.677
21
-76.7343
0
LINE
8
BLACK
6
CONTINUOUS
10
134.677
20
-76.7343
11
134.731
21
-76.9033
0
LINE
8
BLACK
6
CONTINUOUS
10
134.731
20
-76.9033
11
134.75
21
-77.08
0
LINE
8
BLACK
6
CONTINUOUS
10
134.75
20
-77.08
11
134.731
21
-77.2567
0
LINE
8
BLACK
6
CONTINUOUS
10
134.731
20
-77.2567
11
134.677
21
-77.4257
0
LINE
8
BLACK
6
CONTINUOUS
10
134.677
20
-77.4257
11
134.588
21
-77.5796
0
LINE
8
BLACK
6
CONTINUOUS
10
134.588
20
-77.5796
11
134.469
21
-77.7117
0
LINE
8
BLACK
6
CONTINUOUS
10
134.469
20
-77.7117
11
134.325
21
-77.8161
0
LINE
8
BLACK
6
CONTINUOUS
10
134.325
20
-77.8161
11
134.163
21
-77.8884
0
LINE
8
BLACK
6
CONTINUOUS
10
134.163
20
-77.8884
11
133.989
21
-77.9253
0
LINE
8
BLACK
6
CONTINUOUS
10
133.989
20
-77.9253
11
133.811
21
-77.9253
0
LINE
8
BLACK
6
CONTINUOUS
10
133.811
20
-77.9253
11
133.637
21
-77.8884
0
LINE
8
BLACK
6
CONTINUOUS
10
133.637
20
-77.8884
11
133.475
21
-77.8161
0
LINE
8
BLACK
6
CONTINUOUS
10
133.475
20
-77.8161
11
133.331
21
-77.7117
0
LINE
8
BLACK
6
CONTINUOUS
10
133.331
20
-77.7117
11
133.212
21
-77.5796
0
LINE
8
BLACK
6
CONTINUOUS
10
133.212
20
-77.5796
11
133.155
21
-77.48
0
LINE
8
BLACK
6
CONTINUOUS
10
133.155
20
-77.48
11
131.086
21
-77.48
0
LINE
8
BLACK
6
CONTINUOUS
10
131.086
20
-77.48
11
130.4
21
-78.1657
0
LINE
8
BLACK
6
CONTINUOUS
10
130.4
20
-78.1657
11
130.4
21
-82.5343
0
LINE
8
BLACK
6
CONTINUOUS
10
130.4
20
-82.5343
11
130.566
21
-82.7
0
LINE
8
BLACK
6
CONTINUOUS
10
130.566
20
-82.7
11
136.434
21
-82.7
0
LINE
8
BLACK
6
CONTINUOUS
10
136.434
20
-82.7
11
145.517
21
-73.6172
0
LINE
8
BLACK
6
CONTINUOUS
10
145.517
20
-73.6172
11
145.543
21
-73.5987
0
LINE
8
BLACK
6
CONTINUOUS
10
145.543
20
-73.5987
11
145.565
21
-73.5764
0
LINE
8
BLACK
6
CONTINUOUS
10
145.565
20
-73.5764
11
145.593
21
-73.5621
0
LINE
8
BLACK
6
CONTINUOUS
10
145.593
20
-73.5621
11
145.618
21
-73.5436
0
LINE
8
BLACK
6
CONTINUOUS
10
145.618
20
-73.5436
11
145.648
21
-73.5339
0
LINE
8
BLACK
6
CONTINUOUS
10
145.648
20
-73.5339
11
145.676
21
-73.5196
0
LINE
8
BLACK
6
CONTINUOUS
10
145.676
20
-73.5196
11
145.707
21
-73.5147
0
LINE
8
BLACK
6
CONTINUOUS
10
145.707
20
-73.5147
11
145.737
21
-73.5049
0
LINE
8
BLACK
6
CONTINUOUS
10
145.737
20
-73.5049
11
145.769
21
-73.5049
0
LINE
8
BLACK
6
CONTINUOUS
10
145.769
20
-73.5049
11
145.8
21
-73.5
0
LINE
8
BLACK
6
CONTINUOUS
10
145.8
20
-73.5
11
148.534
21
-73.5
0
LINE
8
BLACK
6
CONTINUOUS
10
148.534
20
-73.5
11
153.417
21
-68.6172
0
LINE
8
BLACK
6
CONTINUOUS
10
153.417
20
-68.6172
11
153.443
21
-68.5987
0
LINE
8
BLACK
6
CONTINUOUS
10
153.443
20
-68.5987
11
153.465
21
-68.5764
0
LINE
8
BLACK
6
CONTINUOUS
10
153.465
20
-68.5764
11
153.493
21
-68.5621
0
LINE
8
BLACK
6
CONTINUOUS
10
153.493
20
-68.5621
11
153.518
21
-68.5436
0
LINE
8
BLACK
6
CONTINUOUS
10
153.518
20
-68.5436
11
153.548
21
-68.5339
0
LINE
8
BLACK
6
CONTINUOUS
10
153.548
20
-68.5339
11
153.576
21
-68.5196
0
LINE
8
BLACK
6
CONTINUOUS
10
153.576
20
-68.5196
11
153.607
21
-68.5147
0
LINE
8
BLACK
6
CONTINUOUS
10
153.607
20
-68.5147
11
153.637
21
-68.5049
0
LINE
8
BLACK
6
CONTINUOUS
10
153.637
20
-68.5049
11
153.669
21
-68.5049
0
LINE
8
BLACK
6
CONTINUOUS
10
153.669
20
-68.5049
11
153.7
21
-68.5
0
LINE
8
BLACK
6
CONTINUOUS
10
153.7
20
-68.5
11
166.8
21
-68.5
0
LINE
8
BLACK
6
CONTINUOUS
10
166.8
20
-68.5
11
166.831
21
-68.5049
0
LINE
8
BLACK
6
CONTINUOUS
10
218.661
20
-105.788
11
218.924
21
-105.89
0
LINE
8
BLACK
6
CONTINUOUS
10
218.924
20
-105.89
11
219.171
21
-106.028
0
LINE
8
BLACK
6
CONTINUOUS
10
219.171
20
-106.028
11
219.395
21
-106.2
0
LINE
8
BLACK
6
CONTINUOUS
10
219.395
20
-106.2
11
219.593
21
-106.401
0
LINE
8
BLACK
6
CONTINUOUS
10
219.593
20
-106.401
11
219.761
21
-106.628
0
LINE
8
BLACK
6
CONTINUOUS
10
219.761
20
-106.628
11
219.895
21
-106.877
0
LINE
8
BLACK
6
CONTINUOUS
10
219.895
20
-106.877
11
219.993
21
-107.142
0
LINE
8
BLACK
6
CONTINUOUS
10
219.993
20
-107.142
11
220.053
21
-107.418
0
LINE
8
BLACK
6
CONTINUOUS
10
220.053
20
-107.418
11
220.072
21
-107.7
0
LINE
8
BLACK
6
CONTINUOUS
10
220.072
20
-107.7
11
220.069
21
-107.826
0
LINE
8
BLACK
6
CONTINUOUS
10
220.069
20
-107.826
11
220.031
21
-108.106
0
LINE
8
BLACK
6
CONTINUOUS
10
220.031
20
-108.106
11
219.954
21
-108.377
0
LINE
8
BLACK
6
CONTINUOUS
10
219.954
20
-108.377
11
219.84
21
-108.636
0
LINE
8
BLACK
6
CONTINUOUS
10
219.84
20
-108.636
11
219.691
21
-108.876
0
LINE
8
BLACK
6
CONTINUOUS
10
219.691
20
-108.876
11
219.509
21
-109.092
0
LINE
8
BLACK
6
CONTINUOUS
10
219.509
20
-109.092
11
219.298
21
-109.28
0
LINE
8
BLACK
6
CONTINUOUS
10
219.298
20
-109.28
11
219.063
21
-109.437
0
LINE
8
BLACK
6
CONTINUOUS
10
219.063
20
-109.437
11
218.809
21
-109.56
0
LINE
8
BLACK
6
CONTINUOUS
10
218.809
20
-109.56
11
218.539
21
-109.645
0
LINE
8
BLACK
6
CONTINUOUS
10
218.539
20
-109.645
11
218.261
21
-109.691
0
LINE
8
BLACK
6
CONTINUOUS
10
218.261
20
-109.691
11
217.978
21
-109.698
0
LINE
8
BLACK
6
CONTINUOUS
10
217.978
20
-109.698
11
217.698
21
-109.665
0
LINE
8
BLACK
6
CONTINUOUS
10
217.698
20
-109.665
11
217.425
21
-109.592
0
LINE
8
BLACK
6
CONTINUOUS
10
217.425
20
-109.592
11
217.165
21
-109.482
0
LINE
8
BLACK
6
CONTINUOUS
10
217.165
20
-109.482
11
216.972
21
-109.366
0
LINE
8
BLACK
6
CONTINUOUS
10
216.972
20
-109.366
11
214.305
21
-112.033
0
LINE
8
BLACK
6
CONTINUOUS
10
214.305
20
-112.033
11
214.28
21
-112.051
0
LINE
8
BLACK
6
CONTINUOUS
10
214.28
20
-112.051
11
214.258
21
-112.074
0
LINE
8
BLACK
6
CONTINUOUS
10
214.258
20
-112.074
11
214.23
21
-112.088
0
LINE
8
BLACK
6
CONTINUOUS
10
214.23
20
-112.088
11
214.204
21
-112.106
0
LINE
8
BLACK
6
CONTINUOUS
10
214.204
20
-112.106
11
214.174
21
-112.116
0
LINE
8
BLACK
6
CONTINUOUS
10
214.174
20
-112.116
11
214.146
21
-112.13
0
LINE
8
BLACK
6
CONTINUOUS
10
214.146
20
-112.13
11
214.115
21
-112.135
0
LINE
8
BLACK
6
CONTINUOUS
10
214.115
20
-112.135
11
214.085
21
-112.145
0
LINE
8
BLACK
6
CONTINUOUS
10
214.085
20
-112.145
11
214.054
21
-112.145
0
LINE
8
BLACK
6
CONTINUOUS
10
214.054
20
-112.145
11
214.022
21
-112.15
0
LINE
8
BLACK
6
CONTINUOUS
10
214.022
20
-112.15
11
201.266
21
-112.15
0
LINE
8
BLACK
6
CONTINUOUS
10
201.266
20
-112.15
11
201.264
21
-112.157
0
LINE
8
BLACK
6
CONTINUOUS
10
201.264
20
-112.157
11
201.167
21
-112.326
0
LINE
8
BLACK
6
CONTINUOUS
10
201.167
20
-112.326
11
201.04
21
-112.474
0
LINE
8
BLACK
6
CONTINUOUS
10
201.04
20
-112.474
11
200.886
21
-112.594
0
LINE
8
BLACK
6
CONTINUOUS
10
200.886
20
-112.594
11
200.712
21
-112.682
0
LINE
8
BLACK
6
CONTINUOUS
10
200.712
20
-112.682
11
200.524
21
-112.735
0
LINE
8
BLACK
6
CONTINUOUS
10
200.524
20
-112.735
11
200.329
21
-112.75
0
LINE
8
BLACK
6
CONTINUOUS
10
200.329
20
-112.75
11
200.135
21
-112.727
0
LINE
8
BLACK
6
CONTINUOUS
10
200.135
20
-112.727
11
199.95
21
-112.666
0
LINE
8
BLACK
6
CONTINUOUS
10
199.95
20
-112.666
11
199.779
21
-112.571
0
LINE
8
BLACK
6
CONTINUOUS
10
199.779
20
-112.571
11
199.631
21
-112.445
0
LINE
8
BLACK
6
CONTINUOUS
10
199.631
20
-112.445
11
199.509
21
-112.292
0
LINE
8
BLACK
6
CONTINUOUS
10
199.509
20
-112.292
11
199.437
21
-112.15
0
LINE
8
BLACK
6
CONTINUOUS
10
199.437
20
-112.15
11
194.766
21
-112.15
0
LINE
8
BLACK
6
CONTINUOUS
10
194.766
20
-112.15
11
194.764
21
-112.157
0
LINE
8
BLACK
6
CONTINUOUS
10
194.764
20
-112.157
11
194.667
21
-112.326
0
LINE
8
BLACK
6
CONTINUOUS
10
194.667
20
-112.326
11
194.54
21
-112.474
0
LINE
8
BLACK
6
CONTINUOUS
10
194.54
20
-112.474
11
194.386
21
-112.594
0
LINE
8
BLACK
6
CONTINUOUS
10
194.386
20
-112.594
11
194.212
21
-112.682
0
LINE
8
BLACK
6
CONTINUOUS
10
194.212
20
-112.682
11
194.024
21
-112.735
0
LINE
8
BLACK
6
CONTINUOUS
10
194.024
20
-112.735
11
193.829
21
-112.75
0
LINE
8
BLACK
6
CONTINUOUS
10
193.829
20
-112.75
11
193.635
21
-112.727
0
LINE
8
BLACK
6
CONTINUOUS
10
193.635
20
-112.727
11
193.45
21
-112.666
0
LINE
8
BLACK
6
CONTINUOUS
10
193.45
20
-112.666
11
193.279
21
-112.571
0
LINE
8
BLACK
6
CONTINUOUS
10
193.279
20
-112.571
11
193.131
21
-112.445
0
LINE
8
BLACK
6
CONTINUOUS
10
193.131
20
-112.445
11
193.009
21
-112.292
0
LINE
8
BLACK
6
CONTINUOUS
10
193.009
20
-112.292
11
192.92
21
-112.118
0
LINE
8
BLACK
6
CONTINUOUS
10
192.92
20
-112.118
11
192.866
21
-111.931
0
LINE
8
BLACK
6
CONTINUOUS
10
192.866
20
-111.931
11
192.85
21
-111.736
0
LINE
8
BLACK
6
CONTINUOUS
10
192.85
20
-111.736
11
192.872
21
-111.542
0
LINE
8
BLACK
6
CONTINUOUS
10
192.872
20
-111.542
11
192.931
21
-111.356
0
LINE
8
BLACK
6
CONTINUOUS
10
192.931
20
-111.356
11
193.025
21
-111.185
0
LINE
8
BLACK
6
CONTINUOUS
10
193.025
20
-111.185
11
193.15
21
-111.036
0
LINE
8
BLACK
6
CONTINUOUS
10
193.15
20
-111.036
11
193.302
21
-110.913
0
LINE
8
BLACK
6
CONTINUOUS
10
193.302
20
-110.913
11
193.45
21
-110.836
0
LINE
8
BLACK
6
CONTINUOUS
10
193.45
20
-110.836
11
193.45
21
-90.3157
0
LINE
8
BLACK
6
CONTINUOUS
10
193.45
20
-90.3157
11
193.317
21
-90.1828
0
LINE
8
BLACK
6
CONTINUOUS
10
193.317
20
-90.1828
11
193.299
21
-90.1574
0
LINE
8
BLACK
6
CONTINUOUS
10
193.299
20
-90.1574
11
193.276
21
-90.1351
0
LINE
8
BLACK
6
CONTINUOUS
10
193.276
20
-90.1351
11
193.262
21
-90.1071
0
LINE
8
BLACK
6
CONTINUOUS
10
193.262
20
-90.1071
11
193.244
21
-90.0816
0
LINE
8
BLACK
6
CONTINUOUS
10
193.244
20
-90.0816
11
193.234
21
-90.0517
0
LINE
8
BLACK
6
CONTINUOUS
10
193.234
20
-90.0517
11
193.22
21
-90.0236
0
LINE
8
BLACK
6
CONTINUOUS
10
193.22
20
-90.0236
11
193.215
21
-89.9925
0
LINE
8
BLACK
6
CONTINUOUS
10
193.215
20
-89.9925
11
193.209
21
-89.9745
0
LINE
8
BLACK
6
CONTINUOUS
10
193.209
20
-89.9745
11
188.974
21
-85.74
0
LINE
8
BLACK
6
CONTINUOUS
10
188.974
20
-85.74
11
183.697
21
-85.74
0
LINE
8
BLACK
6
CONTINUOUS
10
183.697
20
-85.74
11
183.684
21
-85.8298
0
LINE
8
BLACK
6
CONTINUOUS
10
183.684
20
-85.8298
11
183.629
21
-85.9422
0
LINE
8
BLACK
6
CONTINUOUS
10
183.629
20
-85.9422
11
183.541
21
-86.0308
0
LINE
8
BLACK
6
CONTINUOUS
10
183.541
20
-86.0308
11
183.428
21
-86.0859
0
LINE
8
BLACK
6
CONTINUOUS
10
183.428
20
-86.0859
11
183.319
21
-86.102
0
LINE
8
BLACK
6
CONTINUOUS
10
183.319
20
-86.102
11
181.081
21
-86.102
0
LINE
8
BLACK
6
CONTINUOUS
10
181.081
20
-86.102
11
180.972
21
-86.0861
0
LINE
8
BLACK
6
CONTINUOUS
10
180.972
20
-86.0861
11
180.86
21
-86.0312
0
LINE
8
BLACK
6
CONTINUOUS
10
180.86
20
-86.0312
11
180.771
21
-85.9428
0
LINE
8
BLACK
6
CONTINUOUS
10
180.771
20
-85.9428
11
180.716
21
-85.8305
0
LINE
8
BLACK
6
CONTINUOUS
10
180.716
20
-85.8305
11
180.703
21
-85.74
0
LINE
8
BLACK
6
CONTINUOUS
10
180.703
20
-85.74
11
180.601
21
-85.74
0
LINE
8
BLACK
6
CONTINUOUS
10
180.601
20
-85.74
11
180.555
21
-85.8922
0
LINE
8
BLACK
6
CONTINUOUS
10
180.555
20
-85.8922
11
180.446
21
-86.1126
0
LINE
8
BLACK
6
CONTINUOUS
10
180.446
20
-86.1126
11
180.302
21
-86.3122
0
LINE
8
BLACK
6
CONTINUOUS
10
180.302
20
-86.3122
11
180.128
21
-86.4857
0
LINE
8
BLACK
6
CONTINUOUS
10
180.128
20
-86.4857
11
179.928
21
-86.6284
0
LINE
8
BLACK
6
CONTINUOUS
10
179.928
20
-86.6284
11
179.707
21
-86.7366
0
LINE
8
BLACK
6
CONTINUOUS
10
179.707
20
-86.7366
11
179.472
21
-86.8072
0
LINE
8
BLACK
6
CONTINUOUS
10
179.472
20
-86.8072
11
179.228
21
-86.8385
0
LINE
8
BLACK
6
CONTINUOUS
10
179.228
20
-86.8385
11
178.982
21
-86.8294
0
LINE
8
BLACK
6
CONTINUOUS
10
178.982
20
-86.8294
11
178.8
21
-86.7923
0
LINE
8
BLACK
6
CONTINUOUS
10
178.8
20
-86.7923
11
178.8
21
-104.8
0
LINE
8
BLACK
6
CONTINUOUS
10
178.8
20
-104.8
11
178.795
21
-104.831
0
LINE
8
BLACK
6
CONTINUOUS
10
178.795
20
-104.831
11
178.795
21
-104.863
0
LINE
8
BLACK
6
CONTINUOUS
10
178.795
20
-104.863
11
178.785
21
-104.893
0
LINE
8
BLACK
6
CONTINUOUS
10
178.785
20
-104.893
11
178.78
21
-104.924
0
LINE
8
BLACK
6
CONTINUOUS
10
178.78
20
-104.924
11
178.766
21
-104.952
0
LINE
8
BLACK
6
CONTINUOUS
10
178.766
20
-104.952
11
178.756
21
-104.982
0
LINE
8
BLACK
6
CONTINUOUS
10
178.756
20
-104.982
11
178.738
21
-105.007
0
LINE
8
BLACK
6
CONTINUOUS
10
178.738
20
-105.007
11
178.724
21
-105.035
0
LINE
8
BLACK
6
CONTINUOUS
10
178.724
20
-105.035
11
178.701
21
-105.057
0
LINE
8
BLACK
6
CONTINUOUS
10
178.701
20
-105.057
11
178.683
21
-105.083
0
LINE
8
BLACK
6
CONTINUOUS
10
178.683
20
-105.083
11
175.683
21
-108.083
0
LINE
8
BLACK
6
CONTINUOUS
10
175.683
20
-108.083
11
175.657
21
-108.101
0
LINE
8
BLACK
6
CONTINUOUS
10
175.657
20
-108.101
11
175.635
21
-108.124
0
LINE
8
BLACK
6
CONTINUOUS
10
175.635
20
-108.124
11
175.607
21
-108.138
0
LINE
8
BLACK
6
CONTINUOUS
10
175.607
20
-108.138
11
175.582
21
-108.156
0
LINE
8
BLACK
6
CONTINUOUS
10
175.582
20
-108.156
11
175.552
21
-108.166
0
LINE
8
BLACK
6
CONTINUOUS
10
175.552
20
-108.166
11
175.524
21
-108.18
0
LINE
8
BLACK
6
CONTINUOUS
10
175.524
20
-108.18
11
175.493
21
-108.185
0
LINE
8
BLACK
6
CONTINUOUS
10
175.493
20
-108.185
11
175.463
21
-108.195
0
LINE
8
BLACK
6
CONTINUOUS
10
175.463
20
-108.195
11
175.431
21
-108.195
0
LINE
8
BLACK
6
CONTINUOUS
10
175.431
20
-108.195
11
175.4
21
-108.2
0
LINE
8
BLACK
6
CONTINUOUS
10
175.4
20
-108.2
11
173.466
21
-108.2
0
LINE
8
BLACK
6
CONTINUOUS
10
173.466
20
-108.2
11
163.023
21
-118.643
0
LINE
8
BLACK
6
CONTINUOUS
10
163.023
20
-118.643
11
162.997
21
-118.661
0
LINE
8
BLACK
6
CONTINUOUS
10
162.997
20
-118.661
11
162.975
21
-118.684
0
LINE
8
BLACK
6
CONTINUOUS
10
162.975
20
-118.684
11
162.947
21
-118.698
0
LINE
8
BLACK
6
CONTINUOUS
10
162.947
20
-118.698
11
162.922
21
-118.716
0
LINE
8
BLACK
6
CONTINUOUS
10
162.922
20
-118.716
11
162.892
21
-118.726
0
LINE
8
BLACK
6
CONTINUOUS
10
162.892
20
-118.726
11
162.864
21
-118.74
0
LINE
8
BLACK
6
CONTINUOUS
10
162.864
20
-118.74
11
162.833
21
-118.745
0
LINE
8
BLACK
6
CONTINUOUS
10
162.833
20
-118.745
11
162.803
21
-118.755
0
LINE
8
BLACK
6
CONTINUOUS
10
162.803
20
-118.755
11
162.771
21
-118.755
0
LINE
8
BLACK
6
CONTINUOUS
10
162.771
20
-118.755
11
162.74
21
-118.76
0
LINE
8
BLACK
6
CONTINUOUS
10
162.74
20
-118.76
11
160.837
21
-118.76
0
LINE
8
BLACK
6
CONTINUOUS
10
160.837
20
-118.76
11
160.824
21
-118.85
0
LINE
8
BLACK
6
CONTINUOUS
10
160.824
20
-118.85
11
160.769
21
-118.962
0
LINE
8
BLACK
6
CONTINUOUS
10
160.769
20
-118.962
11
160.681
21
-119.051
0
LINE
8
BLACK
6
CONTINUOUS
10
160.681
20
-119.051
11
160.568
21
-119.106
0
LINE
8
BLACK
6
CONTINUOUS
10
160.568
20
-119.106
11
160.459
21
-119.122
0
LINE
8
BLACK
6
CONTINUOUS
10
160.459
20
-119.122
11
158.221
21
-119.122
0
LINE
8
BLACK
6
CONTINUOUS
10
158.221
20
-119.122
11
158.112
21
-119.106
0
LINE
8
BLACK
6
CONTINUOUS
10
158.112
20
-119.106
11
158.07
21
-119.086
0
LINE
8
BLACK
6
CONTINUOUS
10
158.07
20
-119.086
11
158.028
21
-119.106
0
LINE
8
BLACK
6
CONTINUOUS
10
158.028
20
-119.106
11
157.919
21
-119.122
0
LINE
8
BLACK
6
CONTINUOUS
10
157.919
20
-119.122
11
155.681
21
-119.122
0
LINE
8
BLACK
6
CONTINUOUS
10
155.681
20
-119.122
11
155.572
21
-119.106
0
LINE
8
BLACK
6
CONTINUOUS
10
155.572
20
-119.106
11
155.46
21
-119.051
0
LINE
8
BLACK
6
CONTINUOUS
10
155.46
20
-119.051
11
155.371
21
-118.963
0
LINE
8
BLACK
6
CONTINUOUS
10
155.371
20
-118.963
11
155.316
21
-118.85
0
LINE
8
BLACK
6
CONTINUOUS
10
155.316
20
-118.85
11
155.303
21
-118.76
0
LINE
8
BLACK
6
CONTINUOUS
10
155.303
20
-118.76
11
151.306
21
-118.76
0
LINE
8
BLACK
6
CONTINUOUS
10
151.306
20
-118.76
11
147.902
21
-122.163
0
LINE
8
BLACK
6
CONTINUOUS
10
147.902
20
-122.163
11
147.97
21
-127.048
0
LINE
8
BLACK
6
CONTINUOUS
10
147.97
20
-127.048
11
148.005
21
-127.064
0
LINE
8
BLACK
6
CONTINUOUS
10
148.005
20
-127.064
11
148.149
21
-127.168
0
LINE
8
BLACK
6
CONTINUOUS
10
148.149
20
-127.168
11
148.268
21
-127.3
0
LINE
8
BLACK
6
CONTINUOUS
10
148.268
20
-127.3
11
148.357
21
-127.454
0
LINE
8
BLACK
6
CONTINUOUS
10
148.357
20
-127.454
11
148.411
21
-127.623
0
LINE
8
BLACK
6
CONTINUOUS
10
148.411
20
-127.623
11
148.43
21
-127.8
0
LINE
8
BLACK
6
CONTINUOUS
10
148.43
20
-127.8
11
148.411
21
-127.977
0
LINE
8
BLACK
6
CONTINUOUS
10
148.411
20
-127.977
11
148.357
21
-128.146
0
LINE
8
BLACK
6
CONTINUOUS
10
148.357
20
-128.146
11
148.268
21
-128.3
0
LINE
8
BLACK
6
CONTINUOUS
10
148.268
20
-128.3
11
148.149
21
-128.432
0
LINE
8
BLACK
6
CONTINUOUS
10
148.149
20
-128.432
11
148.005
21
-128.536
0
LINE
8
BLACK
6
CONTINUOUS
10
148.005
20
-128.536
11
147.843
21
-128.608
0
LINE
8
BLACK
6
CONTINUOUS
10
147.843
20
-128.608
11
147.669
21
-128.645
0
LINE
8
BLACK
6
CONTINUOUS
10
147.669
20
-128.645
11
147.491
21
-128.645
0
LINE
8
BLACK
6
CONTINUOUS
10
147.491
20
-128.645
11
147.317
21
-128.608
0
LINE
8
BLACK
6
CONTINUOUS
10
147.317
20
-128.608
11
147.155
21
-128.536
0
LINE
8
BLACK
6
CONTINUOUS
10
147.155
20
-128.536
11
147.011
21
-128.432
0
LINE
8
BLACK
6
CONTINUOUS
10
147.011
20
-128.432
11
146.892
21
-128.3
0
LINE
8
BLACK
6
CONTINUOUS
10
146.892
20
-128.3
11
146.803
21
-128.146
0
LINE
8
BLACK
6
CONTINUOUS
10
146.803
20
-128.146
11
146.749
21
-127.977
0
LINE
8
BLACK
6
CONTINUOUS
10
146.749
20
-127.977
11
146.73
21
-127.8
0
LINE
8
BLACK
6
CONTINUOUS
10
146.73
20
-127.8
11
146.749
21
-127.623
0
LINE
8
BLACK
6
CONTINUOUS
10
146.749
20
-127.623
11
146.803
21
-127.454
0
LINE
8
BLACK
6
CONTINUOUS
10
146.803
20
-127.454
11
146.892
21
-127.3
0
LINE
8
BLACK
6
CONTINUOUS
10
146.892
20
-127.3
11
147.011
21
-127.168
0
LINE
8
BLACK
6
CONTINUOUS
10
147.011
20
-127.168
11
147.155
21
-127.064
0
LINE
8
BLACK
6
CONTINUOUS
10
147.155
20
-127.064
11
147.17
21
-127.057
0
LINE
8
BLACK
6
CONTINUOUS
10
147.17
20
-127.057
11
147.1
21
-122.006
0
LINE
8
BLACK
6
CONTINUOUS
10
147.1
20
-122.006
11
147.105
21
-121.972
0
LINE
8
BLACK
6
CONTINUOUS
10
147.105
20
-121.972
11
147.105
21
-121.937
0
LINE
8
BLACK
6
CONTINUOUS
10
147.105
20
-121.937
11
147.114
21
-121.91
0
LINE
8
BLACK
6
CONTINUOUS
10
147.114
20
-121.91
11
147.118
21
-121.882
0
LINE
8
BLACK
6
CONTINUOUS
10
147.118
20
-121.882
11
147.133
21
-121.851
0
LINE
8
BLACK
6
CONTINUOUS
10
147.133
20
-121.851
11
147.144
21
-121.818
0
LINE
8
BLACK
6
CONTINUOUS
10
147.144
20
-121.818
11
147.16
21
-121.795
0
LINE
8
BLACK
6
CONTINUOUS
10
147.16
20
-121.795
11
147.173
21
-121.769
0
LINE
8
BLACK
6
CONTINUOUS
10
147.173
20
-121.769
11
147.197
21
-121.745
0
LINE
8
BLACK
6
CONTINUOUS
10
147.197
20
-121.745
11
147.217
21
-121.717
0
LINE
8
BLACK
6
CONTINUOUS
10
147.217
20
-121.717
11
150.857
21
-118.077
0
LINE
8
BLACK
6
CONTINUOUS
10
150.857
20
-118.077
11
150.883
21
-118.059
0
LINE
8
BLACK
6
CONTINUOUS
10
150.883
20
-118.059
11
150.905
21
-118.036
0
LINE
8
BLACK
6
CONTINUOUS
10
150.905
20
-118.036
11
150.933
21
-118.022
0
LINE
8
BLACK
6
CONTINUOUS
10
150.933
20
-118.022
11
150.958
21
-118.004
0
LINE
8
BLACK
6
CONTINUOUS
10
150.958
20
-118.004
11
150.988
21
-117.994
0
LINE
8
BLACK
6
CONTINUOUS
10
150.988
20
-117.994
11
151.016
21
-117.98
0
LINE
8
BLACK
6
CONTINUOUS
10
151.016
20
-117.98
11
151.047
21
-117.975
0
LINE
8
BLACK
6
CONTINUOUS
10
151.047
20
-117.975
11
151.077
21
-117.965
0
LINE
8
BLACK
6
CONTINUOUS
10
151.077
20
-117.965
11
151.109
21
-117.965
0
LINE
8
BLACK
6
CONTINUOUS
10
151.109
20
-117.965
11
151.14
21
-117.96
0
LINE
8
BLACK
6
CONTINUOUS
10
151.14
20
-117.96
11
155.303
21
-117.96
0
LINE
8
BLACK
6
CONTINUOUS
10
155.303
20
-117.96
11
155.316
21
-117.87
0
LINE
8
BLACK
6
CONTINUOUS
10
155.316
20
-117.87
11
155.371
21
-117.758
0
LINE
8
BLACK
6
CONTINUOUS
10
155.371
20
-117.758
11
155.459
21
-117.669
0
LINE
8
BLACK
6
CONTINUOUS
10
155.459
20
-117.669
11
155.572
21
-117.614
0
LINE
8
BLACK
6
CONTINUOUS
10
155.572
20
-117.614
11
155.681
21
-117.598
0
LINE
8
BLACK
6
CONTINUOUS
10
155.681
20
-117.598
11
157.919
21
-117.598
0
LINE
8
BLACK
6
CONTINUOUS
10
157.919
20
-117.598
11
158.028
21
-117.614
0
LINE
8
BLACK
6
CONTINUOUS
10
158.028
20
-117.614
11
158.07
21
-117.634
0
LINE
8
BLACK
6
CONTINUOUS
10
158.07
20
-117.634
11
158.112
21
-117.614
0
LINE
8
BLACK
6
CONTINUOUS
10
158.112
20
-117.614
11
158.221
21
-117.598
0
LINE
8
BLACK
6
CONTINUOUS
10
158.221
20
-117.598
11
160.459
21
-117.598
0
LINE
8
BLACK
6
CONTINUOUS
10
160.459
20
-117.598
11
160.568
21
-117.614
0
LINE
8
BLACK
6
CONTINUOUS
10
160.568
20
-117.614
11
160.68
21
-117.669
0
LINE
8
BLACK
6
CONTINUOUS
10
160.68
20
-117.669
11
160.769
21
-117.757
0
LINE
8
BLACK
6
CONTINUOUS
10
160.769
20
-117.757
11
160.824
21
-117.87
0
LINE
8
BLACK
6
CONTINUOUS
10
160.824
20
-117.87
11
160.837
21
-117.96
0
LINE
8
BLACK
6
CONTINUOUS
10
160.837
20
-117.96
11
162.574
21
-117.96
0
LINE
8
BLACK
6
CONTINUOUS
10
162.574
20
-117.96
11
173.017
21
-107.517
0
LINE
8
BLACK
6
CONTINUOUS
10
173.017
20
-107.517
11
173.043
21
-107.499
0
LINE
8
BLACK
6
CONTINUOUS
10
173.043
20
-107.499
11
173.065
21
-107.476
0
LINE
8
BLACK
6
CONTINUOUS
10
173.065
20
-107.476
11
173.093
21
-107.462
0
LINE
8
BLACK
6
CONTINUOUS
10
173.093
20
-107.462
11
173.118
21
-107.444
0
LINE
8
BLACK
6
CONTINUOUS
10
173.118
20
-107.444
11
173.148
21
-107.434
0
LINE
8
BLACK
6
CONTINUOUS
10
173.148
20
-107.434
11
173.176
21
-107.42
0
LINE
8
BLACK
6
CONTINUOUS
10
173.176
20
-107.42
11
173.207
21
-107.415
0
LINE
8
BLACK
6
CONTINUOUS
10
173.207
20
-107.415
11
173.237
21
-107.405
0
LINE
8
BLACK
6
CONTINUOUS
10
173.237
20
-107.405
11
173.269
21
-107.405
0
LINE
8
BLACK
6
CONTINUOUS
10
173.269
20
-107.405
11
173.3
21
-107.4
0
LINE
8
BLACK
6
CONTINUOUS
10
173.3
20
-107.4
11
175.234
21
-107.4
0
LINE
8
BLACK
6
CONTINUOUS
10
175.234
20
-107.4
11
178
21
-104.634
0
LINE
8
BLACK
6
CONTINUOUS
10
178
20
-104.634
11
178
21
-86.2841
0
LINE
8
BLACK
6
CONTINUOUS
10
178
20
-86.2841
11
177.95
21
-86.2259
0
LINE
8
BLACK
6
CONTINUOUS
10
177.95
20
-86.2259
11
177.821
21
-86.0163
0
LINE
8
BLACK
6
CONTINUOUS
10
177.821
20
-86.0163
11
177.729
21
-85.7886
0
LINE
8
BLACK
6
CONTINUOUS
10
177.729
20
-85.7886
11
177.675
21
-85.5488
0
LINE
8
BLACK
6
CONTINUOUS
10
177.675
20
-85.5488
11
177.66
21
-85.3034
0
LINE
8
BLACK
6
CONTINUOUS
10
177.66
20
-85.3034
11
177.687
21
-85.0589
0
LINE
8
BLACK
6
CONTINUOUS
10
177.687
20
-85.0589
11
177.752
21
-84.8221
0
LINE
8
BLACK
6
CONTINUOUS
10
177.752
20
-84.8221
11
177.856
21
-84.5991
0
LINE
8
BLACK
6
CONTINUOUS
10
177.856
20
-84.5991
11
177.994
21
-84.396
0
LINE
8
BLACK
6
CONTINUOUS
10
177.994
20
-84.396
11
178.164
21
-84.2183
0
LINE
8
BLACK
6
CONTINUOUS
10
178.164
20
-84.2183
11
178.361
21
-84.0707
0
LINE
8
BLACK
6
CONTINUOUS
10
178.361
20
-84.0707
11
178.579
21
-83.9572
0
LINE
8
BLACK
6
CONTINUOUS
10
178.579
20
-83.9572
11
178.812
21
-83.8808
0
LINE
8
BLACK
6
CONTINUOUS
10
178.812
20
-83.8808
11
179.055
21
-83.8437
0
LINE
8
BLACK
6
CONTINUOUS
10
179.055
20
-83.8437
11
179.301
21
-83.8467
0
LINE
8
BLACK
6
CONTINUOUS
10
179.301
20
-83.8467
11
179.543
21
-83.8898
0
LINE
8
BLACK
6
CONTINUOUS
10
179.543
20
-83.8898
11
179.775
21
-83.9718
0
LINE
8
BLACK
6
CONTINUOUS
10
179.775
20
-83.9718
11
179.99
21
-84.0906
0
LINE
8
BLACK
6
CONTINUOUS
10
179.99
20
-84.0906
11
180.183
21
-84.243
0
LINE
8
BLACK
6
CONTINUOUS
10
180.183
20
-84.243
11
180.348
21
-84.4248
0
LINE
8
BLACK
6
CONTINUOUS
10
180.348
20
-84.4248
11
180.482
21
-84.6312
0
LINE
8
BLACK
6
CONTINUOUS
10
180.482
20
-84.6312
11
180.58
21
-84.8566
0
LINE
8
BLACK
6
CONTINUOUS
10
180.58
20
-84.8566
11
180.601
21
-84.94
0
LINE
8
BLACK
6
CONTINUOUS
10
180.601
20
-84.94
11
180.703
21
-84.94
0
LINE
8
BLACK
6
CONTINUOUS
10
180.703
20
-84.94
11
180.716
21
-84.8502
0
LINE
8
BLACK
6
CONTINUOUS
10
180.716
20
-84.8502
11
180.771
21
-84.7378
0
LINE
8
BLACK
6
CONTINUOUS
10
180.771
20
-84.7378
11
180.859
21
-84.6492
0
LINE
8
BLACK
6
CONTINUOUS
10
180.859
20
-84.6492
11
180.972
21
-84.5941
0
LINE
8
BLACK
6
CONTINUOUS
10
180.972
20
-84.5941
11
181.081
21
-84.578
0
LINE
8
BLACK
6
CONTINUOUS
10
181.081
20
-84.578
11
183.319
21
-84.578
0
LINE
8
BLACK
6
CONTINUOUS
10
183.319
20
-84.578
11
183.428
21
-84.5939
0
LINE
8
BLACK
6
CONTINUOUS
10
183.428
20
-84.5939
11
183.54
21
-84.6488
0
LINE
8
BLACK
6
CONTINUOUS
10
183.54
20
-84.6488
11
183.629
21
-84.7372
0
LINE
8
BLACK
6
CONTINUOUS
10
183.629
20
-84.7372
11
183.684
21
-84.8495
0
LINE
8
BLACK
6
CONTINUOUS
10
183.684
20
-84.8495
11
183.697
21
-84.94
0
LINE
8
BLACK
6
CONTINUOUS
10
183.697
20
-84.94
11
189.14
21
-84.94
0
LINE
8
BLACK
6
CONTINUOUS
10
189.14
20
-84.94
11
189.171
21
-84.9449
0
LINE
8
BLACK
6
CONTINUOUS
10
189.171
20
-84.9449
11
189.203
21
-84.9449
0
LINE
8
BLACK
6
CONTINUOUS
10
189.203
20
-84.9449
11
189.233
21
-84.9547
0
LINE
8
BLACK
6
CONTINUOUS
10
189.233
20
-84.9547
11
189.264
21
-84.9596
0
LINE
8
BLACK
6
CONTINUOUS
10
189.264
20
-84.9596
11
189.292
21
-84.9739
0
LINE
8
BLACK
6
CONTINUOUS
10
189.292
20
-84.9739
11
189.322
21
-84.9836
0
LINE
8
BLACK
6
CONTINUOUS
10
189.322
20
-84.9836
11
189.347
21
-85.0021
0
LINE
8
BLACK
6
CONTINUOUS
10
189.347
20
-85.0021
11
189.375
21
-85.0164
0
LINE
8
BLACK
6
CONTINUOUS
10
189.375
20
-85.0164
11
189.397
21
-85.0387
0
LINE
8
BLACK
6
CONTINUOUS
10
189.397
20
-85.0387
11
189.423
21
-85.0572
0
LINE
8
BLACK
6
CONTINUOUS
10
189.423
20
-85.0572
11
193.883
21
-89.5172
0
LINE
8
BLACK
6
CONTINUOUS
10
193.883
20
-89.5172
11
193.901
21
-89.5426
0
LINE
8
BLACK
6
CONTINUOUS
10
193.901
20
-89.5426
11
193.924
21
-89.5649
0
LINE
8
BLACK
6
CONTINUOUS
10
193.924
20
-89.5649
11
193.938
21
-89.5929
0
LINE
8
BLACK
6
CONTINUOUS
10
193.938
20
-89.5929
11
193.956
21
-89.6184
0
LINE
8
BLACK
6
CONTINUOUS
10
193.956
20
-89.6184
11
193.966
21
-89.6483
0
LINE
8
BLACK
6
CONTINUOUS
10
193.966
20
-89.6483
11
193.98
21
-89.6764
0
LINE
8
BLACK
6
CONTINUOUS
10
193.98
20
-89.6764
11
193.985
21
-89.7075
0
LINE
8
BLACK
6
CONTINUOUS
10
193.985
20
-89.7075
11
193.991
21
-89.7255
0
LINE
8
BLACK
6
CONTINUOUS
10
193.991
20
-89.7255
11
194.133
21
-89.8672
0
LINE
8
BLACK
6
CONTINUOUS
10
194.133
20
-89.8672
11
194.151
21
-89.8926
0
LINE
8
BLACK
6
CONTINUOUS
10
194.151
20
-89.8926
11
194.174
21
-89.9149
0
LINE
8
BLACK
6
CONTINUOUS
10
194.174
20
-89.9149
11
194.188
21
-89.9429
0
LINE
8
BLACK
6
CONTINUOUS
10
194.188
20
-89.9429
11
194.206
21
-89.9684
0
LINE
8
BLACK
6
CONTINUOUS
10
194.206
20
-89.9684
11
194.216
21
-89.9983
0
LINE
8
BLACK
6
CONTINUOUS
10
194.216
20
-89.9983
11
194.23
21
-90.0264
0
LINE
8
BLACK
6
CONTINUOUS
10
194.23
20
-90.0264
11
194.235
21
-90.0575
0
LINE
8
BLACK
6
CONTINUOUS
10
194.235
20
-90.0575
11
194.245
21
-90.0874
0
LINE
8
BLACK
6
CONTINUOUS
10
194.245
20
-90.0874
11
194.245
21
-90.1189
0
LINE
8
BLACK
6
CONTINUOUS
10
194.245
20
-90.1189
11
194.25
21
-90.15
0
LINE
8
BLACK
6
CONTINUOUS
10
194.25
20
-90.15
11
194.25
21
-110.835
0
LINE
8
BLACK
6
CONTINUOUS
10
194.25
20
-110.835
11
194.409
21
-110.921
0
LINE
8
BLACK
6
CONTINUOUS
10
194.409
20
-110.921
11
194.56
21
-111.045
0
LINE
8
BLACK
6
CONTINUOUS
10
194.56
20
-111.045
11
194.683
21
-111.197
0
LINE
8
BLACK
6
CONTINUOUS
10
194.683
20
-111.197
11
194.764
21
-111.35
0
LINE
8
BLACK
6
CONTINUOUS
10
194.764
20
-111.35
11
199.434
21
-111.35
0
LINE
8
BLACK
6
CONTINUOUS
10
199.434
20
-111.35
11
199.525
21
-111.185
0
LINE
8
BLACK
6
CONTINUOUS
10
199.525
20
-111.185
11
199.65
21
-111.036
0
LINE
8
BLACK
6
CONTINUOUS
10
199.65
20
-111.036
11
199.802
21
-110.913
0
LINE
8
BLACK
6
CONTINUOUS
10
199.802
20
-110.913
11
199.975
21
-110.823
0
LINE
8
BLACK
6
CONTINUOUS
10
199.975
20
-110.823
11
200.163
21
-110.768
0
LINE
8
BLACK
6
CONTINUOUS
10
200.163
20
-110.768
11
200.357
21
-110.75
0
LINE
8
BLACK
6
CONTINUOUS
10
200.357
20
-110.75
11
200.551
21
-110.77
0
LINE
8
BLACK
6
CONTINUOUS
10
200.551
20
-110.77
11
200.738
21
-110.828
0
LINE
8
BLACK
6
CONTINUOUS
10
200.738
20
-110.828
11
200.909
21
-110.921
0
LINE
8
BLACK
6
CONTINUOUS
10
200.909
20
-110.921
11
201.06
21
-111.045
0
LINE
8
BLACK
6
CONTINUOUS
10
201.06
20
-111.045
11
201.183
21
-111.197
0
LINE
8
BLACK
6
CONTINUOUS
10
201.183
20
-111.197
11
201.264
21
-111.35
0
LINE
8
BLACK
6
CONTINUOUS
10
201.264
20
-111.35
11
213.857
21
-111.35
0
LINE
8
BLACK
6
CONTINUOUS
10
213.857
20
-111.35
11
216.407
21
-108.8
0
LINE
8
BLACK
6
CONTINUOUS
10
216.407
20
-108.8
11
216.351
21
-108.718
0
LINE
8
BLACK
6
CONTINUOUS
10
216.351
20
-108.718
11
216.225
21
-108.465
0
LINE
8
BLACK
6
CONTINUOUS
10
216.225
20
-108.465
11
216.135
21
-108.197
0
LINE
8
BLACK
6
CONTINUOUS
10
216.135
20
-108.197
11
216.085
21
-107.919
0
LINE
8
BLACK
6
CONTINUOUS
10
216.085
20
-107.919
11
216.073
21
-107.637
0
LINE
8
BLACK
6
CONTINUOUS
10
216.073
20
-107.637
11
216.102
21
-107.356
0
LINE
8
BLACK
6
CONTINUOUS
10
216.102
20
-107.356
11
216.17
21
-107.082
0
LINE
8
BLACK
6
CONTINUOUS
10
216.17
20
-107.082
11
216.276
21
-106.82
0
LINE
8
BLACK
6
CONTINUOUS
10
216.276
20
-106.82
11
216.418
21
-106.576
0
LINE
8
BLACK
6
CONTINUOUS
10
216.418
20
-106.576
11
216.593
21
-106.354
0
LINE
8
BLACK
6
CONTINUOUS
10
216.593
20
-106.354
11
216.798
21
-106.159
0
LINE
8
BLACK
6
CONTINUOUS
10
216.798
20
-106.159
11
217.028
21
-105.995
0
LINE
8
BLACK
6
CONTINUOUS
10
217.028
20
-105.995
11
217.278
21
-105.864
0
LINE
8
BLACK
6
CONTINUOUS
10
217.278
20
-105.864
11
217.545
21
-105.771
0
LINE
8
BLACK
6
CONTINUOUS
10
217.545
20
-105.771
11
217.672
21
-105.745
0
LINE
8
BLACK
6
CONTINUOUS
10
217.672
20
-105.745
11
217.672
21
-100.85
0
LINE
8
BLACK
6
CONTINUOUS
10
217.672
20
-100.85
11
215.901
21
-100.85
0
LINE
8
BLACK
6
CONTINUOUS
10
215.901
20
-100.85
11
215.825
21
-100.964
0
LINE
8
BLACK
6
CONTINUOUS
10
215.825
20
-100.964
11
215.696
21
-101.087
0
LINE
8
BLACK
6
CONTINUOUS
10
215.696
20
-101.087
11
215.543
21
-101.179
0
LINE
8
BLACK
6
CONTINUOUS
10
215.543
20
-101.179
11
215.373
21
-101.234
0
LINE
8
BLACK
6
CONTINUOUS
10
215.373
20
-101.234
11
215.196
21
-101.25
0
LINE
8
BLACK
6
CONTINUOUS
10
215.196
20
-101.25
11
215.019
21
-101.226
0
LINE
8
BLACK
6
CONTINUOUS
10
215.019
20
-101.226
11
214.852
21
-101.164
0
LINE
8
BLACK
6
CONTINUOUS
10
214.852
20
-101.164
11
214.703
21
-101.066
0
LINE
8
BLACK
6
CONTINUOUS
10
214.703
20
-101.066
11
214.579
21
-100.938
0
LINE
8
BLACK
6
CONTINUOUS
10
214.579
20
-100.938
11
214.486
21
-100.786
0
LINE
8
BLACK
6
CONTINUOUS
10
214.486
20
-100.786
11
214.43
21
-100.616
0
LINE
8
BLACK
6
CONTINUOUS
10
214.43
20
-100.616
11
214.413
21
-100.439
0
LINE
8
BLACK
6
CONTINUOUS
10
214.413
20
-100.439
11
214.435
21
-100.262
0
LINE
8
BLACK
6
CONTINUOUS
10
214.435
20
-100.262
11
214.496
21
-100.094
0
LINE
8
BLACK
6
CONTINUOUS
10
214.496
20
-100.094
11
214.593
21
-99.9444
0
LINE
8
BLACK
6
CONTINUOUS
10
214.593
20
-99.9444
11
214.72
21
-99.8196
0
LINE
8
BLACK
6
CONTINUOUS
10
214.72
20
-99.8196
11
214.872
21
-99.7261
0
LINE
8
BLACK
6
CONTINUOUS
10
214.872
20
-99.7261
11
215.041
21
-99.6687
0
LINE
8
BLACK
6
CONTINUOUS
10
215.041
20
-99.6687
11
215.218
21
-99.65
0
LINE
8
BLACK
6
CONTINUOUS
10
215.218
20
-99.65
11
215.395
21
-99.6711
0
LINE
8
BLACK
6
CONTINUOUS
10
215.395
20
-99.6711
11
215.563
21
-99.731
0
LINE
8
BLACK
6
CONTINUOUS
10
215.563
20
-99.731
11
215.714
21
-99.8265
0
LINE
8
BLACK
6
CONTINUOUS
10
215.714
20
-99.8265
11
215.839
21
-99.9531
0
LINE
8
BLACK
6
CONTINUOUS
10
215.839
20
-99.9531
11
215.9
21
-100.05
0
LINE
8
BLACK
6
CONTINUOUS
10
215.9
20
-100.05
11
217.672
21
-100.05
0
LINE
8
BLACK
6
CONTINUOUS
10
217.672
20
-100.05
11
217.672
21
-97.6579
0
LINE
8
BLACK
6
CONTINUOUS
10
217.672
20
-97.6579
11
217.425
21
-97.5922
0
LINE
8
BLACK
6
CONTINUOUS
10
217.425
20
-97.5922
11
217.165
21
-97.482
0
LINE
8
BLACK
6
CONTINUOUS
10
217.165
20
-97.482
11
216.922
21
-97.3363
0
LINE
8
BLACK
6
CONTINUOUS
10
216.922
20
-97.3363
11
216.703
21
-97.1579
0
LINE
8
BLACK
6
CONTINUOUS
10
216.703
20
-97.1579
11
216.512
21
-96.9505
0
LINE
8
BLACK
6
CONTINUOUS
10
216.512
20
-96.9505
11
216.351
21
-96.7181
0
LINE
8
BLACK
6
CONTINUOUS
10
216.351
20
-96.7181
11
216.225
21
-96.4654
0
LINE
8
BLACK
6
CONTINUOUS
10
216.225
20
-96.4654
11
216.135
21
-96.1974
0
LINE
8
BLACK
6
CONTINUOUS
10
216.135
20
-96.1974
11
216.085
21
-95.9195
0
LINE
8
BLACK
6
CONTINUOUS
10
216.085
20
-95.9195
11
216.073
21
-95.6372
0
LINE
8
BLACK
6
CONTINUOUS
10
216.073
20
-95.6372
11
216.102
21
-95.3561
0
LINE
8
BLACK
6
CONTINUOUS
10
216.102
20
-95.3561
11
216.17
21
-95.082
0
LINE
8
BLACK
6
CONTINUOUS
10
216.17
20
-95.082
11
216.276
21
-94.8201
0
LINE
8
BLACK
6
CONTINUOUS
10
216.276
20
-94.8201
11
216.418
21
-94.5758
0
LINE
8
BLACK
6
CONTINUOUS
10
216.418
20
-94.5758
11
216.593
21
-94.354
0
LINE
8
BLACK
6
CONTINUOUS
10
216.593
20
-94.354
11
216.798
21
-94.159
0
LINE
8
BLACK
6
CONTINUOUS
10
216.798
20
-94.159
11
217.028
21
-93.9947
0
LINE
8
BLACK
6
CONTINUOUS
10
217.028
20
-93.9947
11
217.278
21
-93.8645
0
LINE
8
BLACK
6
CONTINUOUS
10
217.278
20
-93.8645
11
217.545
21
-93.7709
0
LINE
8
BLACK
6
CONTINUOUS
10
217.545
20
-93.7709
11
217.822
21
-93.7158
0
LINE
8
BLACK
6
CONTINUOUS
10
217.822
20
-93.7158
11
218.104
21
-93.7002
0
LINE
8
BLACK
6
CONTINUOUS
10
218.104
20
-93.7002
11
218.385
21
-93.7246
0
LINE
8
BLACK
6
CONTINUOUS
10
218.385
20
-93.7246
11
218.661
21
-93.7884
0
LINE
8
BLACK
6
CONTINUOUS
10
218.661
20
-93.7884
11
218.924
21
-93.8903
0
LINE
8
BLACK
6
CONTINUOUS
10
218.924
20
-93.8903
11
219.171
21
-94.0284
0
LINE
8
BLACK
6
CONTINUOUS
10
219.171
20
-94.0284
11
219.395
21
-94.1998
0
LINE
8
BLACK
6
CONTINUOUS
10
219.395
20
-94.1998
11
219.593
21
-94.4011
0
LINE
8
BLACK
6
CONTINUOUS
10
219.593
20
-94.4011
11
219.761
21
-94.6283
0
LINE
8
BLACK
6
CONTINUOUS
10
219.761
20
-94.6283
11
219.895
21
-94.877
0
LINE
8
BLACK
6
CONTINUOUS
10
219.895
20
-94.877
11
219.993
21
-95.142
0
LINE
8
BLACK
6
CONTINUOUS
10
219.993
20
-95.142
11
220.053
21
-95.4182
0
LINE
8
BLACK
6
CONTINUOUS
10
220.053
20
-95.4182
11
220.072
21
-95.7
0
LINE
8
BLACK
6
CONTINUOUS
10
220.072
20
-95.7
11
220.069
21
-95.8256
0
LINE
8
BLACK
6
CONTINUOUS
10
220.069
20
-95.8256
11
220.031
21
-96.1056
0
LINE
8
BLACK
6
CONTINUOUS
10
220.031
20
-96.1056
11
219.954
21
-96.3775
0
LINE
8
BLACK
6
CONTINUOUS
10
219.954
20
-96.3775
11
219.84
21
-96.6359
0
LINE
8
BLACK
6
CONTINUOUS
10
219.84
20
-96.6359
11
219.691
21
-96.8756
0
LINE
8
BLACK
6
CONTINUOUS
10
219.691
20
-96.8756
11
219.509
21
-97.0918
0
LINE
8
BLACK
6
CONTINUOUS
10
219.509
20
-97.0918
11
219.298
21
-97.2803
0
LINE
8
BLACK
6
CONTINUOUS
10
219.298
20
-97.2803
11
219.063
21
-97.4373
0
LINE
8
BLACK
6
CONTINUOUS
10
219.063
20
-97.4373
11
218.809
21
-97.5596
0
LINE
8
BLACK
6
CONTINUOUS
10
218.809
20
-97.5596
11
218.539
21
-97.6447
0
LINE
8
BLACK
6
CONTINUOUS
10
218.539
20
-97.6447
11
218.472
21
-97.6559
0
LINE
8
BLACK
6
CONTINUOUS
10
218.472
20
-97.6559
11
218.472
21
-105.745
0
LINE
8
BLACK
6
CONTINUOUS
10
218.472
20
-105.745
11
218.661
21
-105.788
0
LINE
8
BLACK
6
CONTINUOUS
10
170.631
20
-66.4049
11
170.663
21
-66.4049
0
LINE
8
BLACK
6
CONTINUOUS
10
170.663
20
-66.4049
11
170.693
21
-66.4147
0
LINE
8
BLACK
6
CONTINUOUS
10
170.693
20
-66.4147
11
170.724
21
-66.4196
0
LINE
8
BLACK
6
CONTINUOUS
10
170.724
20
-66.4196
11
170.752
21
-66.4339
0
LINE
8
BLACK
6
CONTINUOUS
10
170.752
20
-66.4339
11
170.782
21
-66.4436
0
LINE
8
BLACK
6
CONTINUOUS
10
170.782
20
-66.4436
11
170.807
21
-66.4621
0
LINE
8
BLACK
6
CONTINUOUS
10
170.807
20
-66.4621
11
170.835
21
-66.4764
0
LINE
8
BLACK
6
CONTINUOUS
10
170.835
20
-66.4764
11
170.857
21
-66.4987
0
LINE
8
BLACK
6
CONTINUOUS
10
170.857
20
-66.4987
11
170.883
21
-66.5172
0
LINE
8
BLACK
6
CONTINUOUS
10
170.883
20
-66.5172
11
175.583
21
-71.2172
0
LINE
8
BLACK
6
CONTINUOUS
10
175.583
20
-71.2172
11
175.601
21
-71.2426
0
LINE
8
BLACK
6
CONTINUOUS
10
175.601
20
-71.2426
11
175.624
21
-71.2649
0
LINE
8
BLACK
6
CONTINUOUS
10
175.624
20
-71.2649
11
175.638
21
-71.2929
0
LINE
8
BLACK
6
CONTINUOUS
10
175.638
20
-71.2929
11
175.656
21
-71.3184
0
LINE
8
BLACK
6
CONTINUOUS
10
175.656
20
-71.3184
11
175.666
21
-71.3483
0
LINE
8
BLACK
6
CONTINUOUS
10
175.666
20
-71.3483
11
175.68
21
-71.3764
0
LINE
8
BLACK
6
CONTINUOUS
10
175.68
20
-71.3764
11
175.685
21
-71.4075
0
LINE
8
BLACK
6
CONTINUOUS
10
175.685
20
-71.4075
11
175.695
21
-71.4374
0
LINE
8
BLACK
6
CONTINUOUS
10
175.695
20
-71.4374
11
175.695
21
-71.4689
0
LINE
8
BLACK
6
CONTINUOUS
10
175.695
20
-71.4689
11
175.7
21
-71.5
0
LINE
8
BLACK
6
CONTINUOUS
10
175.7
20
-71.5
11
175.7
21
-100.453
0
LINE
8
BLACK
6
CONTINUOUS
10
175.7
20
-100.453
11
175.845
21
-100.511
0
LINE
8
BLACK
6
CONTINUOUS
10
175.845
20
-100.511
11
176.031
21
-100.628
0
LINE
8
BLACK
6
CONTINUOUS
10
176.031
20
-100.628
11
176.192
21
-100.777
0
LINE
8
BLACK
6
CONTINUOUS
10
176.192
20
-100.777
11
176.323
21
-100.953
0
LINE
8
BLACK
6
CONTINUOUS
10
176.323
20
-100.953
11
176.42
21
-101.15
0
LINE
8
BLACK
6
CONTINUOUS
10
176.42
20
-101.15
11
176.48
21
-101.361
0
LINE
8
BLACK
6
CONTINUOUS
10
176.48
20
-101.361
11
176.5
21
-101.58
0
LINE
8
BLACK
6
CONTINUOUS
10
176.5
20
-101.58
11
176.498
21
-101.643
0
LINE
8
BLACK
6
CONTINUOUS
10
176.498
20
-101.643
11
176.467
21
-101.86
0
LINE
8
BLACK
6
CONTINUOUS
10
176.467
20
-101.86
11
176.396
21
-102.068
0
LINE
8
BLACK
6
CONTINUOUS
10
176.396
20
-102.068
11
176.289
21
-102.26
0
LINE
8
BLACK
6
CONTINUOUS
10
176.289
20
-102.26
11
176.149
21
-102.429
0
LINE
8
BLACK
6
CONTINUOUS
10
176.149
20
-102.429
11
175.98
21
-102.569
0
LINE
8
BLACK
6
CONTINUOUS
10
175.98
20
-102.569
11
175.788
21
-102.676
0
LINE
8
BLACK
6
CONTINUOUS
10
175.788
20
-102.676
11
175.7
21
-102.706
0
LINE
8
BLACK
6
CONTINUOUS
10
175.7
20
-102.706
11
175.7
21
-103.3
0
LINE
8
BLACK
6
CONTINUOUS
10
175.7
20
-103.3
11
175.695
21
-103.331
0
LINE
8
BLACK
6
CONTINUOUS
10
175.695
20
-103.331
11
175.695
21
-103.363
0
LINE
8
BLACK
6
CONTINUOUS
10
175.695
20
-103.363
11
175.685
21
-103.393
0
LINE
8
BLACK
6
CONTINUOUS
10
175.685
20
-103.393
11
175.68
21
-103.424
0
LINE
8
BLACK
6
CONTINUOUS
10
175.68
20
-103.424
11
175.666
21
-103.452
0
LINE
8
BLACK
6
CONTINUOUS
10
175.666
20
-103.452
11
175.656
21
-103.482
0
LINE
8
BLACK
6
CONTINUOUS
10
175.656
20
-103.482
11
175.638
21
-103.507
0
LINE
8
BLACK
6
CONTINUOUS
10
175.638
20
-103.507
11
175.624
21
-103.535
0
LINE
8
BLACK
6
CONTINUOUS
10
175.624
20
-103.535
11
175.601
21
-103.557
0
LINE
8
BLACK
6
CONTINUOUS
10
175.601
20
-103.557
11
175.583
21
-103.583
0
LINE
8
BLACK
6
CONTINUOUS
10
175.583
20
-103.583
11
173.883
21
-105.283
0
LINE
8
BLACK
6
CONTINUOUS
10
173.883
20
-105.283
11
173.857
21
-105.301
0
LINE
8
BLACK
6
CONTINUOUS
10
173.857
20
-105.301
11
173.835
21
-105.324
0
LINE
8
BLACK
6
CONTINUOUS
10
173.835
20
-105.324
11
173.807
21
-105.338
0
LINE
8
BLACK
6
CONTINUOUS
10
173.807
20
-105.338
11
173.782
21
-105.356
0
LINE
8
BLACK
6
CONTINUOUS
10
173.782
20
-105.356
11
173.752
21
-105.366
0
LINE
8
BLACK
6
CONTINUOUS
10
173.752
20
-105.366
11
173.724
21
-105.38
0
LINE
8
BLACK
6
CONTINUOUS
10
173.724
20
-105.38
11
173.693
21
-105.385
0
LINE
8
BLACK
6
CONTINUOUS
10
173.693
20
-105.385
11
173.663
21
-105.395
0
LINE
8
BLACK
6
CONTINUOUS
10
173.663
20
-105.395
11
173.631
21
-105.395
0
LINE
8
BLACK
6
CONTINUOUS
10
173.631
20
-105.395
11
173.6
21
-105.4
0
LINE
8
BLACK
6
CONTINUOUS
10
173.6
20
-105.4
11
171.166
21
-105.4
0
LINE
8
BLACK
6
CONTINUOUS
10
171.166
20
-105.4
11
163.003
21
-113.563
0
LINE
8
BLACK
6
CONTINUOUS
10
163.003
20
-113.563
11
162.977
21
-113.581
0
LINE
8
BLACK
6
CONTINUOUS
10
162.977
20
-113.581
11
162.955
21
-113.604
0
LINE
8
BLACK
6
CONTINUOUS
10
162.955
20
-113.604
11
162.927
21
-113.618
0
LINE
8
BLACK
6
CONTINUOUS
10
162.927
20
-113.618
11
162.902
21
-113.636
0
LINE
8
BLACK
6
CONTINUOUS
10
162.902
20
-113.636
11
162.872
21
-113.646
0
LINE
8
BLACK
6
CONTINUOUS
10
162.872
20
-113.646
11
162.844
21
-113.66
0
LINE
8
BLACK
6
CONTINUOUS
10
162.844
20
-113.66
11
162.813
21
-113.665
0
LINE
8
BLACK
6
CONTINUOUS
10
162.813
20
-113.665
11
162.783
21
-113.675
0
LINE
8
BLACK
6
CONTINUOUS
10
162.783
20
-113.675
11
162.751
21
-113.675
0
LINE
8
BLACK
6
CONTINUOUS
10
162.751
20
-113.675
11
162.72
21
-113.68
0
LINE
8
BLACK
6
CONTINUOUS
10
162.72
20
-113.68
11
160.837
21
-113.68
0
LINE
8
BLACK
6
CONTINUOUS
10
160.837
20
-113.68
11
160.824
21
-113.77
0
LINE
8
BLACK
6
CONTINUOUS
10
160.824
20
-113.77
11
160.769
21
-113.882
0
LINE
8
BLACK
6
CONTINUOUS
10
160.769
20
-113.882
11
160.681
21
-113.971
0
LINE
8
BLACK
6
CONTINUOUS
10
160.681
20
-113.971
11
160.568
21
-114.026
0
LINE
8
BLACK
6
CONTINUOUS
10
160.568
20
-114.026
11
160.459
21
-114.042
0
LINE
8
BLACK
6
CONTINUOUS
10
160.459
20
-114.042
11
158.221
21
-114.042
0
LINE
8
BLACK
6
CONTINUOUS
10
158.221
20
-114.042
11
158.112
21
-114.026
0
LINE
8
BLACK
6
CONTINUOUS
10
158.112
20
-114.026
11
158.07
21
-114.006
0
LINE
8
BLACK
6
CONTINUOUS
10
158.07
20
-114.006
11
158.028
21
-114.026
0
LINE
8
BLACK
6
CONTINUOUS
10
158.028
20
-114.026
11
157.919
21
-114.042
0
LINE
8
BLACK
6
CONTINUOUS
10
157.919
20
-114.042
11
155.681
21
-114.042
0
LINE
8
BLACK
6
CONTINUOUS
10
155.681
20
-114.042
11
155.572
21
-114.026
0
LINE
8
BLACK
6
CONTINUOUS
10
155.572
20
-114.026
11
155.46
21
-113.971
0
LINE
8
BLACK
6
CONTINUOUS
10
155.46
20
-113.971
11
155.371
21
-113.883
0
LINE
8
BLACK
6
CONTINUOUS
10
155.371
20
-113.883
11
155.316
21
-113.77
0
LINE
8
BLACK
6
CONTINUOUS
10
155.316
20
-113.77
11
155.303
21
-113.68
0
LINE
8
BLACK
6
CONTINUOUS
10
155.303
20
-113.68
11
152.886
21
-113.68
0
LINE
8
BLACK
6
CONTINUOUS
10
152.886
20
-113.68
11
145.44
21
-121.126
0
LINE
8
BLACK
6
CONTINUOUS
10
145.44
20
-121.126
11
145.44
21
-127.053
0
LINE
8
BLACK
6
CONTINUOUS
10
145.44
20
-127.053
11
145.465
21
-127.064
0
LINE
8
BLACK
6
CONTINUOUS
10
145.465
20
-127.064
11
145.609
21
-127.168
0
LINE
8
BLACK
6
CONTINUOUS
10
145.609
20
-127.168
11
145.728
21
-127.3
0
LINE
8
BLACK
6
CONTINUOUS
10
145.728
20
-127.3
11
145.817
21
-127.454
0
LINE
8
BLACK
6
CONTINUOUS
10
145.817
20
-127.454
11
145.871
21
-127.623
0
LINE
8
BLACK
6
CONTINUOUS
10
145.871
20
-127.623
11
145.89
21
-127.8
0
LINE
8
BLACK
6
CONTINUOUS
10
145.89
20
-127.8
11
145.871
21
-127.977
0
LINE
8
BLACK
6
CONTINUOUS
10
145.871
20
-127.977
11
145.817
21
-128.146
0
LINE
8
BLACK
6
CONTINUOUS
10
145.817
20
-128.146
11
145.728
21
-128.3
0
LINE
8
BLACK
6
CONTINUOUS
10
145.728
20
-128.3
11
145.609
21
-128.432
0
LINE
8
BLACK
6
CONTINUOUS
10
145.609
20
-128.432
11
145.465
21
-128.536
0
LINE
8
BLACK
6
CONTINUOUS
10
145.465
20
-128.536
11
145.303
21
-128.608
0
LINE
8
BLACK
6
CONTINUOUS
10
145.303
20
-128.608
11
145.129
21
-128.645
0
LINE
8
BLACK
6
CONTINUOUS
10
145.129
20
-128.645
11
144.951
21
-128.645
0
LINE
8
BLACK
6
CONTINUOUS
10
144.951
20
-128.645
11
144.777
21
-128.608
0
LINE
8
BLACK
6
CONTINUOUS
10
144.777
20
-128.608
11
144.615
21
-128.536
0
LINE
8
BLACK
6
CONTINUOUS
10
144.615
20
-128.536
11
144.471
21
-128.432
0
LINE
8
BLACK
6
CONTINUOUS
10
144.471
20
-128.432
11
144.352
21
-128.3
0
LINE
8
BLACK
6
CONTINUOUS
10
144.352
20
-128.3
11
144.263
21
-128.146
0
LINE
8
BLACK
6
CONTINUOUS
10
144.263
20
-128.146
11
144.209
21
-127.977
0
LINE
8
BLACK
6
CONTINUOUS
10
144.209
20
-127.977
11
144.19
21
-127.8
0
LINE
8
BLACK
6
CONTINUOUS
10
144.19
20
-127.8
11
144.209
21
-127.623
0
LINE
8
BLACK
6
CONTINUOUS
10
144.209
20
-127.623
11
144.263
21
-127.454
0
LINE
8
BLACK
6
CONTINUOUS
10
144.263
20
-127.454
11
144.352
21
-127.3
0
LINE
8
BLACK
6
CONTINUOUS
10
144.352
20
-127.3
11
144.471
21
-127.168
0
LINE
8
BLACK
6
CONTINUOUS
10
144.471
20
-127.168
11
144.615
21
-127.064
0
LINE
8
BLACK
6
CONTINUOUS
10
144.615
20
-127.064
11
144.64
21
-127.053
0
LINE
8
BLACK
6
CONTINUOUS
10
144.64
20
-127.053
11
144.64
21
-120.96
0
LINE
8
BLACK
6
CONTINUOUS
10
144.64
20
-120.96
11
144.645
21
-120.929
0
LINE
8
BLACK
6
CONTINUOUS
10
144.645
20
-120.929
11
144.645
21
-120.897
0
LINE
8
BLACK
6
CONTINUOUS
10
144.645
20
-120.897
11
144.655
21
-120.867
0
LINE
8
BLACK
6
CONTINUOUS
10
144.655
20
-120.867
11
144.66
21
-120.836
0
LINE
8
BLACK
6
CONTINUOUS
10
144.66
20
-120.836
11
144.674
21
-120.808
0
LINE
8
BLACK
6
CONTINUOUS
10
144.674
20
-120.808
11
144.684
21
-120.778
0
LINE
8
BLACK
6
CONTINUOUS
10
144.684
20
-120.778
11
144.702
21
-120.753
0
LINE
8
BLACK
6
CONTINUOUS
10
144.702
20
-120.753
11
144.716
21
-120.725
0
LINE
8
BLACK
6
CONTINUOUS
10
144.716
20
-120.725
11
144.739
21
-120.703
0
LINE
8
BLACK
6
CONTINUOUS
10
144.739
20
-120.703
11
144.757
21
-120.677
0
LINE
8
BLACK
6
CONTINUOUS
10
144.757
20
-120.677
11
152.437
21
-112.997
0
LINE
8
BLACK
6
CONTINUOUS
10
152.437
20
-112.997
11
152.463
21
-112.979
0
LINE
8
BLACK
6
CONTINUOUS
10
152.463
20
-112.979
11
152.485
21
-112.956
0
LINE
8
BLACK
6
CONTINUOUS
10
152.485
20
-112.956
11
152.513
21
-112.942
0
LINE
8
BLACK
6
CONTINUOUS
10
152.513
20
-112.942
11
152.538
21
-112.924
0
LINE
8
BLACK
6
CONTINUOUS
10
152.538
20
-112.924
11
152.568
21
-112.914
0
LINE
8
BLACK
6
CONTINUOUS
10
152.568
20
-112.914
11
152.596
21
-112.9
0
LINE
8
BLACK
6
CONTINUOUS
10
152.596
20
-112.9
11
152.627
21
-112.895
0
LINE
8
BLACK
6
CONTINUOUS
10
152.627
20
-112.895
11
152.657
21
-112.885
0
LINE
8
BLACK
6
CONTINUOUS
10
152.657
20
-112.885
11
152.689
21
-112.885
0
LINE
8
BLACK
6
CONTINUOUS
10
152.689
20
-112.885
11
152.72
21
-112.88
0
LINE
8
BLACK
6
CONTINUOUS
10
152.72
20
-112.88
11
155.303
21
-112.88
0
LINE
8
BLACK
6
CONTINUOUS
10
155.303
20
-112.88
11
155.316
21
-112.79
0
LINE
8
BLACK
6
CONTINUOUS
10
155.316
20
-112.79
11
155.371
21
-112.678
0
LINE
8
BLACK
6
CONTINUOUS
10
155.371
20
-112.678
11
155.459
21
-112.589
0
LINE
8
BLACK
6
CONTINUOUS
10
155.459
20
-112.589
11
155.572
21
-112.534
0
LINE
8
BLACK
6
CONTINUOUS
10
155.572
20
-112.534
11
155.681
21
-112.518
0
LINE
8
BLACK
6
CONTINUOUS
10
155.681
20
-112.518
11
157.919
21
-112.518
0
LINE
8
BLACK
6
CONTINUOUS
10
157.919
20
-112.518
11
158.028
21
-112.534
0
LINE
8
BLACK
6
CONTINUOUS
10
158.028
20
-112.534
11
158.07
21
-112.554
0
LINE
8
BLACK
6
CONTINUOUS
10
158.07
20
-112.554
11
158.112
21
-112.534
0
LINE
8
BLACK
6
CONTINUOUS
10
158.112
20
-112.534
11
158.221
21
-112.518
0
LINE
8
BLACK
6
CONTINUOUS
10
158.221
20
-112.518
11
160.459
21
-112.518
0
LINE
8
BLACK
6
CONTINUOUS
10
160.459
20
-112.518
11
160.568
21
-112.534
0
LINE
8
BLACK
6
CONTINUOUS
10
160.568
20
-112.534
11
160.68
21
-112.589
0
LINE
8
BLACK
6
CONTINUOUS
10
160.68
20
-112.589
11
160.769
21
-112.677
0
LINE
8
BLACK
6
CONTINUOUS
10
160.769
20
-112.677
11
160.824
21
-112.79
0
LINE
8
BLACK
6
CONTINUOUS
10
160.824
20
-112.79
11
160.837
21
-112.88
0
LINE
8
BLACK
6
CONTINUOUS
10
160.837
20
-112.88
11
162.554
21
-112.88
0
LINE
8
BLACK
6
CONTINUOUS
10
162.554
20
-112.88
11
170.717
21
-104.717
0
LINE
8
BLACK
6
CONTINUOUS
10
170.717
20
-104.717
11
170.743
21
-104.699
0
LINE
8
BLACK
6
CONTINUOUS
10
170.743
20
-104.699
11
170.765
21
-104.676
0
LINE
8
BLACK
6
CONTINUOUS
10
170.765
20
-104.676
11
170.793
21
-104.662
0
LINE
8
BLACK
6
CONTINUOUS
10
170.793
20
-104.662
11
170.818
21
-104.644
0
LINE
8
BLACK
6
CONTINUOUS
10
170.818
20
-104.644
11
170.848
21
-104.634
0
LINE
8
BLACK
6
CONTINUOUS
10
170.848
20
-104.634
11
170.876
21
-104.62
0
LINE
8
BLACK
6
CONTINUOUS
10
170.876
20
-104.62
11
170.907
21
-104.615
0
LINE
8
BLACK
6
CONTINUOUS
10
170.907
20
-104.615
11
170.937
21
-104.605
0
LINE
8
BLACK
6
CONTINUOUS
10
170.937
20
-104.605
11
170.969
21
-104.605
0
LINE
8
BLACK
6
CONTINUOUS
10
170.969
20
-104.605
11
171
21
-104.6
0
LINE
8
BLACK
6
CONTINUOUS
10
171
20
-104.6
11
173.434
21
-104.6
0
LINE
8
BLACK
6
CONTINUOUS
10
173.434
20
-104.6
11
174.9
21
-103.134
0
LINE
8
BLACK
6
CONTINUOUS
10
174.9
20
-103.134
11
174.9
21
-102.709
0
LINE
8
BLACK
6
CONTINUOUS
10
174.9
20
-102.709
11
174.727
21
-102.635
0
LINE
8
BLACK
6
CONTINUOUS
10
174.727
20
-102.635
11
174.545
21
-102.513
0
LINE
8
BLACK
6
CONTINUOUS
10
174.545
20
-102.513
11
174.388
21
-102.359
0
LINE
8
BLACK
6
CONTINUOUS
10
174.388
20
-102.359
11
174.261
21
-102.18
0
LINE
8
BLACK
6
CONTINUOUS
10
174.261
20
-102.18
11
174.169
21
-101.981
0
LINE
8
BLACK
6
CONTINUOUS
10
174.169
20
-101.981
11
174.115
21
-101.768
0
LINE
8
BLACK
6
CONTINUOUS
10
174.115
20
-101.768
11
174.1
21
-101.549
0
LINE
8
BLACK
6
CONTINUOUS
10
174.1
20
-101.549
11
174.126
21
-101.331
0
LINE
8
BLACK
6
CONTINUOUS
10
174.126
20
-101.331
11
174.191
21
-101.121
0
LINE
8
BLACK
6
CONTINUOUS
10
174.191
20
-101.121
11
174.294
21
-100.926
0
LINE
8
BLACK
6
CONTINUOUS
10
174.294
20
-100.926
11
174.43
21
-100.754
0
LINE
8
BLACK
6
CONTINUOUS
10
174.43
20
-100.754
11
174.595
21
-100.609
0
LINE
8
BLACK
6
CONTINUOUS
10
174.595
20
-100.609
11
174.783
21
-100.497
0
LINE
8
BLACK
6
CONTINUOUS
10
174.783
20
-100.497
11
174.9
21
-100.454
0
LINE
8
BLACK
6
CONTINUOUS
10
174.9
20
-100.454
11
174.9
21
-71.6657
0
LINE
8
BLACK
6
CONTINUOUS
10
174.9
20
-71.6657
11
170.434
21
-67.2
0
LINE
8
BLACK
6
CONTINUOUS
10
170.434
20
-67.2
11
151.566
21
-67.2
0
LINE
8
BLACK
6
CONTINUOUS
10
151.566
20
-67.2
11
146.883
21
-71.8828
0
LINE
8
BLACK
6
CONTINUOUS
10
146.883
20
-71.8828
11
146.857
21
-71.9013
0
LINE
8
BLACK
6
CONTINUOUS
10
146.857
20
-71.9013
11
146.835
21
-71.9236
0
LINE
8
BLACK
6
CONTINUOUS
10
146.835
20
-71.9236
11
146.807
21
-71.9379
0
LINE
8
BLACK
6
CONTINUOUS
10
146.807
20
-71.9379
11
146.782
21
-71.9564
0
LINE
8
BLACK
6
CONTINUOUS
10
146.782
20
-71.9564
11
146.752
21
-71.9661
0
LINE
8
BLACK
6
CONTINUOUS
10
146.752
20
-71.9661
11
146.724
21
-71.9804
0
LINE
8
BLACK
6
CONTINUOUS
10
146.724
20
-71.9804
11
146.693
21
-71.9853
0
LINE
8
BLACK
6
CONTINUOUS
10
146.693
20
-71.9853
11
146.663
21
-71.9951
0
LINE
8
BLACK
6
CONTINUOUS
10
146.663
20
-71.9951
11
146.631
21
-71.9951
0
LINE
8
BLACK
6
CONTINUOUS
10
146.631
20
-71.9951
11
146.6
21
-72
0
LINE
8
BLACK
6
CONTINUOUS
10
146.6
20
-72
11
143.766
21
-72
0
LINE
8
BLACK
6
CONTINUOUS
10
143.766
20
-72
11
135.863
21
-79.9028
0
LINE
8
BLACK
6
CONTINUOUS
10
135.863
20
-79.9028
11
135.837
21
-79.9213
0
LINE
8
BLACK
6
CONTINUOUS
10
135.837
20
-79.9213
11
135.815
21
-79.9436
0
LINE
8
BLACK
6
CONTINUOUS
10
135.815
20
-79.9436
11
135.787
21
-79.9579
0
LINE
8
BLACK
6
CONTINUOUS
10
135.787
20
-79.9579
11
135.762
21
-79.9764
0
LINE
8
BLACK
6
CONTINUOUS
10
135.762
20
-79.9764
11
135.732
21
-79.9861
0
LINE
8
BLACK
6
CONTINUOUS
10
135.732
20
-79.9861
11
135.704
21
-80.0004
0
LINE
8
BLACK
6
CONTINUOUS
10
135.704
20
-80.0004
11
135.673
21
-80.0053
0
LINE
8
BLACK
6
CONTINUOUS
10
135.673
20
-80.0053
11
135.643
21
-80.0151
0
LINE
8
BLACK
6
CONTINUOUS
10
135.643
20
-80.0151
11
135.611
21
-80.0151
0
LINE
8
BLACK
6
CONTINUOUS
10
135.611
20
-80.0151
11
135.58
21
-80.02
0
LINE
8
BLACK
6
CONTINUOUS
10
135.58
20
-80.02
11
134.645
21
-80.02
0
LINE
8
BLACK
6
CONTINUOUS
10
134.645
20
-80.02
11
134.588
21
-80.1196
0
LINE
8
BLACK
6
CONTINUOUS
10
134.588
20
-80.1196
11
134.469
21
-80.2517
0
LINE
8
BLACK
6
CONTINUOUS
10
134.469
20
-80.2517
11
134.325
21
-80.3561
0
LINE
8
BLACK
6
CONTINUOUS
10
134.325
20
-80.3561
11
134.163
21
-80.4284
0
LINE
8
BLACK
6
CONTINUOUS
10
134.163
20
-80.4284
11
133.989
21
-80.4653
0
LINE
8
BLACK
6
CONTINUOUS
10
133.989
20
-80.4653
11
133.811
21
-80.4653
0
LINE
8
BLACK
6
CONTINUOUS
10
133.811
20
-80.4653
11
133.637
21
-80.4284
0
LINE
8
BLACK
6
CONTINUOUS
10
133.637
20
-80.4284
11
133.475
21
-80.3561
0
LINE
8
BLACK
6
CONTINUOUS
10
133.475
20
-80.3561
11
133.331
21
-80.2517
0
LINE
8
BLACK
6
CONTINUOUS
10
133.331
20
-80.2517
11
133.212
21
-80.1196
0
LINE
8
BLACK
6
CONTINUOUS
10
133.212
20
-80.1196
11
133.123
21
-79.9657
0
LINE
8
BLACK
6
CONTINUOUS
10
133.123
20
-79.9657
11
133.069
21
-79.7967
0
LINE
8
BLACK
6
CONTINUOUS
10
133.069
20
-79.7967
11
133.05
21
-79.62
0
LINE
8
BLACK
6
CONTINUOUS
10
133.05
20
-79.62
11
133.069
21
-79.4433
0
LINE
8
BLACK
6
CONTINUOUS
10
133.069
20
-79.4433
11
133.123
21
-79.2743
0
LINE
8
BLACK
6
CONTINUOUS
10
133.123
20
-79.2743
11
133.212
21
-79.1204
0
LINE
8
BLACK
6
CONTINUOUS
10
133.212
20
-79.1204
11
133.331
21
-78.9883
0
LINE
8
BLACK
6
CONTINUOUS
10
133.331
20
-78.9883
11
133.475
21
-78.8839
0
LINE
8
BLACK
6
CONTINUOUS
10
133.475
20
-78.8839
11
133.637
21
-78.8116
0
LINE
8
BLACK
6
CONTINUOUS
10
133.637
20
-78.8116
11
133.811
21
-78.7747
0
LINE
8
BLACK
6
CONTINUOUS
10
133.811
20
-78.7747
11
133.989
21
-78.7747
0
LINE
8
BLACK
6
CONTINUOUS
10
133.989
20
-78.7747
11
134.163
21
-78.8116
0
LINE
8
BLACK
6
CONTINUOUS
10
134.163
20
-78.8116
11
134.325
21
-78.8839
0
LINE
8
BLACK
6
CONTINUOUS
10
134.325
20
-78.8839
11
134.469
21
-78.9883
0
LINE
8
BLACK
6
CONTINUOUS
10
134.469
20
-78.9883
11
134.588
21
-79.1204
0
LINE
8
BLACK
6
CONTINUOUS
10
134.588
20
-79.1204
11
134.645
21
-79.22
0
LINE
8
BLACK
6
CONTINUOUS
10
134.645
20
-79.22
11
135.414
21
-79.22
0
LINE
8
BLACK
6
CONTINUOUS
10
135.414
20
-79.22
11
143.317
21
-71.3172
0
LINE
8
BLACK
6
CONTINUOUS
10
143.317
20
-71.3172
11
143.343
21
-71.2987
0
LINE
8
BLACK
6
CONTINUOUS
10
143.343
20
-71.2987
11
143.365
21
-71.2764
0
LINE
8
BLACK
6
CONTINUOUS
10
143.365
20
-71.2764
11
143.393
21
-71.2621
0
LINE
8
BLACK
6
CONTINUOUS
10
143.393
20
-71.2621
11
143.418
21
-71.2436
0
LINE
8
BLACK
6
CONTINUOUS
10
143.418
20
-71.2436
11
143.448
21
-71.2339
0
LINE
8
BLACK
6
CONTINUOUS
10
143.448
20
-71.2339
11
143.476
21
-71.2196
0
LINE
8
BLACK
6
CONTINUOUS
10
143.476
20
-71.2196
11
143.507
21
-71.2147
0
LINE
8
BLACK
6
CONTINUOUS
10
143.507
20
-71.2147
11
143.537
21
-71.2049
0
LINE
8
BLACK
6
CONTINUOUS
10
143.537
20
-71.2049
11
143.569
21
-71.2049
0
LINE
8
BLACK
6
CONTINUOUS
10
143.569
20
-71.2049
11
143.6
21
-71.2
0
LINE
8
BLACK
6
CONTINUOUS
10
143.6
20
-71.2
11
146.434
21
-71.2
0
LINE
8
BLACK
6
CONTINUOUS
10
146.434
20
-71.2
11
151.117
21
-66.5172
0
LINE
8
BLACK
6
CONTINUOUS
10
151.117
20
-66.5172
11
151.143
21
-66.4987
0
LINE
8
BLACK
6
CONTINUOUS
10
151.143
20
-66.4987
11
151.165
21
-66.4764
0
LINE
8
BLACK
6
CONTINUOUS
10
151.165
20
-66.4764
11
151.193
21
-66.4621
0
LINE
8
BLACK
6
CONTINUOUS
10
151.193
20
-66.4621
11
151.218
21
-66.4436
0
LINE
8
BLACK
6
CONTINUOUS
10
151.218
20
-66.4436
11
151.248
21
-66.4339
0
LINE
8
BLACK
6
CONTINUOUS
10
151.248
20
-66.4339
11
151.276
21
-66.4196
0
LINE
8
BLACK
6
CONTINUOUS
10
151.276
20
-66.4196
11
151.307
21
-66.4147
0
LINE
8
BLACK
6
CONTINUOUS
10
151.307
20
-66.4147
11
151.337
21
-66.4049
0
LINE
8
BLACK
6
CONTINUOUS
10
151.337
20
-66.4049
11
151.369
21
-66.4049
0
LINE
8
BLACK
6
CONTINUOUS
10
151.369
20
-66.4049
11
151.4
21
-66.4
0
LINE
8
BLACK
6
CONTINUOUS
10
151.4
20
-66.4
11
170.6
21
-66.4
0
LINE
8
BLACK
6
CONTINUOUS
10
170.6
20
-66.4
11
170.631
21
-66.4049
0
LINE
8
BLACK
6
CONTINUOUS
10
188.525
20
-103.087
11
188.741
21
-103.129
0
LINE
8
BLACK
6
CONTINUOUS
10
188.741
20
-103.129
11
188.945
21
-103.211
0
LINE
8
BLACK
6
CONTINUOUS
10
188.945
20
-103.211
11
189.131
21
-103.328
0
LINE
8
BLACK
6
CONTINUOUS
10
189.131
20
-103.328
11
189.292
21
-103.477
0
LINE
8
BLACK
6
CONTINUOUS
10
189.292
20
-103.477
11
189.423
21
-103.653
0
LINE
8
BLACK
6
CONTINUOUS
10
189.423
20
-103.653
11
189.52
21
-103.85
0
LINE
8
BLACK
6
CONTINUOUS
10
189.52
20
-103.85
11
189.58
21
-104.061
0
LINE
8
BLACK
6
CONTINUOUS
10
189.58
20
-104.061
11
189.6
21
-104.28
0
LINE
8
BLACK
6
CONTINUOUS
10
189.6
20
-104.28
11
189.598
21
-104.343
0
LINE
8
BLACK
6
CONTINUOUS
10
189.598
20
-104.343
11
189.567
21
-104.56
0
LINE
8
BLACK
6
CONTINUOUS
10
189.567
20
-104.56
11
189.496
21
-104.768
0
LINE
8
BLACK
6
CONTINUOUS
10
189.496
20
-104.768
11
189.389
21
-104.96
0
LINE
8
BLACK
6
CONTINUOUS
10
189.389
20
-104.96
11
189.249
21
-105.129
0
LINE
8
BLACK
6
CONTINUOUS
10
189.249
20
-105.129
11
189.08
21
-105.269
0
LINE
8
BLACK
6
CONTINUOUS
10
189.08
20
-105.269
11
188.888
21
-105.376
0
LINE
8
BLACK
6
CONTINUOUS
10
188.888
20
-105.376
11
188.8
21
-105.406
0
LINE
8
BLACK
6
CONTINUOUS
10
188.8
20
-105.406
11
188.8
21
-112.7
0
LINE
8
BLACK
6
CONTINUOUS
10
188.8
20
-112.7
11
190.7
21
-112.7
0
LINE
8
BLACK
6
CONTINUOUS
10
190.7
20
-112.7
11
190.731
21
-112.705
0
LINE
8
BLACK
6
CONTINUOUS
10
190.731
20
-112.705
11
190.763
21
-112.705
0
LINE
8
BLACK
6
CONTINUOUS
10
190.763
20
-112.705
11
190.793
21
-112.715
0
LINE
8
BLACK
6
CONTINUOUS
10
190.793
20
-112.715
11
190.824
21
-112.72
0
LINE
8
BLACK
6
CONTINUOUS
10
190.824
20
-112.72
11
190.852
21
-112.734
0
LINE
8
BLACK
6
CONTINUOUS
10
190.852
20
-112.734
11
190.882
21
-112.744
0
LINE
8
BLACK
6
CONTINUOUS
10
190.882
20
-112.744
11
190.907
21
-112.762
0
LINE
8
BLACK
6
CONTINUOUS
10
190.907
20
-112.762
11
190.935
21
-112.776
0
LINE
8
BLACK
6
CONTINUOUS
10
190.935
20
-112.776
11
190.957
21
-112.799
0
LINE
8
BLACK
6
CONTINUOUS
10
190.957
20
-112.799
11
190.983
21
-112.817
0
LINE
8
BLACK
6
CONTINUOUS
10
190.983
20
-112.817
11
193.486
21
-115.32
0
LINE
8
BLACK
6
CONTINUOUS
10
193.486
20
-115.32
11
193.663
21
-115.268
0
LINE
8
BLACK
6
CONTINUOUS
10
193.663
20
-115.268
11
193.857
21
-115.25
0
LINE
8
BLACK
6
CONTINUOUS
10
193.857
20
-115.25
11
194.051
21
-115.27
0
LINE
8
BLACK
6
CONTINUOUS
10
194.051
20
-115.27
11
194.238
21
-115.328
0
LINE
8
BLACK
6
CONTINUOUS
10
194.238
20
-115.328
11
194.409
21
-115.421
0
LINE
8
BLACK
6
CONTINUOUS
10
194.409
20
-115.421
11
194.56
21
-115.545
0
LINE
8
BLACK
6
CONTINUOUS
10
194.56
20
-115.545
11
194.683
21
-115.697
0
LINE
8
BLACK
6
CONTINUOUS
10
194.683
20
-115.697
11
194.764
21
-115.85
0
LINE
8
BLACK
6
CONTINUOUS
10
194.764
20
-115.85
11
199.434
21
-115.85
0
LINE
8
BLACK
6
CONTINUOUS
10
199.434
20
-115.85
11
199.525
21
-115.685
0
LINE
8
BLACK
6
CONTINUOUS
10
199.525
20
-115.685
11
199.65
21
-115.536
0
LINE
8
BLACK
6
CONTINUOUS
10
199.65
20
-115.536
11
199.802
21
-115.413
0
LINE
8
BLACK
6
CONTINUOUS
10
199.802
20
-115.413
11
199.975
21
-115.323
0
LINE
8
BLACK
6
CONTINUOUS
10
199.975
20
-115.323
11
200.163
21
-115.268
0
LINE
8
BLACK
6
CONTINUOUS
10
200.163
20
-115.268
11
200.357
21
-115.25
0
LINE
8
BLACK
6
CONTINUOUS
10
200.357
20
-115.25
11
200.551
21
-115.27
0
LINE
8
BLACK
6
CONTINUOUS
10
200.551
20
-115.27
11
200.738
21
-115.328
0
LINE
8
BLACK
6
CONTINUOUS
10
200.738
20
-115.328
11
200.909
21
-115.421
0
LINE
8
BLACK
6
CONTINUOUS
10
200.909
20
-115.421
11
201.06
21
-115.545
0
LINE
8
BLACK
6
CONTINUOUS
10
201.06
20
-115.545
11
201.183
21
-115.697
0
LINE
8
BLACK
6
CONTINUOUS
10
201.183
20
-115.697
11
201.275
21
-115.869
0
LINE
8
BLACK
6
CONTINUOUS
10
201.275
20
-115.869
11
201.331
21
-116.056
0
LINE
8
BLACK
6
CONTINUOUS
10
201.331
20
-116.056
11
201.35
21
-116.25
0
LINE
8
BLACK
6
CONTINUOUS
10
201.35
20
-116.25
11
201.35
21
-116.278
0
LINE
8
BLACK
6
CONTINUOUS
10
201.35
20
-116.278
11
201.325
21
-116.472
0
LINE
8
BLACK
6
CONTINUOUS
10
201.325
20
-116.472
11
201.264
21
-116.657
0
LINE
8
BLACK
6
CONTINUOUS
10
201.264
20
-116.657
11
201.167
21
-116.826
0
LINE
8
BLACK
6
CONTINUOUS
10
201.167
20
-116.826
11
201.04
21
-116.974
0
LINE
8
BLACK
6
CONTINUOUS
10
201.04
20
-116.974
11
200.886
21
-117.094
0
LINE
8
BLACK
6
CONTINUOUS
10
200.886
20
-117.094
11
200.712
21
-117.182
0
LINE
8
BLACK
6
CONTINUOUS
10
200.712
20
-117.182
11
200.524
21
-117.235
0
LINE
8
BLACK
6
CONTINUOUS
10
200.524
20
-117.235
11
200.329
21
-117.25
0
LINE
8
BLACK
6
CONTINUOUS
10
200.329
20
-117.25
11
200.135
21
-117.227
0
LINE
8
BLACK
6
CONTINUOUS
10
200.135
20
-117.227
11
199.95
21
-117.166
0
LINE
8
BLACK
6
CONTINUOUS
10
199.95
20
-117.166
11
199.779
21
-117.071
0
LINE
8
BLACK
6
CONTINUOUS
10
199.779
20
-117.071
11
199.631
21
-116.945
0
LINE
8
BLACK
6
CONTINUOUS
10
199.631
20
-116.945
11
199.509
21
-116.792
0
LINE
8
BLACK
6
CONTINUOUS
10
199.509
20
-116.792
11
199.437
21
-116.65
0
LINE
8
BLACK
6
CONTINUOUS
10
199.437
20
-116.65
11
194.766
21
-116.65
0
LINE
8
BLACK
6
CONTINUOUS
10
194.766
20
-116.65
11
194.764
21
-116.657
0
LINE
8
BLACK
6
CONTINUOUS
10
194.764
20
-116.657
11
194.667
21
-116.826
0
LINE
8
BLACK
6
CONTINUOUS
10
194.667
20
-116.826
11
194.54
21
-116.974
0
LINE
8
BLACK
6
CONTINUOUS
10
194.54
20
-116.974
11
194.386
21
-117.094
0
LINE
8
BLACK
6
CONTINUOUS
10
194.386
20
-117.094
11
194.212
21
-117.182
0
LINE
8
BLACK
6
CONTINUOUS
10
194.212
20
-117.182
11
194.024
21
-117.235
0
LINE
8
BLACK
6
CONTINUOUS
10
194.024
20
-117.235
11
193.829
21
-117.25
0
LINE
8
BLACK
6
CONTINUOUS
10
193.829
20
-117.25
11
193.635
21
-117.227
0
LINE
8
BLACK
6
CONTINUOUS
10
193.635
20
-117.227
11
193.45
21
-117.166
0
LINE
8
BLACK
6
CONTINUOUS
10
193.45
20
-117.166
11
193.279
21
-117.071
0
LINE
8
BLACK
6
CONTINUOUS
10
193.279
20
-117.071
11
193.131
21
-116.945
0
LINE
8
BLACK
6
CONTINUOUS
10
193.131
20
-116.945
11
193.009
21
-116.792
0
LINE
8
BLACK
6
CONTINUOUS
10
193.009
20
-116.792
11
192.92
21
-116.618
0
LINE
8
BLACK
6
CONTINUOUS
10
192.92
20
-116.618
11
192.866
21
-116.431
0
LINE
8
BLACK
6
CONTINUOUS
10
192.866
20
-116.431
11
192.85
21
-116.236
0
LINE
8
BLACK
6
CONTINUOUS
10
192.85
20
-116.236
11
192.872
21
-116.042
0
LINE
8
BLACK
6
CONTINUOUS
10
192.872
20
-116.042
11
192.921
21
-115.887
0
LINE
8
BLACK
6
CONTINUOUS
10
192.921
20
-115.887
11
190.534
21
-113.5
0
LINE
8
BLACK
6
CONTINUOUS
10
190.534
20
-113.5
11
188.566
21
-113.5
0
LINE
8
BLACK
6
CONTINUOUS
10
188.566
20
-113.5
11
185.963
21
-116.103
0
LINE
8
BLACK
6
CONTINUOUS
10
185.963
20
-116.103
11
185.937
21
-116.121
0
LINE
8
BLACK
6
CONTINUOUS
10
185.937
20
-116.121
11
185.915
21
-116.144
0
LINE
8
BLACK
6
CONTINUOUS
10
185.915
20
-116.144
11
185.887
21
-116.158
0
LINE
8
BLACK
6
CONTINUOUS
10
185.887
20
-116.158
11
185.862
21
-116.176
0
LINE
8
BLACK
6
CONTINUOUS
10
185.862
20
-116.176
11
185.832
21
-116.186
0
LINE
8
BLACK
6
CONTINUOUS
10
185.832
20
-116.186
11
185.804
21
-116.2
0
LINE
8
BLACK
6
CONTINUOUS
10
185.804
20
-116.2
11
185.773
21
-116.205
0
LINE
8
BLACK
6
CONTINUOUS
10
185.773
20
-116.205
11
185.743
21
-116.215
0
LINE
8
BLACK
6
CONTINUOUS
10
185.743
20
-116.215
11
185.711
21
-116.215
0
LINE
8
BLACK
6
CONTINUOUS
10
185.711
20
-116.215
11
185.68
21
-116.22
0
LINE
8
BLACK
6
CONTINUOUS
10
185.68
20
-116.22
11
183.697
21
-116.22
0
LINE
8
BLACK
6
CONTINUOUS
10
183.697
20
-116.22
11
183.684
21
-116.31
0
LINE
8
BLACK
6
CONTINUOUS
10
183.684
20
-116.31
11
183.629
21
-116.422
0
LINE
8
BLACK
6
CONTINUOUS
10
183.629
20
-116.422
11
183.541
21
-116.511
0
LINE
8
BLACK
6
CONTINUOUS
10
183.541
20
-116.511
11
183.428
21
-116.566
0
LINE
8
BLACK
6
CONTINUOUS
10
183.428
20
-116.566
11
183.319
21
-116.582
0
LINE
8
BLACK
6
CONTINUOUS
10
183.319
20
-116.582
11
181.081
21
-116.582
0
LINE
8
BLACK
6
CONTINUOUS
10
181.081
20
-116.582
11
180.972
21
-116.566
0
LINE
8
BLACK
6
CONTINUOUS
10
180.972
20
-116.566
11
180.86
21
-116.511
0
LINE
8
BLACK
6
CONTINUOUS
10
180.86
20
-116.511
11
180.771
21
-116.423
0
LINE
8
BLACK
6
CONTINUOUS
10
180.771
20
-116.423
11
180.716
21
-116.31
0
LINE
8
BLACK
6
CONTINUOUS
10
180.716
20
-116.31
11
180.7
21
-116.201
0
LINE
8
BLACK
6
CONTINUOUS
10
180.7
20
-116.201
11
180.7
21
-115.439
0
LINE
8
BLACK
6
CONTINUOUS
10
180.7
20
-115.439
11
180.716
21
-115.33
0
LINE
8
BLACK
6
CONTINUOUS
10
180.716
20
-115.33
11
180.771
21
-115.218
0
LINE
8
BLACK
6
CONTINUOUS
10
180.771
20
-115.218
11
180.859
21
-115.129
0
LINE
8
BLACK
6
CONTINUOUS
10
180.859
20
-115.129
11
180.972
21
-115.074
0
LINE
8
BLACK
6
CONTINUOUS
10
180.972
20
-115.074
11
181.081
21
-115.058
0
LINE
8
BLACK
6
CONTINUOUS
10
181.081
20
-115.058
11
183.319
21
-115.058
0
LINE
8
BLACK
6
CONTINUOUS
10
183.319
20
-115.058
11
183.428
21
-115.074
0
LINE
8
BLACK
6
CONTINUOUS
10
183.428
20
-115.074
11
183.54
21
-115.129
0
LINE
8
BLACK
6
CONTINUOUS
10
183.54
20
-115.129
11
183.629
21
-115.217
0
LINE
8
BLACK
6
CONTINUOUS
10
183.629
20
-115.217
11
183.684
21
-115.33
0
LINE
8
BLACK
6
CONTINUOUS
10
183.684
20
-115.33
11
183.697
21
-115.42
0
LINE
8
BLACK
6
CONTINUOUS
10
183.697
20
-115.42
11
185.514
21
-115.42
0
LINE
8
BLACK
6
CONTINUOUS
10
185.514
20
-115.42
11
188
21
-112.934
0
LINE
8
BLACK
6
CONTINUOUS
10
188
20
-112.934
11
188
21
-105.409
0
LINE
8
BLACK
6
CONTINUOUS
10
188
20
-105.409
11
187.827
21
-105.335
0
LINE
8
BLACK
6
CONTINUOUS
10
187.827
20
-105.335
11
187.645
21
-105.213
0
LINE
8
BLACK
6
CONTINUOUS
10
187.645
20
-105.213
11
187.488
21
-105.059
0
LINE
8
BLACK
6
CONTINUOUS
10
187.488
20
-105.059
11
187.361
21
-104.88
0
LINE
8
BLACK
6
CONTINUOUS
10
187.361
20
-104.88
11
187.269
21
-104.681
0
LINE
8
BLACK
6
CONTINUOUS
10
187.269
20
-104.681
11
187.215
21
-104.468
0
LINE
8
BLACK
6
CONTINUOUS
10
187.215
20
-104.468
11
187.2
21
-104.249
0
LINE
8
BLACK
6
CONTINUOUS
10
187.2
20
-104.249
11
187.226
21
-104.031
0
LINE
8
BLACK
6
CONTINUOUS
10
187.226
20
-104.031
11
187.291
21
-103.821
0
LINE
8
BLACK
6
CONTINUOUS
10
187.291
20
-103.821
11
187.394
21
-103.626
0
LINE
8
BLACK
6
CONTINUOUS
10
187.394
20
-103.626
11
187.53
21
-103.454
0
LINE
8
BLACK
6
CONTINUOUS
10
187.53
20
-103.454
11
187.695
21
-103.309
0
LINE
8
BLACK
6
CONTINUOUS
10
187.695
20
-103.309
11
187.883
21
-103.197
0
LINE
8
BLACK
6
CONTINUOUS
10
187.883
20
-103.197
11
188.089
21
-103.121
0
LINE
8
BLACK
6
CONTINUOUS
10
188.089
20
-103.121
11
188.306
21
-103.084
0
LINE
8
BLACK
6
CONTINUOUS
10
188.306
20
-103.084
11
188.525
21
-103.087
0
LINE
8
BLACK
6
CONTINUOUS
10
96.7
20
-81.4657
11
96.7
21
-82.45
0
LINE
8
BLACK
6
CONTINUOUS
10
96.7
20
-82.45
11
97.15
21
-82.45
0
LINE
8
BLACK
6
CONTINUOUS
10
97.15
20
-82.45
11
97.15
21
-84.15
0
LINE
8
BLACK
6
CONTINUOUS
10
97.15
20
-84.15
11
96.7
21
-84.15
0
LINE
8
BLACK
6
CONTINUOUS
10
96.7
20
-84.15
11
96.7
21
-98.2343
0
LINE
8
BLACK
6
CONTINUOUS
10
96.7
20
-98.2343
11
114.266
21
-115.8
0
LINE
8
BLACK
6
CONTINUOUS
10
114.266
20
-115.8
11
133.034
21
-115.8
0
LINE
8
BLACK
6
CONTINUOUS
10
133.034
20
-115.8
11
133.4
21
-115.434
0
LINE
8
BLACK
6
CONTINUOUS
10
133.4
20
-115.434
11
133.4
21
-109.666
0
LINE
8
BLACK
6
CONTINUOUS
10
133.4
20
-109.666
11
131.804
21
-108.07
0
LINE
8
BLACK
6
CONTINUOUS
10
131.804
20
-108.07
11
131.526
21
-108.07
0
LINE
8
BLACK
6
CONTINUOUS
10
131.526
20
-108.07
11
131.45
21
-108.184
0
LINE
8
BLACK
6
CONTINUOUS
10
131.45
20
-108.184
11
131.321
21
-108.307
0
LINE
8
BLACK
6
CONTINUOUS
10
131.321
20
-108.307
11
131.168
21
-108.399
0
LINE
8
BLACK
6
CONTINUOUS
10
131.168
20
-108.399
11
130.998
21
-108.454
0
LINE
8
BLACK
6
CONTINUOUS
10
130.998
20
-108.454
11
130.821
21
-108.47
0
LINE
8
BLACK
6
CONTINUOUS
10
130.821
20
-108.47
11
130.644
21
-108.446
0
LINE
8
BLACK
6
CONTINUOUS
10
130.644
20
-108.446
11
130.477
21
-108.384
0
LINE
8
BLACK
6
CONTINUOUS
10
130.477
20
-108.384
11
130.328
21
-108.286
0
LINE
8
BLACK
6
CONTINUOUS
10
130.328
20
-108.286
11
130.204
21
-108.158
0
LINE
8
BLACK
6
CONTINUOUS
10
130.204
20
-108.158
11
130.111
21
-108.006
0
LINE
8
BLACK
6
CONTINUOUS
10
130.111
20
-108.006
11
130.055
21
-107.836
0
LINE
8
BLACK
6
CONTINUOUS
10
130.055
20
-107.836
11
130.038
21
-107.659
0
LINE
8
BLACK
6
CONTINUOUS
10
130.038
20
-107.659
11
130.06
21
-107.482
0
LINE
8
BLACK
6
CONTINUOUS
10
130.06
20
-107.482
11
130.121
21
-107.314
0
LINE
8
BLACK
6
CONTINUOUS
10
130.121
20
-107.314
11
130.218
21
-107.164
0
LINE
8
BLACK
6
CONTINUOUS
10
130.218
20
-107.164
11
130.345
21
-107.04
0
LINE
8
BLACK
6
CONTINUOUS
10
130.345
20
-107.04
11
130.497
21
-106.946
0
LINE
8
BLACK
6
CONTINUOUS
10
130.497
20
-106.946
11
130.666
21
-106.889
0
LINE
8
BLACK
6
CONTINUOUS
10
130.666
20
-106.889
11
130.843
21
-106.87
0
LINE
8
BLACK
6
CONTINUOUS
10
130.843
20
-106.87
11
131.02
21
-106.891
0
LINE
8
BLACK
6
CONTINUOUS
10
131.02
20
-106.891
11
131.188
21
-106.951
0
LINE
8
BLACK
6
CONTINUOUS
10
131.188
20
-106.951
11
131.339
21
-107.047
0
LINE
8
BLACK
6
CONTINUOUS
10
131.339
20
-107.047
11
131.464
21
-107.173
0
LINE
8
BLACK
6
CONTINUOUS
10
131.464
20
-107.173
11
131.525
21
-107.27
0
LINE
8
BLACK
6
CONTINUOUS
10
131.525
20
-107.27
11
131.97
21
-107.27
0
LINE
8
BLACK
6
CONTINUOUS
10
131.97
20
-107.27
11
132.001
21
-107.275
0
LINE
8
BLACK
6
CONTINUOUS
10
132.001
20
-107.275
11
132.033
21
-107.275
0
LINE
8
BLACK
6
CONTINUOUS
10
132.033
20
-107.275
11
132.063
21
-107.285
0
LINE
8
BLACK
6
CONTINUOUS
10
132.063
20
-107.285
11
132.094
21
-107.29
0
LINE
8
BLACK
6
CONTINUOUS
10
132.094
20
-107.29
11
132.122
21
-107.304
0
LINE
8
BLACK
6
CONTINUOUS
10
132.122
20
-107.304
11
132.152
21
-107.314
0
LINE
8
BLACK
6
CONTINUOUS
10
132.152
20
-107.314
11
132.177
21
-107.332
0
LINE
8
BLACK
6
CONTINUOUS
10
132.177
20
-107.332
11
132.205
21
-107.346
0
LINE
8
BLACK
6
CONTINUOUS
10
132.205
20
-107.346
11
132.227
21
-107.369
0
LINE
8
BLACK
6
CONTINUOUS
10
132.227
20
-107.369
11
132.253
21
-107.387
0
LINE
8
BLACK
6
CONTINUOUS
10
132.253
20
-107.387
11
134.083
21
-109.217
0
LINE
8
BLACK
6
CONTINUOUS
10
134.083
20
-109.217
11
134.101
21
-109.243
0
LINE
8
BLACK
6
CONTINUOUS
10
134.101
20
-109.243
11
134.124
21
-109.265
0
LINE
8
BLACK
6
CONTINUOUS
10
134.124
20
-109.265
11
134.138
21
-109.293
0
LINE
8
BLACK
6
CONTINUOUS
10
134.138
20
-109.293
11
134.156
21
-109.318
0
LINE
8
BLACK
6
CONTINUOUS
10
134.156
20
-109.318
11
134.166
21
-109.348
0
LINE
8
BLACK
6
CONTINUOUS
10
134.166
20
-109.348
11
134.18
21
-109.376
0
LINE
8
BLACK
6
CONTINUOUS
10
134.18
20
-109.376
11
134.185
21
-109.407
0
LINE
8
BLACK
6
CONTINUOUS
10
134.185
20
-109.407
11
134.195
21
-109.437
0
LINE
8
BLACK
6
CONTINUOUS
10
134.195
20
-109.437
11
134.195
21
-109.469
0
LINE
8
BLACK
6
CONTINUOUS
10
134.195
20
-109.469
11
134.2
21
-109.5
0
LINE
8
BLACK
6
CONTINUOUS
10
134.2
20
-109.5
11
134.2
21
-115.6
0
LINE
8
BLACK
6
CONTINUOUS
10
134.2
20
-115.6
11
134.195
21
-115.631
0
LINE
8
BLACK
6
CONTINUOUS
10
134.195
20
-115.631
11
134.195
21
-115.663
0
LINE
8
BLACK
6
CONTINUOUS
10
134.195
20
-115.663
11
134.185
21
-115.693
0
LINE
8
BLACK
6
CONTINUOUS
10
134.185
20
-115.693
11
134.18
21
-115.724
0
LINE
8
BLACK
6
CONTINUOUS
10
134.18
20
-115.724
11
134.166
21
-115.752
0
LINE
8
BLACK
6
CONTINUOUS
10
134.166
20
-115.752
11
134.156
21
-115.782
0
LINE
8
BLACK
6
CONTINUOUS
10
134.156
20
-115.782
11
134.138
21
-115.807
0
LINE
8
BLACK
6
CONTINUOUS
10
134.138
20
-115.807
11
134.124
21
-115.835
0
LINE
8
BLACK
6
CONTINUOUS
10
134.124
20
-115.835
11
134.101
21
-115.857
0
LINE
8
BLACK
6
CONTINUOUS
10
134.101
20
-115.857
11
134.083
21
-115.883
0
LINE
8
BLACK
6
CONTINUOUS
10
134.083
20
-115.883
11
133.483
21
-116.483
0
LINE
8
BLACK
6
CONTINUOUS
10
133.483
20
-116.483
11
133.457
21
-116.501
0
LINE
8
BLACK
6
CONTINUOUS
10
133.457
20
-116.501
11
133.435
21
-116.524
0
LINE
8
BLACK
6
CONTINUOUS
10
133.435
20
-116.524
11
133.407
21
-116.538
0
LINE
8
BLACK
6
CONTINUOUS
10
133.407
20
-116.538
11
133.382
21
-116.556
0
LINE
8
BLACK
6
CONTINUOUS
10
133.382
20
-116.556
11
133.352
21
-116.566
0
LINE
8
BLACK
6
CONTINUOUS
10
133.352
20
-116.566
11
133.324
21
-116.58
0
LINE
8
BLACK
6
CONTINUOUS
10
133.324
20
-116.58
11
133.293
21
-116.585
0
LINE
8
BLACK
6
CONTINUOUS
10
133.293
20
-116.585
11
133.263
21
-116.595
0
LINE
8
BLACK
6
CONTINUOUS
10
133.263
20
-116.595
11
133.231
21
-116.595
0
LINE
8
BLACK
6
CONTINUOUS
10
133.231
20
-116.595
11
133.2
21
-116.6
0
LINE
8
BLACK
6
CONTINUOUS
10
133.2
20
-116.6
11
114.1
21
-116.6
0
LINE
8
BLACK
6
CONTINUOUS
10
114.1
20
-116.6
11
114.069
21
-116.595
0
LINE
8
BLACK
6
CONTINUOUS
10
114.069
20
-116.595
11
114.037
21
-116.595
0
LINE
8
BLACK
6
CONTINUOUS
10
114.037
20
-116.595
11
114.007
21
-116.585
0
LINE
8
BLACK
6
CONTINUOUS
10
114.007
20
-116.585
11
113.976
21
-116.58
0
LINE
8
BLACK
6
CONTINUOUS
10
113.976
20
-116.58
11
113.948
21
-116.566
0
LINE
8
BLACK
6
CONTINUOUS
10
113.948
20
-116.566
11
113.918
21
-116.556
0
LINE
8
BLACK
6
CONTINUOUS
10
113.918
20
-116.556
11
113.893
21
-116.538
0
LINE
8
BLACK
6
CONTINUOUS
10
113.893
20
-116.538
11
113.865
21
-116.524
0
LINE
8
BLACK
6
CONTINUOUS
10
113.865
20
-116.524
11
113.843
21
-116.501
0
LINE
8
BLACK
6
CONTINUOUS
10
113.843
20
-116.501
11
113.817
21
-116.483
0
LINE
8
BLACK
6
CONTINUOUS
10
113.817
20
-116.483
11
96.0172
21
-98.6828
0
LINE
8
BLACK
6
CONTINUOUS
10
96.0172
20
-98.6828
11
95.9987
21
-98.6574
0
LINE
8
BLACK
6
CONTINUOUS
10
95.9987
20
-98.6574
11
95.9764
21
-98.6351
0
LINE
8
BLACK
6
CONTINUOUS
10
95.9764
20
-98.6351
11
95.9621
21
-98.6071
0
LINE
8
BLACK
6
CONTINUOUS
10
95.9621
20
-98.6071
11
95.9436
21
-98.5816
0
LINE
8
BLACK
6
CONTINUOUS
10
95.9436
20
-98.5816
11
95.9339
21
-98.5517
0
LINE
8
BLACK
6
CONTINUOUS
10
95.9339
20
-98.5517
11
95.9196
21
-98.5236
0
LINE
8
BLACK
6
CONTINUOUS
10
95.9196
20
-98.5236
11
95.9147
21
-98.4925
0
LINE
8
BLACK
6
CONTINUOUS
10
95.9147
20
-98.4925
11
95.9049
21
-98.4626
0
LINE
8
BLACK
6
CONTINUOUS
10
95.9049
20
-98.4626
11
95.9049
21
-98.4311
0
LINE
8
BLACK
6
CONTINUOUS
10
95.9049
20
-98.4311
11
95.9
21
-98.4
0
LINE
8
BLACK
6
CONTINUOUS
10
95.9
20
-98.4
11
95.9
21
-84.15
0
LINE
8
BLACK
6
CONTINUOUS
10
95.9
20
-84.15
11
95.45
21
-84.15
0
LINE
8
BLACK
6
CONTINUOUS
10
95.45
20
-84.15
11
95.45
21
-82.45
0
LINE
8
BLACK
6
CONTINUOUS
10
95.45
20
-82.45
11
95.9
21
-82.45
0
LINE
8
BLACK
6
CONTINUOUS
10
95.9
20
-82.45
11
95.9
21
-81.3
0
LINE
8
BLACK
6
CONTINUOUS
10
95.9
20
-81.3
11
95.9049
21
-81.2689
0
LINE
8
BLACK
6
CONTINUOUS
10
95.9049
20
-81.2689
11
95.9049
21
-81.2374
0
LINE
8
BLACK
6
CONTINUOUS
10
95.9049
20
-81.2374
11
95.9147
21
-81.2075
0
LINE
8
BLACK
6
CONTINUOUS
10
95.9147
20
-81.2075
11
95.9196
21
-81.1764
0
LINE
8
BLACK
6
CONTINUOUS
10
95.9196
20
-81.1764
11
95.9339
21
-81.1483
0
LINE
8
BLACK
6
CONTINUOUS
10
95.9339
20
-81.1483
11
95.9436
21
-81.1184
0
LINE
8
BLACK
6
CONTINUOUS
10
95.9436
20
-81.1184
11
95.9621
21
-81.0929
0
LINE
8
BLACK
6
CONTINUOUS
10
95.9621
20
-81.0929
11
95.9764
21
-81.0649
0
LINE
8
BLACK
6
CONTINUOUS
10
95.9764
20
-81.0649
11
95.9987
21
-81.0426
0
LINE
8
BLACK
6
CONTINUOUS
10
95.9987
20
-81.0426
11
96.0172
21
-81.0172
0
LINE
8
BLACK
6
CONTINUOUS
10
96.0172
20
-81.0172
11
97.2382
21
-79.7961
0
LINE
8
BLACK
6
CONTINUOUS
10
97.2382
20
-79.7961
11
97.2636
21
-79.7776
0
LINE
8
BLACK
6
CONTINUOUS
10
97.2636
20
-79.7776
11
97.2859
21
-79.7554
0
LINE
8
BLACK
6
CONTINUOUS
10
97.2859
20
-79.7554
11
97.314
21
-79.7411
0
LINE
8
BLACK
6
CONTINUOUS
10
97.314
20
-79.7411
11
97.3394
21
-79.7226
0
LINE
8
BLACK
6
CONTINUOUS
10
97.3394
20
-79.7226
11
97.3694
21
-79.7129
0
LINE
8
BLACK
6
CONTINUOUS
10
97.3694
20
-79.7129
11
97.3974
21
-79.6986
0
LINE
8
BLACK
6
CONTINUOUS
10
97.3974
20
-79.6986
11
97.4285
21
-79.6936
0
LINE
8
BLACK
6
CONTINUOUS
10
97.4285
20
-79.6936
11
97.4584
21
-79.6839
0
LINE
8
BLACK
6
CONTINUOUS
10
97.4584
20
-79.6839
11
97.4899
21
-79.6839
0
LINE
8
BLACK
6
CONTINUOUS
10
97.4899
20
-79.6839
11
97.521
21
-79.679
0
LINE
8
BLACK
6
CONTINUOUS
10
97.521
20
-79.679
11
109
21
-79.679
0
LINE
8
BLACK
6
CONTINUOUS
10
109
20
-79.679
11
109
21
-69.9
0
LINE
8
BLACK
6
CONTINUOUS
10
109
20
-69.9
11
109.005
21
-69.8689
0
LINE
8
BLACK
6
CONTINUOUS
10
109.005
20
-69.8689
11
109.005
21
-69.8374
0
LINE
8
BLACK
6
CONTINUOUS
10
109.005
20
-69.8374
11
109.015
21
-69.8075
0
LINE
8
BLACK
6
CONTINUOUS
10
109.015
20
-69.8075
11
109.02
21
-69.7764
0
LINE
8
BLACK
6
CONTINUOUS
10
109.02
20
-69.7764
11
109.034
21
-69.7483
0
LINE
8
BLACK
6
CONTINUOUS
10
109.034
20
-69.7483
11
109.044
21
-69.7184
0
LINE
8
BLACK
6
CONTINUOUS
10
109.044
20
-69.7184
11
109.062
21
-69.6929
0
LINE
8
BLACK
6
CONTINUOUS
10
109.062
20
-69.6929
11
109.076
21
-69.6649
0
LINE
8
BLACK
6
CONTINUOUS
10
109.076
20
-69.6649
11
109.099
21
-69.6426
0
LINE
8
BLACK
6
CONTINUOUS
10
109.099
20
-69.6426
11
109.117
21
-69.6172
0
LINE
8
BLACK
6
CONTINUOUS
10
109.117
20
-69.6172
11
112.217
21
-66.5172
0
LINE
8
BLACK
6
CONTINUOUS
10
112.217
20
-66.5172
11
112.243
21
-66.4987
0
LINE
8
BLACK
6
CONTINUOUS
10
112.243
20
-66.4987
11
112.265
21
-66.4764
0
LINE
8
BLACK
6
CONTINUOUS
10
112.265
20
-66.4764
11
112.293
21
-66.4621
0
LINE
8
BLACK
6
CONTINUOUS
10
112.293
20
-66.4621
11
112.318
21
-66.4436
0
LINE
8
BLACK
6
CONTINUOUS
10
112.318
20
-66.4436
11
112.348
21
-66.4339
0
LINE
8
BLACK
6
CONTINUOUS
10
112.348
20
-66.4339
11
112.376
21
-66.4196
0
LINE
8
BLACK
6
CONTINUOUS
10
112.376
20
-66.4196
11
112.407
21
-66.4147
0
LINE
8
BLACK
6
CONTINUOUS
10
112.407
20
-66.4147
11
112.437
21
-66.4049
0
LINE
8
BLACK
6
CONTINUOUS
10
112.437
20
-66.4049
11
112.469
21
-66.4049
0
LINE
8
BLACK
6
CONTINUOUS
10
112.469
20
-66.4049
11
112.5
21
-66.4
0
LINE
8
BLACK
6
CONTINUOUS
10
112.5
20
-66.4
11
119.334
21
-66.4
0
LINE
8
BLACK
6
CONTINUOUS
10
119.334
20
-66.4
11
121.417
21
-64.3172
0
LINE
8
BLACK
6
CONTINUOUS
10
121.417
20
-64.3172
11
121.443
21
-64.2987
0
LINE
8
BLACK
6
CONTINUOUS
10
121.443
20
-64.2987
11
121.465
21
-64.2764
0
LINE
8
BLACK
6
CONTINUOUS
10
121.465
20
-64.2764
11
121.493
21
-64.2621
0
LINE
8
BLACK
6
CONTINUOUS
10
121.493
20
-64.2621
11
121.518
21
-64.2436
0
LINE
8
BLACK
6
CONTINUOUS
10
121.518
20
-64.2436
11
121.548
21
-64.2339
0
LINE
8
BLACK
6
CONTINUOUS
10
121.548
20
-64.2339
11
121.576
21
-64.2196
0
LINE
8
BLACK
6
CONTINUOUS
10
121.576
20
-64.2196
11
121.607
21
-64.2147
0
LINE
8
BLACK
6
CONTINUOUS
10
121.607
20
-64.2147
11
121.637
21
-64.2049
0
LINE
8
BLACK
6
CONTINUOUS
10
121.637
20
-64.2049
11
121.669
21
-64.2049
0
LINE
8
BLACK
6
CONTINUOUS
10
121.669
20
-64.2049
11
121.7
21
-64.2
0
LINE
8
BLACK
6
CONTINUOUS
10
121.7
20
-64.2
11
175.3
21
-64.2
0
LINE
8
BLACK
6
CONTINUOUS
10
175.3
20
-64.2
11
175.331
21
-64.2049
0
LINE
8
BLACK
6
CONTINUOUS
10
175.331
20
-64.2049
11
175.363
21
-64.2049
0
LINE
8
BLACK
6
CONTINUOUS
10
175.363
20
-64.2049
11
175.393
21
-64.2147
0
LINE
8
BLACK
6
CONTINUOUS
10
175.393
20
-64.2147
11
175.424
21
-64.2196
0
LINE
8
BLACK
6
CONTINUOUS
10
175.424
20
-64.2196
11
175.452
21
-64.2339
0
LINE
8
BLACK
6
CONTINUOUS
10
175.452
20
-64.2339
11
175.482
21
-64.2436
0
LINE
8
BLACK
6
CONTINUOUS
10
175.482
20
-64.2436
11
175.507
21
-64.2621
0
LINE
8
BLACK
6
CONTINUOUS
10
175.507
20
-64.2621
11
175.535
21
-64.2764
0
LINE
8
BLACK
6
CONTINUOUS
10
175.535
20
-64.2764
11
175.557
21
-64.2987
0
LINE
8
BLACK
6
CONTINUOUS
10
175.557
20
-64.2987
11
175.583
21
-64.3172
0
LINE
8
BLACK
6
CONTINUOUS
10
175.583
20
-64.3172
11
182.483
21
-71.2172
0
LINE
8
BLACK
6
CONTINUOUS
10
182.483
20
-71.2172
11
182.501
21
-71.2426
0
LINE
8
BLACK
6
CONTINUOUS
10
182.501
20
-71.2426
11
182.524
21
-71.2649
0
LINE
8
BLACK
6
CONTINUOUS
10
182.524
20
-71.2649
11
182.538
21
-71.2929
0
LINE
8
BLACK
6
CONTINUOUS
10
182.538
20
-71.2929
11
182.556
21
-71.3184
0
LINE
8
BLACK
6
CONTINUOUS
10
182.556
20
-71.3184
11
182.566
21
-71.3483
0
LINE
8
BLACK
6
CONTINUOUS
10
182.566
20
-71.3483
11
182.58
21
-71.3764
0
LINE
8
BLACK
6
CONTINUOUS
10
182.58
20
-71.3764
11
182.585
21
-71.4075
0
LINE
8
BLACK
6
CONTINUOUS
10
182.585
20
-71.4075
11
182.595
21
-71.4374
0
LINE
8
BLACK
6
CONTINUOUS
10
182.595
20
-71.4374
11
182.595
21
-71.4689
0
LINE
8
BLACK
6
CONTINUOUS
10
182.595
20
-71.4689
11
182.6
21
-71.5
0
LINE
8
BLACK
6
CONTINUOUS
10
182.6
20
-71.5
11
182.6
21
-71.878
0
LINE
8
BLACK
6
CONTINUOUS
10
182.6
20
-71.878
11
183.319
21
-71.878
0
LINE
8
BLACK
6
CONTINUOUS
10
183.319
20
-71.878
11
183.428
21
-71.8939
0
LINE
8
BLACK
6
CONTINUOUS
10
183.428
20
-71.8939
11
183.54
21
-71.9488
0
LINE
8
BLACK
6
CONTINUOUS
10
183.54
20
-71.9488
11
183.629
21
-72.0372
0
LINE
8
BLACK
6
CONTINUOUS
10
183.629
20
-72.0372
11
183.66
21
-72.1
0
LINE
8
BLACK
6
CONTINUOUS
10
183.66
20
-72.1
11
190.3
21
-72.1
0
LINE
8
BLACK
6
CONTINUOUS
10
190.3
20
-72.1
11
190.309
21
-72.1013
0
LINE
8
BLACK
6
CONTINUOUS
10
190.309
20
-72.1013
11
190.317
21
-72.1004
0
LINE
8
BLACK
6
CONTINUOUS
10
190.317
20
-72.1004
11
190.37
21
-72.1111
0
LINE
8
BLACK
6
CONTINUOUS
10
190.37
20
-72.1111
11
190.424
21
-72.1196
0
LINE
8
BLACK
6
CONTINUOUS
10
190.424
20
-72.1196
11
190.431
21
-72.1235
0
LINE
8
BLACK
6
CONTINUOUS
10
190.431
20
-72.1235
11
190.44
21
-72.1252
0
LINE
8
BLACK
6
CONTINUOUS
10
190.44
20
-72.1252
11
190.487
21
-72.1518
0
LINE
8
BLACK
6
CONTINUOUS
10
190.487
20
-72.1518
11
190.535
21
-72.1764
0
LINE
8
BLACK
6
CONTINUOUS
10
190.535
20
-72.1764
11
190.541
21
-72.1825
0
LINE
8
BLACK
6
CONTINUOUS
10
190.541
20
-72.1825
11
190.549
21
-72.1867
0
LINE
8
BLACK
6
CONTINUOUS
10
190.549
20
-72.1867
11
213.349
21
-90.2867
0
LINE
8
BLACK
6
CONTINUOUS
10
213.349
20
-90.2867
11
213.384
21
-90.3249
0
LINE
8
BLACK
6
CONTINUOUS
10
213.384
20
-90.3249
11
213.421
21
-90.3612
0
LINE
8
BLACK
6
CONTINUOUS
10
213.421
20
-90.3612
11
213.426
21
-90.3709
0
LINE
8
BLACK
6
CONTINUOUS
10
213.426
20
-90.3709
11
213.433
21
-90.3789
0
LINE
8
BLACK
6
CONTINUOUS
10
213.433
20
-90.3789
11
213.455
21
-90.4261
0
LINE
8
BLACK
6
CONTINUOUS
10
213.455
20
-90.4261
11
213.479
21
-90.4721
0
LINE
8
BLACK
6
CONTINUOUS
10
213.479
20
-90.4721
11
213.481
21
-90.4828
0
LINE
8
BLACK
6
CONTINUOUS
10
213.481
20
-90.4828
11
213.485
21
-90.4927
0
LINE
8
BLACK
6
CONTINUOUS
10
213.485
20
-90.4927
11
213.491
21
-90.5443
0
LINE
8
BLACK
6
CONTINUOUS
10
213.491
20
-90.5443
11
213.5
21
-90.5954
0
LINE
8
BLACK
6
CONTINUOUS
10
213.5
20
-90.5954
11
213.603
21
-99.65
0
LINE
8
BLACK
6
CONTINUOUS
10
213.603
20
-99.65
11
214.012
21
-99.65
0
LINE
8
BLACK
6
CONTINUOUS
10
214.012
20
-99.65
11
214.012
21
-101.25
0
LINE
8
BLACK
6
CONTINUOUS
10
214.012
20
-101.25
11
212.412
21
-101.25
0
LINE
8
BLACK
6
CONTINUOUS
10
212.412
20
-101.25
11
212.412
21
-99.65
0
LINE
8
BLACK
6
CONTINUOUS
10
212.412
20
-99.65
11
212.803
21
-99.65
0
LINE
8
BLACK
6
CONTINUOUS
10
212.803
20
-99.65
11
212.702
21
-90.7949
0
LINE
8
BLACK
6
CONTINUOUS
10
212.702
20
-90.7949
11
190.161
21
-72.9
0
LINE
8
BLACK
6
CONTINUOUS
10
190.161
20
-72.9
11
183.7
21
-72.9
0
LINE
8
BLACK
6
CONTINUOUS
10
183.7
20
-72.9
11
183.7
21
-73.021
0
LINE
8
BLACK
6
CONTINUOUS
10
183.7
20
-73.021
11
183.684
21
-73.1298
0
LINE
8
BLACK
6
CONTINUOUS
10
183.684
20
-73.1298
11
183.629
21
-73.2422
0
LINE
8
BLACK
6
CONTINUOUS
10
183.629
20
-73.2422
11
183.541
21
-73.3308
0
LINE
8
BLACK
6
CONTINUOUS
10
183.541
20
-73.3308
11
183.428
21
-73.3859
0
LINE
8
BLACK
6
CONTINUOUS
10
183.428
20
-73.3859
11
183.319
21
-73.402
0
LINE
8
BLACK
6
CONTINUOUS
10
183.319
20
-73.402
11
181.081
21
-73.402
0
LINE
8
BLACK
6
CONTINUOUS
10
181.081
20
-73.402
11
180.972
21
-73.3861
0
LINE
8
BLACK
6
CONTINUOUS
10
180.972
20
-73.3861
11
180.86
21
-73.3312
0
LINE
8
BLACK
6
CONTINUOUS
10
180.86
20
-73.3312
11
180.771
21
-73.2428
0
LINE
8
BLACK
6
CONTINUOUS
10
180.771
20
-73.2428
11
180.716
21
-73.1305
0
LINE
8
BLACK
6
CONTINUOUS
10
180.716
20
-73.1305
11
180.7
21
-73.021
0
LINE
8
BLACK
6
CONTINUOUS
10
180.7
20
-73.021
11
180.7
21
-72.259
0
LINE
8
BLACK
6
CONTINUOUS
10
180.7
20
-72.259
11
180.716
21
-72.1502
0
LINE
8
BLACK
6
CONTINUOUS
10
180.716
20
-72.1502
11
180.771
21
-72.0378
0
LINE
8
BLACK
6
CONTINUOUS
10
180.771
20
-72.0378
11
180.859
21
-71.9492
0
LINE
8
BLACK
6
CONTINUOUS
10
180.859
20
-71.9492
11
180.972
21
-71.8941
0
LINE
8
BLACK
6
CONTINUOUS
10
180.972
20
-71.8941
11
181.081
21
-71.878
0
LINE
8
BLACK
6
CONTINUOUS
10
181.081
20
-71.878
11
181.8
21
-71.878
0
LINE
8
BLACK
6
CONTINUOUS
10
181.8
20
-71.878
11
181.8
21
-71.6657
0
LINE
8
BLACK
6
CONTINUOUS
10
181.8
20
-71.6657
11
175.134
21
-65
0
LINE
8
BLACK
6
CONTINUOUS
10
175.134
20
-65
11
139
21
-65
0
LINE
8
BLACK
6
CONTINUOUS
10
139
20
-65
11
139
21
-72.2
0
LINE
8
BLACK
6
CONTINUOUS
10
139
20
-72.2
11
138.995
21
-72.2311
0
LINE
8
BLACK
6
CONTINUOUS
10
138.995
20
-72.2311
11
138.995
21
-72.2626
0
LINE
8
BLACK
6
CONTINUOUS
10
138.995
20
-72.2626
11
138.985
21
-72.2925
0
LINE
8
BLACK
6
CONTINUOUS
10
138.985
20
-72.2925
11
138.98
21
-72.3236
0
LINE
8
BLACK
6
CONTINUOUS
10
138.98
20
-72.3236
11
138.966
21
-72.3517
0
LINE
8
BLACK
6
CONTINUOUS
10
138.966
20
-72.3517
11
138.956
21
-72.3816
0
LINE
8
BLACK
6
CONTINUOUS
10
138.956
20
-72.3816
11
138.938
21
-72.4071
0
LINE
8
BLACK
6
CONTINUOUS
10
138.938
20
-72.4071
11
138.924
21
-72.4351
0
LINE
8
BLACK
6
CONTINUOUS
10
138.924
20
-72.4351
11
138.901
21
-72.4574
0
LINE
8
BLACK
6
CONTINUOUS
10
138.901
20
-72.4574
11
138.883
21
-72.4828
0
LINE
8
BLACK
6
CONTINUOUS
10
138.883
20
-72.4828
11
136.543
21
-74.8228
0
LINE
8
BLACK
6
CONTINUOUS
10
136.543
20
-74.8228
11
136.517
21
-74.8413
0
LINE
8
BLACK
6
CONTINUOUS
10
136.517
20
-74.8413
11
136.495
21
-74.8636
0
LINE
8
BLACK
6
CONTINUOUS
10
136.495
20
-74.8636
11
136.467
21
-74.8779
0
LINE
8
BLACK
6
CONTINUOUS
10
136.467
20
-74.8779
11
136.442
21
-74.8964
0
LINE
8
BLACK
6
CONTINUOUS
10
136.442
20
-74.8964
11
136.412
21
-74.9061
0
LINE
8
BLACK
6
CONTINUOUS
10
136.412
20
-74.9061
11
136.384
21
-74.9204
0
LINE
8
BLACK
6
CONTINUOUS
10
136.384
20
-74.9204
11
136.353
21
-74.9253
0
LINE
8
BLACK
6
CONTINUOUS
10
136.353
20
-74.9253
11
136.323
21
-74.9351
0
LINE
8
BLACK
6
CONTINUOUS
10
136.323
20
-74.9351
11
136.291
21
-74.9351
0
LINE
8
BLACK
6
CONTINUOUS
10
136.291
20
-74.9351
11
136.26
21
-74.94
0
LINE
8
BLACK
6
CONTINUOUS
10
136.26
20
-74.94
11
134.645
21
-74.94
0
LINE
8
BLACK
6
CONTINUOUS
10
134.645
20
-74.94
11
134.588
21
-75.0396
0
LINE
8
BLACK
6
CONTINUOUS
10
134.588
20
-75.0396
11
134.469
21
-75.1717
0
LINE
8
BLACK
6
CONTINUOUS
10
134.469
20
-75.1717
11
134.325
21
-75.2761
0
LINE
8
BLACK
6
CONTINUOUS
10
134.325
20
-75.2761
11
134.163
21
-75.3484
0
LINE
8
BLACK
6
CONTINUOUS
10
134.163
20
-75.3484
11
133.989
21
-75.3853
0
LINE
8
BLACK
6
CONTINUOUS
10
133.989
20
-75.3853
11
133.811
21
-75.3853
0
LINE
8
BLACK
6
CONTINUOUS
10
133.811
20
-75.3853
11
133.637
21
-75.3484
0
LINE
8
BLACK
6
CONTINUOUS
10
133.637
20
-75.3484
11
133.475
21
-75.2761
0
LINE
8
BLACK
6
CONTINUOUS
10
133.475
20
-75.2761
11
133.331
21
-75.1717
0
LINE
8
BLACK
6
CONTINUOUS
10
133.331
20
-75.1717
11
133.212
21
-75.0396
0
LINE
8
BLACK
6
CONTINUOUS
10
133.212
20
-75.0396
11
133.123
21
-74.8857
0
LINE
8
BLACK
6
CONTINUOUS
10
133.123
20
-74.8857
11
133.069
21
-74.7167
0
LINE
8
BLACK
6
CONTINUOUS
10
133.069
20
-74.7167
11
133.05
21
-74.54
0
LINE
8
BLACK
6
CONTINUOUS
10
133.05
20
-74.54
11
133.069
21
-74.3633
0
LINE
8
BLACK
6
CONTINUOUS
10
133.069
20
-74.3633
11
133.123
21
-74.1943
0
LINE
8
BLACK
6
CONTINUOUS
10
133.123
20
-74.1943
11
133.212
21
-74.0404
0
LINE
8
BLACK
6
CONTINUOUS
10
133.212
20
-74.0404
11
133.331
21
-73.9083
0
LINE
8
BLACK
6
CONTINUOUS
10
133.331
20
-73.9083
11
133.475
21
-73.8039
0
LINE
8
BLACK
6
CONTINUOUS
10
133.475
20
-73.8039
11
133.637
21
-73.7316
0
LINE
8
BLACK
6
CONTINUOUS
10
133.637
20
-73.7316
11
133.811
21
-73.6947
0
LINE
8
BLACK
6
CONTINUOUS
10
133.811
20
-73.6947
11
133.989
21
-73.6947
0
LINE
8
BLACK
6
CONTINUOUS
10
133.989
20
-73.6947
11
134.163
21
-73.7316
0
LINE
8
BLACK
6
CONTINUOUS
10
134.163
20
-73.7316
11
134.325
21
-73.8039
0
LINE
8
BLACK
6
CONTINUOUS
10
134.325
20
-73.8039
11
134.469
21
-73.9083
0
LINE
8
BLACK
6
CONTINUOUS
10
134.469
20
-73.9083
11
134.588
21
-74.0404
0
LINE
8
BLACK
6
CONTINUOUS
10
134.588
20
-74.0404
11
134.645
21
-74.14
0
LINE
8
BLACK
6
CONTINUOUS
10
134.645
20
-74.14
11
136.094
21
-74.14
0
LINE
8
BLACK
6
CONTINUOUS
10
136.094
20
-74.14
11
138.2
21
-72.0343
0
LINE
8
BLACK
6
CONTINUOUS
10
138.2
20
-72.0343
11
138.2
21
-65
0
LINE
8
BLACK
6
CONTINUOUS
10
138.2
20
-65
11
121.866
21
-65
0
LINE
8
BLACK
6
CONTINUOUS
10
121.866
20
-65
11
119.783
21
-67.0828
0
LINE
8
BLACK
6
CONTINUOUS
10
119.783
20
-67.0828
11
119.757
21
-67.1013
0
LINE
8
BLACK
6
CONTINUOUS
10
119.757
20
-67.1013
11
119.735
21
-67.1236
0
LINE
8
BLACK
6
CONTINUOUS
10
119.735
20
-67.1236
11
119.707
21
-67.1379
0
LINE
8
BLACK
6
CONTINUOUS
10
119.707
20
-67.1379
11
119.682
21
-67.1564
0
LINE
8
BLACK
6
CONTINUOUS
10
119.682
20
-67.1564
11
119.652
21
-67.1661
0
LINE
8
BLACK
6
CONTINUOUS
10
119.652
20
-67.1661
11
119.624
21
-67.1804
0
LINE
8
BLACK
6
CONTINUOUS
10
119.624
20
-67.1804
11
119.593
21
-67.1853
0
LINE
8
BLACK
6
CONTINUOUS
10
119.593
20
-67.1853
11
119.563
21
-67.1951
0
LINE
8
BLACK
6
CONTINUOUS
10
119.563
20
-67.1951
11
119.531
21
-67.1951
0
LINE
8
BLACK
6
CONTINUOUS
10
119.531
20
-67.1951
11
119.5
21
-67.2
0
LINE
8
BLACK
6
CONTINUOUS
10
119.5
20
-67.2
11
112.666
21
-67.2
0
LINE
8
BLACK
6
CONTINUOUS
10
112.666
20
-67.2
11
109.8
21
-70.0657
0
LINE
8
BLACK
6
CONTINUOUS
10
109.8
20
-70.0657
11
109.8
21
-80.079
0
LINE
8
BLACK
6
CONTINUOUS
10
109.8
20
-80.079
11
109.78
21
-80.2026
0
LINE
8
BLACK
6
CONTINUOUS
10
109.78
20
-80.2026
11
109.724
21
-80.3141
0
LINE
8
BLACK
6
CONTINUOUS
10
109.724
20
-80.3141
11
109.635
21
-80.4026
0
LINE
8
BLACK
6
CONTINUOUS
10
109.635
20
-80.4026
11
109.524
21
-80.4594
0
LINE
8
BLACK
6
CONTINUOUS
10
109.524
20
-80.4594
11
109.4
21
-80.479
0
LINE
8
BLACK
6
CONTINUOUS
10
109.4
20
-80.479
11
97.6867
21
-80.479
0
LINE
8
BLACK
6
CONTINUOUS
10
97.6867
20
-80.479
11
96.7
21
-81.4657
0
LINE
8
BLACK
6
CONTINUOUS
10
158.028
20
-115.074
11
158.07
21
-115.094
0
LINE
8
BLACK
6
CONTINUOUS
10
158.07
20
-115.094
11
158.112
21
-115.074
0
LINE
8
BLACK
6
CONTINUOUS
10
158.112
20
-115.074
11
158.221
21
-115.058
0
LINE
8
BLACK
6
CONTINUOUS
10
158.221
20
-115.058
11
160.459
21
-115.058
0
LINE
8
BLACK
6
CONTINUOUS
10
160.459
20
-115.058
11
160.568
21
-115.074
0
LINE
8
BLACK
6
CONTINUOUS
10
160.568
20
-115.074
11
160.68
21
-115.129
0
LINE
8
BLACK
6
CONTINUOUS
10
160.68
20
-115.129
11
160.769
21
-115.217
0
LINE
8
BLACK
6
CONTINUOUS
10
160.769
20
-115.217
11
160.824
21
-115.33
0
LINE
8
BLACK
6
CONTINUOUS
10
160.824
20
-115.33
11
160.84
21
-115.439
0
LINE
8
BLACK
6
CONTINUOUS
10
160.84
20
-115.439
11
160.84
21
-116.201
0
LINE
8
BLACK
6
CONTINUOUS
10
160.84
20
-116.201
11
160.824
21
-116.31
0
LINE
8
BLACK
6
CONTINUOUS
10
160.824
20
-116.31
11
160.769
21
-116.422
0
LINE
8
BLACK
6
CONTINUOUS
10
160.769
20
-116.422
11
160.681
21
-116.511
0
LINE
8
BLACK
6
CONTINUOUS
10
160.681
20
-116.511
11
160.568
21
-116.566
0
LINE
8
BLACK
6
CONTINUOUS
10
160.568
20
-116.566
11
160.459
21
-116.582
0
LINE
8
BLACK
6
CONTINUOUS
10
160.459
20
-116.582
11
158.221
21
-116.582
0
LINE
8
BLACK
6
CONTINUOUS
10
158.221
20
-116.582
11
158.112
21
-116.566
0
LINE
8
BLACK
6
CONTINUOUS
10
158.112
20
-116.566
11
158.07
21
-116.546
0
LINE
8
BLACK
6
CONTINUOUS
10
158.07
20
-116.546
11
158.028
21
-116.566
0
LINE
8
BLACK
6
CONTINUOUS
10
158.028
20
-116.566
11
157.919
21
-116.582
0
LINE
8
BLACK
6
CONTINUOUS
10
157.919
20
-116.582
11
155.681
21
-116.582
0
LINE
8
BLACK
6
CONTINUOUS
10
155.681
20
-116.582
11
155.572
21
-116.566
0
LINE
8
BLACK
6
CONTINUOUS
10
155.572
20
-116.566
11
155.46
21
-116.511
0
LINE
8
BLACK
6
CONTINUOUS
10
155.46
20
-116.511
11
155.371
21
-116.423
0
LINE
8
BLACK
6
CONTINUOUS
10
155.371
20
-116.423
11
155.316
21
-116.31
0
LINE
8
BLACK
6
CONTINUOUS
10
155.316
20
-116.31
11
155.3
21
-116.201
0
LINE
8
BLACK
6
CONTINUOUS
10
155.3
20
-116.201
11
155.3
21
-115.439
0
LINE
8
BLACK
6
CONTINUOUS
10
155.3
20
-115.439
11
155.316
21
-115.33
0
LINE
8
BLACK
6
CONTINUOUS
10
155.316
20
-115.33
11
155.371
21
-115.218
0
LINE
8
BLACK
6
CONTINUOUS
10
155.371
20
-115.218
11
155.459
21
-115.129
0
LINE
8
BLACK
6
CONTINUOUS
10
155.459
20
-115.129
11
155.572
21
-115.074
0
LINE
8
BLACK
6
CONTINUOUS
10
155.572
20
-115.074
11
155.681
21
-115.058
0
LINE
8
BLACK
6
CONTINUOUS
10
155.681
20
-115.058
11
157.919
21
-115.058
0
LINE
8
BLACK
6
CONTINUOUS
10
157.919
20
-115.058
11
158.028
21
-115.074
0
LINE
8
BLACK
6
CONTINUOUS
10
183.428
20
-112.534
11
183.54
21
-112.589
0
LINE
8
BLACK
6
CONTINUOUS
10
183.54
20
-112.589
11
183.629
21
-112.677
0
LINE
8
BLACK
6
CONTINUOUS
10
183.629
20
-112.677
11
183.684
21
-112.79
0
LINE
8
BLACK
6
CONTINUOUS
10
183.684
20
-112.79
11
183.7
21
-112.899
0
LINE
8
BLACK
6
CONTINUOUS
10
183.7
20
-112.899
11
183.7
21
-113.661
0
LINE
8
BLACK
6
CONTINUOUS
10
183.7
20
-113.661
11
183.684
21
-113.77
0
LINE
8
BLACK
6
CONTINUOUS
10
183.684
20
-113.77
11
183.629
21
-113.882
0
LINE
8
BLACK
6
CONTINUOUS
10
183.629
20
-113.882
11
183.541
21
-113.971
0
LINE
8
BLACK
6
CONTINUOUS
10
183.541
20
-113.971
11
183.428
21
-114.026
0
LINE
8
BLACK
6
CONTINUOUS
10
183.428
20
-114.026
11
183.319
21
-114.042
0
LINE
8
BLACK
6
CONTINUOUS
10
183.319
20
-114.042
11
181.081
21
-114.042
0
LINE
8
BLACK
6
CONTINUOUS
10
181.081
20
-114.042
11
180.972
21
-114.026
0
LINE
8
BLACK
6
CONTINUOUS
10
180.972
20
-114.026
11
180.86
21
-113.971
0
LINE
8
BLACK
6
CONTINUOUS
10
180.86
20
-113.971
11
180.771
21
-113.883
0
LINE
8
BLACK
6
CONTINUOUS
10
180.771
20
-113.883
11
180.716
21
-113.77
0
LINE
8
BLACK
6
CONTINUOUS
10
180.716
20
-113.77
11
180.7
21
-113.661
0
LINE
8
BLACK
6
CONTINUOUS
10
180.7
20
-113.661
11
180.7
21
-112.899
0
LINE
8
BLACK
6
CONTINUOUS
10
180.7
20
-112.899
11
180.716
21
-112.79
0
LINE
8
BLACK
6
CONTINUOUS
10
180.716
20
-112.79
11
180.771
21
-112.678
0
LINE
8
BLACK
6
CONTINUOUS
10
180.771
20
-112.678
11
180.859
21
-112.589
0
LINE
8
BLACK
6
CONTINUOUS
10
180.859
20
-112.589
11
180.972
21
-112.534
0
LINE
8
BLACK
6
CONTINUOUS
10
180.972
20
-112.534
11
181.081
21
-112.518
0
LINE
8
BLACK
6
CONTINUOUS
10
181.081
20
-112.518
11
183.319
21
-112.518
0
LINE
8
BLACK
6
CONTINUOUS
10
183.319
20
-112.518
11
183.428
21
-112.534
0
LINE
8
BLACK
6
CONTINUOUS
10
158.028
20
-92.2139
11
158.07
21
-92.2345
0
LINE
8
BLACK
6
CONTINUOUS
10
158.07
20
-92.2345
11
158.112
21
-92.2141
0
LINE
8
BLACK
6
CONTINUOUS
10
158.112
20
-92.2141
11
158.221
21
-92.198
0
LINE
8
BLACK
6
CONTINUOUS
10
158.221
20
-92.198
11
160.459
21
-92.198
0
LINE
8
BLACK
6
CONTINUOUS
10
160.459
20
-92.198
11
160.568
21
-92.2139
0
LINE
8
BLACK
6
CONTINUOUS
10
160.568
20
-92.2139
11
160.68
21
-92.2688
0
LINE
8
BLACK
6
CONTINUOUS
10
160.68
20
-92.2688
11
160.769
21
-92.3572
0
LINE
8
BLACK
6
CONTINUOUS
10
160.769
20
-92.3572
11
160.824
21
-92.4695
0
LINE
8
BLACK
6
CONTINUOUS
10
160.824
20
-92.4695
11
160.84
21
-92.579
0
LINE
8
BLACK
6
CONTINUOUS
10
160.84
20
-92.579
11
160.84
21
-93.341
0
LINE
8
BLACK
6
CONTINUOUS
10
160.84
20
-93.341
11
160.824
21
-93.4498
0
LINE
8
BLACK
6
CONTINUOUS
10
160.824
20
-93.4498
11
160.769
21
-93.5622
0
LINE
8
BLACK
6
CONTINUOUS
10
160.769
20
-93.5622
11
160.681
21
-93.6508
0
LINE
8
BLACK
6
CONTINUOUS
10
160.681
20
-93.6508
11
160.568
21
-93.7059
0
LINE
8
BLACK
6
CONTINUOUS
10
160.568
20
-93.7059
11
160.459
21
-93.722
0
LINE
8
BLACK
6
CONTINUOUS
10
160.459
20
-93.722
11
158.221
21
-93.722
0
LINE
8
BLACK
6
CONTINUOUS
10
158.221
20
-93.722
11
158.112
21
-93.7061
0
LINE
8
BLACK
6
CONTINUOUS
10
158.112
20
-93.7061
11
158.07
21
-93.6855
0
LINE
8
BLACK
6
CONTINUOUS
10
158.07
20
-93.6855
11
158.028
21
-93.7059
0
LINE
8
BLACK
6
CONTINUOUS
10
158.028
20
-93.7059
11
157.919
21
-93.722
0
LINE
8
BLACK
6
CONTINUOUS
10
157.919
20
-93.722
11
155.681
21
-93.722
0
LINE
8
BLACK
6
CONTINUOUS
10
155.681
20
-93.722
11
155.572
21
-93.7061
0
LINE
8
BLACK
6
CONTINUOUS
10
155.572
20
-93.7061
11
155.46
21
-93.6512
0
LINE
8
BLACK
6
CONTINUOUS
10
155.46
20
-93.6512
11
155.371
21
-93.5628
0
LINE
8
BLACK
6
CONTINUOUS
10
155.371
20
-93.5628
11
155.316
21
-93.4505
0
LINE
8
BLACK
6
CONTINUOUS
10
155.316
20
-93.4505
11
155.303
21
-93.36
0
LINE
8
BLACK
6
CONTINUOUS
10
155.303
20
-93.36
11
151.706
21
-93.36
0
LINE
8
BLACK
6
CONTINUOUS
10
151.706
20
-93.36
11
149.3
21
-95.7657
0
LINE
8
BLACK
6
CONTINUOUS
10
149.3
20
-95.7657
11
149.3
21
-106.4
0
LINE
8
BLACK
6
CONTINUOUS
10
149.3
20
-106.4
11
149.295
21
-106.431
0
LINE
8
BLACK
6
CONTINUOUS
10
149.295
20
-106.431
11
149.295
21
-106.463
0
LINE
8
BLACK
6
CONTINUOUS
10
149.295
20
-106.463
11
149.285
21
-106.493
0
LINE
8
BLACK
6
CONTINUOUS
10
149.285
20
-106.493
11
149.28
21
-106.524
0
LINE
8
BLACK
6
CONTINUOUS
10
149.28
20
-106.524
11
149.266
21
-106.552
0
LINE
8
BLACK
6
CONTINUOUS
10
149.266
20
-106.552
11
149.256
21
-106.582
0
LINE
8
BLACK
6
CONTINUOUS
10
149.256
20
-106.582
11
149.238
21
-106.607
0
LINE
8
BLACK
6
CONTINUOUS
10
149.238
20
-106.607
11
149.224
21
-106.635
0
LINE
8
BLACK
6
CONTINUOUS
10
149.224
20
-106.635
11
149.201
21
-106.657
0
LINE
8
BLACK
6
CONTINUOUS
10
149.201
20
-106.657
11
149.183
21
-106.683
0
LINE
8
BLACK
6
CONTINUOUS
10
149.183
20
-106.683
11
142.833
21
-113.033
0
LINE
8
BLACK
6
CONTINUOUS
10
142.833
20
-113.033
11
142.807
21
-113.051
0
LINE
8
BLACK
6
CONTINUOUS
10
142.807
20
-113.051
11
142.785
21
-113.074
0
LINE
8
BLACK
6
CONTINUOUS
10
142.785
20
-113.074
11
142.757
21
-113.088
0
LINE
8
BLACK
6
CONTINUOUS
10
142.757
20
-113.088
11
142.732
21
-113.106
0
LINE
8
BLACK
6
CONTINUOUS
10
142.732
20
-113.106
11
142.702
21
-113.116
0
LINE
8
BLACK
6
CONTINUOUS
10
142.702
20
-113.116
11
142.674
21
-113.13
0
LINE
8
BLACK
6
CONTINUOUS
10
142.674
20
-113.13
11
142.643
21
-113.135
0
LINE
8
BLACK
6
CONTINUOUS
10
142.643
20
-113.135
11
142.613
21
-113.145
0
LINE
8
BLACK
6
CONTINUOUS
10
142.613
20
-113.145
11
142.581
21
-113.145
0
LINE
8
BLACK
6
CONTINUOUS
10
142.581
20
-113.145
11
142.55
21
-113.15
0
LINE
8
BLACK
6
CONTINUOUS
10
142.55
20
-113.15
11
141.797
21
-113.15
0
LINE
8
BLACK
6
CONTINUOUS
10
141.797
20
-113.15
11
141.797
21
-113.55
0
LINE
8
BLACK
6
CONTINUOUS
10
141.797
20
-113.55
11
140.197
21
-113.55
0
LINE
8
BLACK
6
CONTINUOUS
10
140.197
20
-113.55
11
140.197
21
-111.95
0
LINE
8
BLACK
6
CONTINUOUS
10
140.197
20
-111.95
11
141.797
21
-111.95
0
LINE
8
BLACK
6
CONTINUOUS
10
141.797
20
-111.95
11
141.797
21
-112.35
0
LINE
8
BLACK
6
CONTINUOUS
10
141.797
20
-112.35
11
142.384
21
-112.35
0
LINE
8
BLACK
6
CONTINUOUS
10
142.384
20
-112.35
11
148.5
21
-106.234
0
LINE
8
BLACK
6
CONTINUOUS
10
148.5
20
-106.234
11
148.5
21
-95.6
0
LINE
8
BLACK
6
CONTINUOUS
10
148.5
20
-95.6
11
148.505
21
-95.5689
0
LINE
8
BLACK
6
CONTINUOUS
10
148.505
20
-95.5689
11
148.505
21
-95.5374
0
LINE
8
BLACK
6
CONTINUOUS
10
148.505
20
-95.5374
11
148.515
21
-95.5075
0
LINE
8
BLACK
6
CONTINUOUS
10
148.515
20
-95.5075
11
148.52
21
-95.4764
0
LINE
8
BLACK
6
CONTINUOUS
10
148.52
20
-95.4764
11
148.534
21
-95.4483
0
LINE
8
BLACK
6
CONTINUOUS
10
148.534
20
-95.4483
11
148.544
21
-95.4184
0
LINE
8
BLACK
6
CONTINUOUS
10
148.544
20
-95.4184
11
148.562
21
-95.3929
0
LINE
8
BLACK
6
CONTINUOUS
10
148.562
20
-95.3929
11
148.576
21
-95.3649
0
LINE
8
BLACK
6
CONTINUOUS
10
148.576
20
-95.3649
11
148.599
21
-95.3426
0
LINE
8
BLACK
6
CONTINUOUS
10
148.599
20
-95.3426
11
148.617
21
-95.3172
0
LINE
8
BLACK
6
CONTINUOUS
10
148.617
20
-95.3172
11
151.257
21
-92.6772
0
LINE
8
BLACK
6
CONTINUOUS
10
151.257
20
-92.6772
11
151.283
21
-92.6587
0
LINE
8
BLACK
6
CONTINUOUS
10
151.283
20
-92.6587
11
151.305
21
-92.6364
0
LINE
8
BLACK
6
CONTINUOUS
10
151.305
20
-92.6364
11
151.333
21
-92.6221
0
LINE
8
BLACK
6
CONTINUOUS
10
151.333
20
-92.6221
11
151.358
21
-92.6036
0
LINE
8
BLACK
6
CONTINUOUS
10
151.358
20
-92.6036
11
151.388
21
-92.5939
0
LINE
8
BLACK
6
CONTINUOUS
10
151.388
20
-92.5939
11
151.416
21
-92.5796
0
LINE
8
BLACK
6
CONTINUOUS
10
151.416
20
-92.5796
11
151.447
21
-92.5747
0
LINE
8
BLACK
6
CONTINUOUS
10
151.447
20
-92.5747
11
151.477
21
-92.5649
0
LINE
8
BLACK
6
CONTINUOUS
10
151.477
20
-92.5649
11
151.509
21
-92.5649
0
LINE
8
BLACK
6
CONTINUOUS
10
151.509
20
-92.5649
11
151.54
21
-92.56
0
LINE
8
BLACK
6
CONTINUOUS
10
151.54
20
-92.56
11
155.303
21
-92.56
0
LINE
8
BLACK
6
CONTINUOUS
10
155.303
20
-92.56
11
155.316
21
-92.4702
0
LINE
8
BLACK
6
CONTINUOUS
10
155.316
20
-92.4702
11
155.371
21
-92.3578
0
LINE
8
BLACK
6
CONTINUOUS
10
155.371
20
-92.3578
11
155.459
21
-92.2692
0
LINE
8
BLACK
6
CONTINUOUS
10
155.459
20
-92.2692
11
155.572
21
-92.2141
0
LINE
8
BLACK
6
CONTINUOUS
10
155.572
20
-92.2141
11
155.681
21
-92.198
0
LINE
8
BLACK
6
CONTINUOUS
10
155.681
20
-92.198
11
157.919
21
-92.198
0
LINE
8
BLACK
6
CONTINUOUS
10
157.919
20
-92.198
11
158.028
21
-92.2139
0
LINE
8
BLACK
6
CONTINUOUS
10
99.1027
20
-82.4916
11
99.265
21
-82.5639
0
LINE
8
BLACK
6
CONTINUOUS
10
99.265
20
-82.5639
11
99.4088
21
-82.6683
0
LINE
8
BLACK
6
CONTINUOUS
10
99.4088
20
-82.6683
11
99.5277
21
-82.8004
0
LINE
8
BLACK
6
CONTINUOUS
10
99.5277
20
-82.8004
11
99.6165
21
-82.9543
0
LINE
8
BLACK
6
CONTINUOUS
10
99.6165
20
-82.9543
11
99.6714
21
-83.1233
0
LINE
8
BLACK
6
CONTINUOUS
10
99.6714
20
-83.1233
11
99.69
21
-83.3
0
LINE
8
BLACK
6
CONTINUOUS
10
99.69
20
-83.3
11
99.6714
21
-83.4767
0
LINE
8
BLACK
6
CONTINUOUS
10
99.6714
20
-83.4767
11
99.6165
21
-83.6457
0
LINE
8
BLACK
6
CONTINUOUS
10
99.6165
20
-83.6457
11
99.5277
21
-83.7996
0
LINE
8
BLACK
6
CONTINUOUS
10
99.5277
20
-83.7996
11
99.4088
21
-83.9317
0
LINE
8
BLACK
6
CONTINUOUS
10
99.4088
20
-83.9317
11
99.265
21
-84.0361
0
LINE
8
BLACK
6
CONTINUOUS
10
99.265
20
-84.0361
11
99.24
21
-84.0473
0
LINE
8
BLACK
6
CONTINUOUS
10
99.24
20
-84.0473
11
99.24
21
-95.7743
0
LINE
8
BLACK
6
CONTINUOUS
10
99.24
20
-95.7743
11
115.816
21
-112.35
0
LINE
8
BLACK
6
CONTINUOUS
10
115.816
20
-112.35
11
130.149
21
-112.35
0
LINE
8
BLACK
6
CONTINUOUS
10
130.149
20
-112.35
11
130.218
21
-112.244
0
LINE
8
BLACK
6
CONTINUOUS
10
130.218
20
-112.244
11
130.345
21
-112.12
0
LINE
8
BLACK
6
CONTINUOUS
10
130.345
20
-112.12
11
130.497
21
-112.026
0
LINE
8
BLACK
6
CONTINUOUS
10
130.497
20
-112.026
11
130.666
21
-111.969
0
LINE
8
BLACK
6
CONTINUOUS
10
130.666
20
-111.969
11
130.843
21
-111.95
0
LINE
8
BLACK
6
CONTINUOUS
10
130.843
20
-111.95
11
131.02
21
-111.971
0
LINE
8
BLACK
6
CONTINUOUS
10
131.02
20
-111.971
11
131.188
21
-112.031
0
LINE
8
BLACK
6
CONTINUOUS
10
131.188
20
-112.031
11
131.339
21
-112.127
0
LINE
8
BLACK
6
CONTINUOUS
10
131.339
20
-112.127
11
131.464
21
-112.253
0
LINE
8
BLACK
6
CONTINUOUS
10
131.464
20
-112.253
11
131.559
21
-112.404
0
LINE
8
BLACK
6
CONTINUOUS
10
131.559
20
-112.404
11
131.618
21
-112.573
0
LINE
8
BLACK
6
CONTINUOUS
10
131.618
20
-112.573
11
131.637
21
-112.75
0
LINE
8
BLACK
6
CONTINUOUS
10
131.637
20
-112.75
11
131.637
21
-112.772
0
LINE
8
BLACK
6
CONTINUOUS
10
131.637
20
-112.772
11
131.612
21
-112.949
0
LINE
8
BLACK
6
CONTINUOUS
10
131.612
20
-112.949
11
131.549
21
-113.116
0
LINE
8
BLACK
6
CONTINUOUS
10
131.549
20
-113.116
11
131.45
21
-113.264
0
LINE
8
BLACK
6
CONTINUOUS
10
131.45
20
-113.264
11
131.321
21
-113.387
0
LINE
8
BLACK
6
CONTINUOUS
10
131.321
20
-113.387
11
131.168
21
-113.479
0
LINE
8
BLACK
6
CONTINUOUS
10
131.168
20
-113.479
11
130.998
21
-113.534
0
LINE
8
BLACK
6
CONTINUOUS
10
130.998
20
-113.534
11
130.821
21
-113.55
0
LINE
8
BLACK
6
CONTINUOUS
10
130.821
20
-113.55
11
130.644
21
-113.526
0
LINE
8
BLACK
6
CONTINUOUS
10
130.644
20
-113.526
11
130.477
21
-113.464
0
LINE
8
BLACK
6
CONTINUOUS
10
130.477
20
-113.464
11
130.328
21
-113.366
0
LINE
8
BLACK
6
CONTINUOUS
10
130.328
20
-113.366
11
130.204
21
-113.238
0
LINE
8
BLACK
6
CONTINUOUS
10
130.204
20
-113.238
11
130.15
21
-113.15
0
LINE
8
BLACK
6
CONTINUOUS
10
130.15
20
-113.15
11
115.89
21
-113.15
0
LINE
8
BLACK
6
CONTINUOUS
10
115.89
20
-113.15
11
115.882
21
-113.156
0
LINE
8
BLACK
6
CONTINUOUS
10
115.882
20
-113.156
11
115.763
21
-113.195
0
LINE
8
BLACK
6
CONTINUOUS
10
115.763
20
-113.195
11
115.637
21
-113.195
0
LINE
8
BLACK
6
CONTINUOUS
10
115.637
20
-113.195
11
115.518
21
-113.156
0
LINE
8
BLACK
6
CONTINUOUS
10
115.518
20
-113.156
11
115.503
21
-113.145
0
LINE
8
BLACK
6
CONTINUOUS
10
115.503
20
-113.145
11
115.417
21
-113.083
0
LINE
8
BLACK
6
CONTINUOUS
10
115.417
20
-113.083
11
115.417
21
-113.083
0
LINE
8
BLACK
6
CONTINUOUS
10
115.417
20
-113.083
11
98.5572
21
-96.2228
0
LINE
8
BLACK
6
CONTINUOUS
10
98.5572
20
-96.2228
11
98.5387
21
-96.1974
0
LINE
8
BLACK
6
CONTINUOUS
10
98.5387
20
-96.1974
11
98.5164
21
-96.1751
0
LINE
8
BLACK
6
CONTINUOUS
10
98.5164
20
-96.1751
11
98.5021
21
-96.1471
0
LINE
8
BLACK
6
CONTINUOUS
10
98.5021
20
-96.1471
11
98.4836
21
-96.1216
0
LINE
8
BLACK
6
CONTINUOUS
10
98.4836
20
-96.1216
11
98.4739
21
-96.0917
0
LINE
8
BLACK
6
CONTINUOUS
10
98.4739
20
-96.0917
11
98.4596
21
-96.0636
0
LINE
8
BLACK
6
CONTINUOUS
10
98.4596
20
-96.0636
11
98.4547
21
-96.0325
0
LINE
8
BLACK
6
CONTINUOUS
10
98.4547
20
-96.0325
11
98.4449
21
-96.0026
0
LINE
8
BLACK
6
CONTINUOUS
10
98.4449
20
-96.0026
11
98.4449
21
-95.9711
0
LINE
8
BLACK
6
CONTINUOUS
10
98.4449
20
-95.9711
11
98.44
21
-95.94
0
LINE
8
BLACK
6
CONTINUOUS
10
98.44
20
-95.94
11
98.44
21
-84.0473
0
LINE
8
BLACK
6
CONTINUOUS
10
98.44
20
-84.0473
11
98.415
21
-84.0361
0
LINE
8
BLACK
6
CONTINUOUS
10
98.415
20
-84.0361
11
98.2712
21
-83.9317
0
LINE
8
BLACK
6
CONTINUOUS
10
98.2712
20
-83.9317
11
98.1523
21
-83.7996
0
LINE
8
BLACK
6
CONTINUOUS
10
98.1523
20
-83.7996
11
98.0635
21
-83.6457
0
LINE
8
BLACK
6
CONTINUOUS
10
98.0635
20
-83.6457
11
98.0086
21
-83.4767
0
LINE
8
BLACK
6
CONTINUOUS
10
98.0086
20
-83.4767
11
97.99
21
-83.3
0
LINE
8
BLACK
6
CONTINUOUS
10
97.99
20
-83.3
11
98.0086
21
-83.1233
0
LINE
8
BLACK
6
CONTINUOUS
10
98.0086
20
-83.1233
11
98.0635
21
-82.9543
0
LINE
8
BLACK
6
CONTINUOUS
10
98.0635
20
-82.9543
11
98.1523
21
-82.8004
0
LINE
8
BLACK
6
CONTINUOUS
10
98.1523
20
-82.8004
11
98.2712
21
-82.6683
0
LINE
8
BLACK
6
CONTINUOUS
10
98.2712
20
-82.6683
11
98.415
21
-82.5639
0
LINE
8
BLACK
6
CONTINUOUS
10
98.415
20
-82.5639
11
98.5773
21
-82.4916
0
LINE
8
BLACK
6
CONTINUOUS
10
98.5773
20
-82.4916
11
98.7512
21
-82.4547
0
LINE
8
BLACK
6
CONTINUOUS
10
98.7512
20
-82.4547
11
98.9288
21
-82.4547
0
LINE
8
BLACK
6
CONTINUOUS
10
98.9288
20
-82.4547
11
99.1027
21
-82.4916
0
LINE
8
BLACK
6
CONTINUOUS
10
183.428
20
-109.994
11
183.54
21
-110.049
0
LINE
8
BLACK
6
CONTINUOUS
10
183.54
20
-110.049
11
183.629
21
-110.137
0
LINE
8
BLACK
6
CONTINUOUS
10
183.629
20
-110.137
11
183.684
21
-110.25
0
LINE
8
BLACK
6
CONTINUOUS
10
183.684
20
-110.25
11
183.7
21
-110.359
0
LINE
8
BLACK
6
CONTINUOUS
10
183.7
20
-110.359
11
183.7
21
-111.121
0
LINE
8
BLACK
6
CONTINUOUS
10
183.7
20
-111.121
11
183.684
21
-111.23
0
LINE
8
BLACK
6
CONTINUOUS
10
183.684
20
-111.23
11
183.629
21
-111.342
0
LINE
8
BLACK
6
CONTINUOUS
10
183.629
20
-111.342
11
183.541
21
-111.431
0
LINE
8
BLACK
6
CONTINUOUS
10
183.541
20
-111.431
11
183.428
21
-111.486
0
LINE
8
BLACK
6
CONTINUOUS
10
183.428
20
-111.486
11
183.319
21
-111.502
0
LINE
8
BLACK
6
CONTINUOUS
10
183.319
20
-111.502
11
181.081
21
-111.502
0
LINE
8
BLACK
6
CONTINUOUS
10
181.081
20
-111.502
11
180.972
21
-111.486
0
LINE
8
BLACK
6
CONTINUOUS
10
180.972
20
-111.486
11
180.86
21
-111.431
0
LINE
8
BLACK
6
CONTINUOUS
10
180.86
20
-111.431
11
180.771
21
-111.343
0
LINE
8
BLACK
6
CONTINUOUS
10
180.771
20
-111.343
11
180.716
21
-111.23
0
LINE
8
BLACK
6
CONTINUOUS
10
180.716
20
-111.23
11
180.7
21
-111.121
0
LINE
8
BLACK
6
CONTINUOUS
10
180.7
20
-111.121
11
180.7
21
-110.359
0
LINE
8
BLACK
6
CONTINUOUS
10
180.7
20
-110.359
11
180.716
21
-110.25
0
LINE
8
BLACK
6
CONTINUOUS
10
180.716
20
-110.25
11
180.771
21
-110.138
0
LINE
8
BLACK
6
CONTINUOUS
10
180.771
20
-110.138
11
180.859
21
-110.049
0
LINE
8
BLACK
6
CONTINUOUS
10
180.859
20
-110.049
11
180.972
21
-109.994
0
LINE
8
BLACK
6
CONTINUOUS
10
180.972
20
-109.994
11
181.081
21
-109.978
0
LINE
8
BLACK
6
CONTINUOUS
10
181.081
20
-109.978
11
183.319
21
-109.978
0
LINE
8
BLACK
6
CONTINUOUS
10
183.319
20
-109.978
11
183.428
21
-109.994
0
LINE
8
BLACK
6
CONTINUOUS
10
158.028
20
-109.994
11
158.07
21
-110.014
0
LINE
8
BLACK
6
CONTINUOUS
10
158.07
20
-110.014
11
158.112
21
-109.994
0
LINE
8
BLACK
6
CONTINUOUS
10
158.112
20
-109.994
11
158.221
21
-109.978
0
LINE
8
BLACK
6
CONTINUOUS
10
158.221
20
-109.978
11
160.459
21
-109.978
0
LINE
8
BLACK
6
CONTINUOUS
10
160.459
20
-109.978
11
160.568
21
-109.994
0
LINE
8
BLACK
6
CONTINUOUS
10
160.568
20
-109.994
11
160.68
21
-110.049
0
LINE
8
BLACK
6
CONTINUOUS
10
160.68
20
-110.049
11
160.769
21
-110.137
0
LINE
8
BLACK
6
CONTINUOUS
10
160.769
20
-110.137
11
160.824
21
-110.25
0
LINE
8
BLACK
6
CONTINUOUS
10
160.824
20
-110.25
11
160.84
21
-110.359
0
LINE
8
BLACK
6
CONTINUOUS
10
160.84
20
-110.359
11
160.84
21
-111.121
0
LINE
8
BLACK
6
CONTINUOUS
10
160.84
20
-111.121
11
160.824
21
-111.23
0
LINE
8
BLACK
6
CONTINUOUS
10
160.824
20
-111.23
11
160.769
21
-111.342
0
LINE
8
BLACK
6
CONTINUOUS
10
160.769
20
-111.342
11
160.681
21
-111.431
0
LINE
8
BLACK
6
CONTINUOUS
10
160.681
20
-111.431
11
160.568
21
-111.486
0
LINE
8
BLACK
6
CONTINUOUS
10
160.568
20
-111.486
11
160.459
21
-111.502
0
LINE
8
BLACK
6
CONTINUOUS
10
160.459
20
-111.502
11
158.221
21
-111.502
0
LINE
8
BLACK
6
CONTINUOUS
10
158.221
20
-111.502
11
158.112
21
-111.486
0
LINE
8
BLACK
6
CONTINUOUS
10
158.112
20
-111.486
11
158.07
21
-111.466
0
LINE
8
BLACK
6
CONTINUOUS
10
158.07
20
-111.466
11
158.028
21
-111.486
0
LINE
8
BLACK
6
CONTINUOUS
10
158.028
20
-111.486
11
157.919
21
-111.502
0
LINE
8
BLACK
6
CONTINUOUS
10
157.919
20
-111.502
11
155.681
21
-111.502
0
LINE
8
BLACK
6
CONTINUOUS
10
155.681
20
-111.502
11
155.572
21
-111.486
0
LINE
8
BLACK
6
CONTINUOUS
10
155.572
20
-111.486
11
155.46
21
-111.431
0
LINE
8
BLACK
6
CONTINUOUS
10
155.46
20
-111.431
11
155.371
21
-111.343
0
LINE
8
BLACK
6
CONTINUOUS
10
155.371
20
-111.343
11
155.316
21
-111.23
0
LINE
8
BLACK
6
CONTINUOUS
10
155.316
20
-111.23
11
155.3
21
-111.121
0
LINE
8
BLACK
6
CONTINUOUS
10
155.3
20
-111.121
11
155.3
21
-110.359
0
LINE
8
BLACK
6
CONTINUOUS
10
155.3
20
-110.359
11
155.316
21
-110.25
0
LINE
8
BLACK
6
CONTINUOUS
10
155.316
20
-110.25
11
155.371
21
-110.138
0
LINE
8
BLACK
6
CONTINUOUS
10
155.371
20
-110.138
11
155.459
21
-110.049
0
LINE
8
BLACK
6
CONTINUOUS
10
155.459
20
-110.049
11
155.572
21
-109.994
0
LINE
8
BLACK
6
CONTINUOUS
10
155.572
20
-109.994
11
155.681
21
-109.978
0
LINE
8
BLACK
6
CONTINUOUS
10
155.681
20
-109.978
11
157.919
21
-109.978
0
LINE
8
BLACK
6
CONTINUOUS
10
157.919
20
-109.978
11
158.028
21
-109.994
0
LINE
8
BLACK
6
CONTINUOUS
10
158.028
20
-89.6739
11
158.07
21
-89.6945
0
LINE
8
BLACK
6
CONTINUOUS
10
158.07
20
-89.6945
11
158.112
21
-89.6741
0
LINE
8
BLACK
6
CONTINUOUS
10
158.112
20
-89.6741
11
158.221
21
-89.658
0
LINE
8
BLACK
6
CONTINUOUS
10
158.221
20
-89.658
11
160.459
21
-89.658
0
LINE
8
BLACK
6
CONTINUOUS
10
160.459
20
-89.658
11
160.568
21
-89.6739
0
LINE
8
BLACK
6
CONTINUOUS
10
160.568
20
-89.6739
11
160.68
21
-89.7288
0
LINE
8
BLACK
6
CONTINUOUS
10
160.68
20
-89.7288
11
160.769
21
-89.8172
0
LINE
8
BLACK
6
CONTINUOUS
10
160.769
20
-89.8172
11
160.824
21
-89.9295
0
LINE
8
BLACK
6
CONTINUOUS
10
160.824
20
-89.9295
11
160.84
21
-90.039
0
LINE
8
BLACK
6
CONTINUOUS
10
160.84
20
-90.039
11
160.84
21
-90.801
0
LINE
8
BLACK
6
CONTINUOUS
10
160.84
20
-90.801
11
160.824
21
-90.9098
0
LINE
8
BLACK
6
CONTINUOUS
10
160.824
20
-90.9098
11
160.769
21
-91.0222
0
LINE
8
BLACK
6
CONTINUOUS
10
160.769
20
-91.0222
11
160.681
21
-91.1108
0
LINE
8
BLACK
6
CONTINUOUS
10
160.681
20
-91.1108
11
160.568
21
-91.1659
0
LINE
8
BLACK
6
CONTINUOUS
10
160.568
20
-91.1659
11
160.459
21
-91.182
0
LINE
8
BLACK
6
CONTINUOUS
10
160.459
20
-91.182
11
158.221
21
-91.182
0
LINE
8
BLACK
6
CONTINUOUS
10
158.221
20
-91.182
11
158.112
21
-91.1661
0
LINE
8
BLACK
6
CONTINUOUS
10
158.112
20
-91.1661
11
158.07
21
-91.1455
0
LINE
8
BLACK
6
CONTINUOUS
10
158.07
20
-91.1455
11
158.028
21
-91.1659
0
LINE
8
BLACK
6
CONTINUOUS
10
158.028
20
-91.1659
11
157.919
21
-91.182
0
LINE
8
BLACK
6
CONTINUOUS
10
157.919
20
-91.182
11
155.681
21
-91.182
0
LINE
8
BLACK
6
CONTINUOUS
10
155.681
20
-91.182
11
155.572
21
-91.1661
0
LINE
8
BLACK
6
CONTINUOUS
10
155.572
20
-91.1661
11
155.46
21
-91.1112
0
LINE
8
BLACK
6
CONTINUOUS
10
155.46
20
-91.1112
11
155.371
21
-91.0228
0
LINE
8
BLACK
6
CONTINUOUS
10
155.371
20
-91.0228
11
155.316
21
-90.9105
0
LINE
8
BLACK
6
CONTINUOUS
10
155.316
20
-90.9105
11
155.303
21
-90.82
0
LINE
8
BLACK
6
CONTINUOUS
10
155.303
20
-90.82
11
149.946
21
-90.82
0
LINE
8
BLACK
6
CONTINUOUS
10
149.946
20
-90.82
11
147.2
21
-93.5657
0
LINE
8
BLACK
6
CONTINUOUS
10
147.2
20
-93.5657
11
147.2
21
-105.7
0
LINE
8
BLACK
6
CONTINUOUS
10
147.2
20
-105.7
11
147.195
21
-105.731
0
LINE
8
BLACK
6
CONTINUOUS
10
147.195
20
-105.731
11
147.195
21
-105.763
0
LINE
8
BLACK
6
CONTINUOUS
10
147.195
20
-105.763
11
147.185
21
-105.793
0
LINE
8
BLACK
6
CONTINUOUS
10
147.185
20
-105.793
11
147.18
21
-105.824
0
LINE
8
BLACK
6
CONTINUOUS
10
147.18
20
-105.824
11
147.166
21
-105.852
0
LINE
8
BLACK
6
CONTINUOUS
10
147.166
20
-105.852
11
147.156
21
-105.882
0
LINE
8
BLACK
6
CONTINUOUS
10
147.156
20
-105.882
11
147.138
21
-105.907
0
LINE
8
BLACK
6
CONTINUOUS
10
147.138
20
-105.907
11
147.124
21
-105.935
0
LINE
8
BLACK
6
CONTINUOUS
10
147.124
20
-105.935
11
147.101
21
-105.957
0
LINE
8
BLACK
6
CONTINUOUS
10
147.101
20
-105.957
11
147.083
21
-105.983
0
LINE
8
BLACK
6
CONTINUOUS
10
147.083
20
-105.983
11
142.573
21
-110.493
0
LINE
8
BLACK
6
CONTINUOUS
10
142.573
20
-110.493
11
142.547
21
-110.511
0
LINE
8
BLACK
6
CONTINUOUS
10
142.547
20
-110.511
11
142.525
21
-110.534
0
LINE
8
BLACK
6
CONTINUOUS
10
142.525
20
-110.534
11
142.497
21
-110.548
0
LINE
8
BLACK
6
CONTINUOUS
10
142.497
20
-110.548
11
142.472
21
-110.566
0
LINE
8
BLACK
6
CONTINUOUS
10
142.472
20
-110.566
11
142.442
21
-110.576
0
LINE
8
BLACK
6
CONTINUOUS
10
142.442
20
-110.576
11
142.414
21
-110.59
0
LINE
8
BLACK
6
CONTINUOUS
10
142.414
20
-110.59
11
142.383
21
-110.595
0
LINE
8
BLACK
6
CONTINUOUS
10
142.383
20
-110.595
11
142.353
21
-110.605
0
LINE
8
BLACK
6
CONTINUOUS
10
142.353
20
-110.605
11
142.321
21
-110.605
0
LINE
8
BLACK
6
CONTINUOUS
10
142.321
20
-110.605
11
142.29
21
-110.61
0
LINE
8
BLACK
6
CONTINUOUS
10
142.29
20
-110.61
11
141.686
21
-110.61
0
LINE
8
BLACK
6
CONTINUOUS
10
141.686
20
-110.61
11
141.61
21
-110.724
0
LINE
8
BLACK
6
CONTINUOUS
10
141.61
20
-110.724
11
141.481
21
-110.847
0
LINE
8
BLACK
6
CONTINUOUS
10
141.481
20
-110.847
11
141.328
21
-110.939
0
LINE
8
BLACK
6
CONTINUOUS
10
141.328
20
-110.939
11
141.158
21
-110.994
0
LINE
8
BLACK
6
CONTINUOUS
10
141.158
20
-110.994
11
140.981
21
-111.01
0
LINE
8
BLACK
6
CONTINUOUS
10
140.981
20
-111.01
11
140.804
21
-110.986
0
LINE
8
BLACK
6
CONTINUOUS
10
140.804
20
-110.986
11
140.637
21
-110.924
0
LINE
8
BLACK
6
CONTINUOUS
10
140.637
20
-110.924
11
140.488
21
-110.826
0
LINE
8
BLACK
6
CONTINUOUS
10
140.488
20
-110.826
11
140.364
21
-110.698
0
LINE
8
BLACK
6
CONTINUOUS
10
140.364
20
-110.698
11
140.271
21
-110.546
0
LINE
8
BLACK
6
CONTINUOUS
10
140.271
20
-110.546
11
140.215
21
-110.376
0
LINE
8
BLACK
6
CONTINUOUS
10
140.215
20
-110.376
11
140.198
21
-110.199
0
LINE
8
BLACK
6
CONTINUOUS
10
140.198
20
-110.199
11
140.22
21
-110.022
0
LINE
8
BLACK
6
CONTINUOUS
10
140.22
20
-110.022
11
140.281
21
-109.854
0
LINE
8
BLACK
6
CONTINUOUS
10
140.281
20
-109.854
11
140.378
21
-109.704
0
LINE
8
BLACK
6
CONTINUOUS
10
140.378
20
-109.704
11
140.505
21
-109.58
0
LINE
8
BLACK
6
CONTINUOUS
10
140.505
20
-109.58
11
140.657
21
-109.486
0
LINE
8
BLACK
6
CONTINUOUS
10
140.657
20
-109.486
11
140.826
21
-109.429
0
LINE
8
BLACK
6
CONTINUOUS
10
140.826
20
-109.429
11
141.003
21
-109.41
0
LINE
8
BLACK
6
CONTINUOUS
10
141.003
20
-109.41
11
141.18
21
-109.431
0
LINE
8
BLACK
6
CONTINUOUS
10
141.18
20
-109.431
11
141.348
21
-109.491
0
LINE
8
BLACK
6
CONTINUOUS
10
141.348
20
-109.491
11
141.499
21
-109.587
0
LINE
8
BLACK
6
CONTINUOUS
10
141.499
20
-109.587
11
141.624
21
-109.713
0
LINE
8
BLACK
6
CONTINUOUS
10
141.624
20
-109.713
11
141.685
21
-109.81
0
LINE
8
BLACK
6
CONTINUOUS
10
141.685
20
-109.81
11
142.124
21
-109.81
0
LINE
8
BLACK
6
CONTINUOUS
10
142.124
20
-109.81
11
146.4
21
-105.534
0
LINE
8
BLACK
6
CONTINUOUS
10
146.4
20
-105.534
11
146.4
21
-93.4
0
LINE
8
BLACK
6
CONTINUOUS
10
146.4
20
-93.4
11
146.405
21
-93.3689
0
LINE
8
BLACK
6
CONTINUOUS
10
146.405
20
-93.3689
11
146.405
21
-93.3374
0
LINE
8
BLACK
6
CONTINUOUS
10
146.405
20
-93.3374
11
146.415
21
-93.3075
0
LINE
8
BLACK
6
CONTINUOUS
10
146.415
20
-93.3075
11
146.42
21
-93.2764
0
LINE
8
BLACK
6
CONTINUOUS
10
146.42
20
-93.2764
11
146.434
21
-93.2483
0
LINE
8
BLACK
6
CONTINUOUS
10
146.434
20
-93.2483
11
146.444
21
-93.2184
0
LINE
8
BLACK
6
CONTINUOUS
10
146.444
20
-93.2184
11
146.462
21
-93.1929
0
LINE
8
BLACK
6
CONTINUOUS
10
146.462
20
-93.1929
11
146.476
21
-93.1649
0
LINE
8
BLACK
6
CONTINUOUS
10
146.476
20
-93.1649
11
146.499
21
-93.1426
0
LINE
8
BLACK
6
CONTINUOUS
10
146.499
20
-93.1426
11
146.517
21
-93.1172
0
LINE
8
BLACK
6
CONTINUOUS
10
146.517
20
-93.1172
11
149.497
21
-90.1372
0
LINE
8
BLACK
6
CONTINUOUS
10
149.497
20
-90.1372
11
149.523
21
-90.1187
0
LINE
8
BLACK
6
CONTINUOUS
10
149.523
20
-90.1187
11
149.545
21
-90.0964
0
LINE
8
BLACK
6
CONTINUOUS
10
149.545
20
-90.0964
11
149.573
21
-90.0821
0
LINE
8
BLACK
6
CONTINUOUS
10
149.573
20
-90.0821
11
149.598
21
-90.0636
0
LINE
8
BLACK
6
CONTINUOUS
10
149.598
20
-90.0636
11
149.628
21
-90.0539
0
LINE
8
BLACK
6
CONTINUOUS
10
149.628
20
-90.0539
11
149.656
21
-90.0396
0
LINE
8
BLACK
6
CONTINUOUS
10
149.656
20
-90.0396
11
149.687
21
-90.0347
0
LINE
8
BLACK
6
CONTINUOUS
10
149.687
20
-90.0347
11
149.717
21
-90.0249
0
LINE
8
BLACK
6
CONTINUOUS
10
149.717
20
-90.0249
11
149.749
21
-90.0249
0
LINE
8
BLACK
6
CONTINUOUS
10
149.749
20
-90.0249
11
149.78
21
-90.02
0
LINE
8
BLACK
6
CONTINUOUS
10
149.78
20
-90.02
11
155.303
21
-90.02
0
LINE
8
BLACK
6
CONTINUOUS
10
155.303
20
-90.02
11
155.316
21
-89.9302
0
LINE
8
BLACK
6
CONTINUOUS
10
155.316
20
-89.9302
11
155.371
21
-89.8178
0
LINE
8
BLACK
6
CONTINUOUS
10
155.371
20
-89.8178
11
155.459
21
-89.7292
0
LINE
8
BLACK
6
CONTINUOUS
10
155.459
20
-89.7292
11
155.572
21
-89.6741
0
LINE
8
BLACK
6
CONTINUOUS
10
155.572
20
-89.6741
11
155.681
21
-89.658
0
LINE
8
BLACK
6
CONTINUOUS
10
155.681
20
-89.658
11
157.919
21
-89.658
0
LINE
8
BLACK
6
CONTINUOUS
10
157.919
20
-89.658
11
158.028
21
-89.6739
0
LINE
8
BLACK
6
CONTINUOUS
10
101.643
20
-82.4916
11
101.805
21
-82.5639
0
LINE
8
BLACK
6
CONTINUOUS
10
101.805
20
-82.5639
11
101.949
21
-82.6683
0
LINE
8
BLACK
6
CONTINUOUS
10
101.949
20
-82.6683
11
102.068
21
-82.8004
0
LINE
8
BLACK
6
CONTINUOUS
10
102.068
20
-82.8004
11
102.157
21
-82.9543
0
LINE
8
BLACK
6
CONTINUOUS
10
102.157
20
-82.9543
11
102.211
21
-83.1233
0
LINE
8
BLACK
6
CONTINUOUS
10
102.211
20
-83.1233
11
102.23
21
-83.3
0
LINE
8
BLACK
6
CONTINUOUS
10
102.23
20
-83.3
11
102.211
21
-83.4767
0
LINE
8
BLACK
6
CONTINUOUS
10
102.211
20
-83.4767
11
102.157
21
-83.6457
0
LINE
8
BLACK
6
CONTINUOUS
10
102.157
20
-83.6457
11
102.068
21
-83.7996
0
LINE
8
BLACK
6
CONTINUOUS
10
102.068
20
-83.7996
11
101.949
21
-83.9317
0
LINE
8
BLACK
6
CONTINUOUS
10
101.949
20
-83.9317
11
101.805
21
-84.0361
0
LINE
8
BLACK
6
CONTINUOUS
10
101.805
20
-84.0361
11
101.78
21
-84.0473
0
LINE
8
BLACK
6
CONTINUOUS
10
101.78
20
-84.0473
11
101.78
21
-95.3143
0
LINE
8
BLACK
6
CONTINUOUS
10
101.78
20
-95.3143
11
116.276
21
-109.81
0
LINE
8
BLACK
6
CONTINUOUS
10
116.276
20
-109.81
11
130.149
21
-109.81
0
LINE
8
BLACK
6
CONTINUOUS
10
130.149
20
-109.81
11
130.218
21
-109.704
0
LINE
8
BLACK
6
CONTINUOUS
10
130.218
20
-109.704
11
130.345
21
-109.58
0
LINE
8
BLACK
6
CONTINUOUS
10
130.345
20
-109.58
11
130.497
21
-109.486
0
LINE
8
BLACK
6
CONTINUOUS
10
130.497
20
-109.486
11
130.666
21
-109.429
0
LINE
8
BLACK
6
CONTINUOUS
10
130.666
20
-109.429
11
130.843
21
-109.41
0
LINE
8
BLACK
6
CONTINUOUS
10
130.843
20
-109.41
11
131.02
21
-109.431
0
LINE
8
BLACK
6
CONTINUOUS
10
131.02
20
-109.431
11
131.188
21
-109.491
0
LINE
8
BLACK
6
CONTINUOUS
10
131.188
20
-109.491
11
131.339
21
-109.587
0
LINE
8
BLACK
6
CONTINUOUS
10
131.339
20
-109.587
11
131.464
21
-109.713
0
LINE
8
BLACK
6
CONTINUOUS
10
131.464
20
-109.713
11
131.559
21
-109.864
0
LINE
8
BLACK
6
CONTINUOUS
10
131.559
20
-109.864
11
131.618
21
-110.033
0
LINE
8
BLACK
6
CONTINUOUS
10
131.618
20
-110.033
11
131.637
21
-110.21
0
LINE
8
BLACK
6
CONTINUOUS
10
131.637
20
-110.21
11
131.637
21
-110.232
0
LINE
8
BLACK
6
CONTINUOUS
10
131.637
20
-110.232
11
131.612
21
-110.409
0
LINE
8
BLACK
6
CONTINUOUS
10
131.612
20
-110.409
11
131.549
21
-110.576
0
LINE
8
BLACK
6
CONTINUOUS
10
131.549
20
-110.576
11
131.45
21
-110.724
0
LINE
8
BLACK
6
CONTINUOUS
10
131.45
20
-110.724
11
131.321
21
-110.847
0
LINE
8
BLACK
6
CONTINUOUS
10
131.321
20
-110.847
11
131.168
21
-110.939
0
LINE
8
BLACK
6
CONTINUOUS
10
131.168
20
-110.939
11
130.998
21
-110.994
0
LINE
8
BLACK
6
CONTINUOUS
10
130.998
20
-110.994
11
130.821
21
-111.01
0
LINE
8
BLACK
6
CONTINUOUS
10
130.821
20
-111.01
11
130.644
21
-110.986
0
LINE
8
BLACK
6
CONTINUOUS
10
130.644
20
-110.986
11
130.477
21
-110.924
0
LINE
8
BLACK
6
CONTINUOUS
10
130.477
20
-110.924
11
130.328
21
-110.826
0
LINE
8
BLACK
6
CONTINUOUS
10
130.328
20
-110.826
11
130.204
21
-110.698
0
LINE
8
BLACK
6
CONTINUOUS
10
130.204
20
-110.698
11
130.15
21
-110.61
0
LINE
8
BLACK
6
CONTINUOUS
10
130.15
20
-110.61
11
116.11
21
-110.61
0
LINE
8
BLACK
6
CONTINUOUS
10
116.11
20
-110.61
11
116.079
21
-110.605
0
LINE
8
BLACK
6
CONTINUOUS
10
116.079
20
-110.605
11
116.047
21
-110.605
0
LINE
8
BLACK
6
CONTINUOUS
10
116.047
20
-110.605
11
116.017
21
-110.595
0
LINE
8
BLACK
6
CONTINUOUS
10
116.017
20
-110.595
11
115.986
21
-110.59
0
LINE
8
BLACK
6
CONTINUOUS
10
115.986
20
-110.59
11
115.958
21
-110.576
0
LINE
8
BLACK
6
CONTINUOUS
10
115.958
20
-110.576
11
115.928
21
-110.566
0
LINE
8
BLACK
6
CONTINUOUS
10
115.928
20
-110.566
11
115.903
21
-110.548
0
LINE
8
BLACK
6
CONTINUOUS
10
115.903
20
-110.548
11
115.875
21
-110.534
0
LINE
8
BLACK
6
CONTINUOUS
10
115.875
20
-110.534
11
115.853
21
-110.511
0
LINE
8
BLACK
6
CONTINUOUS
10
115.853
20
-110.511
11
115.827
21
-110.493
0
LINE
8
BLACK
6
CONTINUOUS
10
115.827
20
-110.493
11
101.097
21
-95.7628
0
LINE
8
BLACK
6
CONTINUOUS
10
101.097
20
-95.7628
11
101.079
21
-95.7374
0
LINE
8
BLACK
6
CONTINUOUS
10
101.079
20
-95.7374
11
101.056
21
-95.7151
0
LINE
8
BLACK
6
CONTINUOUS
10
101.056
20
-95.7151
11
101.042
21
-95.6871
0
LINE
8
BLACK
6
CONTINUOUS
10
101.042
20
-95.6871
11
101.024
21
-95.6616
0
LINE
8
BLACK
6
CONTINUOUS
10
101.024
20
-95.6616
11
101.014
21
-95.6317
0
LINE
8
BLACK
6
CONTINUOUS
10
101.014
20
-95.6317
11
101
21
-95.6036
0
LINE
8
BLACK
6
CONTINUOUS
10
101
20
-95.6036
11
100.995
21
-95.5725
0
LINE
8
BLACK
6
CONTINUOUS
10
100.995
20
-95.5725
11
100.985
21
-95.5426
0
LINE
8
BLACK
6
CONTINUOUS
10
100.985
20
-95.5426
11
100.985
21
-95.5111
0
LINE
8
BLACK
6
CONTINUOUS
10
100.985
20
-95.5111
11
100.98
21
-95.48
0
LINE
8
BLACK
6
CONTINUOUS
10
100.98
20
-95.48
11
100.98
21
-84.0473
0
LINE
8
BLACK
6
CONTINUOUS
10
100.98
20
-84.0473
11
100.955
21
-84.0361
0
LINE
8
BLACK
6
CONTINUOUS
10
100.955
20
-84.0361
11
100.811
21
-83.9317
0
LINE
8
BLACK
6
CONTINUOUS
10
100.811
20
-83.9317
11
100.692
21
-83.7996
0
LINE
8
BLACK
6
CONTINUOUS
10
100.692
20
-83.7996
11
100.603
21
-83.6457
0
LINE
8
BLACK
6
CONTINUOUS
10
100.603
20
-83.6457
11
100.549
21
-83.4767
0
LINE
8
BLACK
6
CONTINUOUS
10
100.549
20
-83.4767
11
100.53
21
-83.3
0
LINE
8
BLACK
6
CONTINUOUS
10
100.53
20
-83.3
11
100.549
21
-83.1233
0
LINE
8
BLACK
6
CONTINUOUS
10
100.549
20
-83.1233
11
100.603
21
-82.9543
0
LINE
8
BLACK
6
CONTINUOUS
10
100.603
20
-82.9543
11
100.692
21
-82.8004
0
LINE
8
BLACK
6
CONTINUOUS
10
100.692
20
-82.8004
11
100.811
21
-82.6683
0
LINE
8
BLACK
6
CONTINUOUS
10
100.811
20
-82.6683
11
100.955
21
-82.5639
0
LINE
8
BLACK
6
CONTINUOUS
10
100.955
20
-82.5639
11
101.117
21
-82.4916
0
LINE
8
BLACK
6
CONTINUOUS
10
101.117
20
-82.4916
11
101.291
21
-82.4547
0
LINE
8
BLACK
6
CONTINUOUS
10
101.291
20
-82.4547
11
101.469
21
-82.4547
0
LINE
8
BLACK
6
CONTINUOUS
10
101.469
20
-82.4547
11
101.643
21
-82.4916
0
LINE
8
BLACK
6
CONTINUOUS
10
158.028
20
-107.454
11
158.07
21
-107.474
0
LINE
8
BLACK
6
CONTINUOUS
10
158.07
20
-107.474
11
158.112
21
-107.454
0
LINE
8
BLACK
6
CONTINUOUS
10
158.112
20
-107.454
11
158.221
21
-107.438
0
LINE
8
BLACK
6
CONTINUOUS
10
158.221
20
-107.438
11
160.459
21
-107.438
0
LINE
8
BLACK
6
CONTINUOUS
10
160.459
20
-107.438
11
160.568
21
-107.454
0
LINE
8
BLACK
6
CONTINUOUS
10
160.568
20
-107.454
11
160.68
21
-107.509
0
LINE
8
BLACK
6
CONTINUOUS
10
160.68
20
-107.509
11
160.769
21
-107.597
0
LINE
8
BLACK
6
CONTINUOUS
10
160.769
20
-107.597
11
160.824
21
-107.71
0
LINE
8
BLACK
6
CONTINUOUS
10
160.824
20
-107.71
11
160.84
21
-107.819
0
LINE
8
BLACK
6
CONTINUOUS
10
160.84
20
-107.819
11
160.84
21
-108.581
0
LINE
8
BLACK
6
CONTINUOUS
10
160.84
20
-108.581
11
160.824
21
-108.69
0
LINE
8
BLACK
6
CONTINUOUS
10
160.824
20
-108.69
11
160.769
21
-108.802
0
LINE
8
BLACK
6
CONTINUOUS
10
160.769
20
-108.802
11
160.681
21
-108.891
0
LINE
8
BLACK
6
CONTINUOUS
10
160.681
20
-108.891
11
160.568
21
-108.946
0
LINE
8
BLACK
6
CONTINUOUS
10
160.568
20
-108.946
11
160.459
21
-108.962
0
LINE
8
BLACK
6
CONTINUOUS
10
160.459
20
-108.962
11
158.221
21
-108.962
0
LINE
8
BLACK
6
CONTINUOUS
10
158.221
20
-108.962
11
158.112
21
-108.946
0
LINE
8
BLACK
6
CONTINUOUS
10
158.112
20
-108.946
11
158.07
21
-108.926
0
LINE
8
BLACK
6
CONTINUOUS
10
158.07
20
-108.926
11
158.028
21
-108.946
0
LINE
8
BLACK
6
CONTINUOUS
10
158.028
20
-108.946
11
157.919
21
-108.962
0
LINE
8
BLACK
6
CONTINUOUS
10
157.919
20
-108.962
11
155.681
21
-108.962
0
LINE
8
BLACK
6
CONTINUOUS
10
155.681
20
-108.962
11
155.572
21
-108.946
0
LINE
8
BLACK
6
CONTINUOUS
10
155.572
20
-108.946
11
155.46
21
-108.891
0
LINE
8
BLACK
6
CONTINUOUS
10
155.46
20
-108.891
11
155.371
21
-108.803
0
LINE
8
BLACK
6
CONTINUOUS
10
155.371
20
-108.803
11
155.316
21
-108.69
0
LINE
8
BLACK
6
CONTINUOUS
10
155.316
20
-108.69
11
155.3
21
-108.581
0
LINE
8
BLACK
6
CONTINUOUS
10
155.3
20
-108.581
11
155.3
21
-107.819
0
LINE
8
BLACK
6
CONTINUOUS
10
155.3
20
-107.819
11
155.316
21
-107.71
0
LINE
8
BLACK
6
CONTINUOUS
10
155.316
20
-107.71
11
155.371
21
-107.598
0
LINE
8
BLACK
6
CONTINUOUS
10
155.371
20
-107.598
11
155.459
21
-107.509
0
LINE
8
BLACK
6
CONTINUOUS
10
155.459
20
-107.509
11
155.572
21
-107.454
0
LINE
8
BLACK
6
CONTINUOUS
10
155.572
20
-107.454
11
155.681
21
-107.438
0
LINE
8
BLACK
6
CONTINUOUS
10
155.681
20
-107.438
11
157.919
21
-107.438
0
LINE
8
BLACK
6
CONTINUOUS
10
157.919
20
-107.438
11
158.028
21
-107.454
0
LINE
8
BLACK
6
CONTINUOUS
10
183.428
20
-107.454
11
183.54
21
-107.509
0
LINE
8
BLACK
6
CONTINUOUS
10
183.54
20
-107.509
11
183.629
21
-107.597
0
LINE
8
BLACK
6
CONTINUOUS
10
183.629
20
-107.597
11
183.684
21
-107.71
0
LINE
8
BLACK
6
CONTINUOUS
10
183.684
20
-107.71
11
183.7
21
-107.819
0
LINE
8
BLACK
6
CONTINUOUS
10
183.7
20
-107.819
11
183.7
21
-108.581
0
LINE
8
BLACK
6
CONTINUOUS
10
183.7
20
-108.581
11
183.684
21
-108.69
0
LINE
8
BLACK
6
CONTINUOUS
10
183.684
20
-108.69
11
183.629
21
-108.802
0
LINE
8
BLACK
6
CONTINUOUS
10
183.629
20
-108.802
11
183.541
21
-108.891
0
LINE
8
BLACK
6
CONTINUOUS
10
183.541
20
-108.891
11
183.428
21
-108.946
0
LINE
8
BLACK
6
CONTINUOUS
10
183.428
20
-108.946
11
183.319
21
-108.962
0
LINE
8
BLACK
6
CONTINUOUS
10
183.319
20
-108.962
11
181.081
21
-108.962
0
LINE
8
BLACK
6
CONTINUOUS
10
181.081
20
-108.962
11
180.972
21
-108.946
0
LINE
8
BLACK
6
CONTINUOUS
10
180.972
20
-108.946
11
180.86
21
-108.891
0
LINE
8
BLACK
6
CONTINUOUS
10
180.86
20
-108.891
11
180.771
21
-108.803
0
LINE
8
BLACK
6
CONTINUOUS
10
180.771
20
-108.803
11
180.716
21
-108.69
0
LINE
8
BLACK
6
CONTINUOUS
10
180.716
20
-108.69
11
180.7
21
-108.581
0
LINE
8
BLACK
6
CONTINUOUS
10
180.7
20
-108.581
11
180.7
21
-107.819
0
LINE
8
BLACK
6
CONTINUOUS
10
180.7
20
-107.819
11
180.716
21
-107.71
0
LINE
8
BLACK
6
CONTINUOUS
10
180.716
20
-107.71
11
180.771
21
-107.598
0
LINE
8
BLACK
6
CONTINUOUS
10
180.771
20
-107.598
11
180.859
21
-107.509
0
LINE
8
BLACK
6
CONTINUOUS
10
180.859
20
-107.509
11
180.972
21
-107.454
0
LINE
8
BLACK
6
CONTINUOUS
10
180.972
20
-107.454
11
181.081
21
-107.438
0
LINE
8
BLACK
6
CONTINUOUS
10
181.081
20
-107.438
11
183.319
21
-107.438
0
LINE
8
BLACK
6
CONTINUOUS
10
183.319
20
-107.438
11
183.428
21
-107.454
0
LINE
8
BLACK
6
CONTINUOUS
10
140.378
20
-104.624
11
140.505
21
-104.5
0
LINE
8
BLACK
6
CONTINUOUS
10
140.505
20
-104.5
11
140.657
21
-104.406
0
LINE
8
BLACK
6
CONTINUOUS
10
140.657
20
-104.406
11
140.826
21
-104.349
0
LINE
8
BLACK
6
CONTINUOUS
10
140.826
20
-104.349
11
141.003
21
-104.33
0
LINE
8
BLACK
6
CONTINUOUS
10
141.003
20
-104.33
11
141.18
21
-104.351
0
LINE
8
BLACK
6
CONTINUOUS
10
141.18
20
-104.351
11
141.348
21
-104.411
0
LINE
8
BLACK
6
CONTINUOUS
10
141.348
20
-104.411
11
141.499
21
-104.507
0
LINE
8
BLACK
6
CONTINUOUS
10
141.499
20
-104.507
11
141.624
21
-104.633
0
LINE
8
BLACK
6
CONTINUOUS
10
141.624
20
-104.633
11
141.685
21
-104.73
0
LINE
8
BLACK
6
CONTINUOUS
10
141.685
20
-104.73
11
142.025
21
-104.73
0
LINE
8
BLACK
6
CONTINUOUS
10
142.025
20
-104.73
11
142.027
21
-104.719
0
LINE
8
BLACK
6
CONTINUOUS
10
142.027
20
-104.719
11
142.092
21
-104.482
0
LINE
8
BLACK
6
CONTINUOUS
10
142.092
20
-104.482
11
142.196
21
-104.259
0
LINE
8
BLACK
6
CONTINUOUS
10
142.196
20
-104.259
11
142.334
21
-104.056
0
LINE
8
BLACK
6
CONTINUOUS
10
142.334
20
-104.056
11
142.504
21
-103.878
0
LINE
8
BLACK
6
CONTINUOUS
10
142.504
20
-103.878
11
142.701
21
-103.731
0
LINE
8
BLACK
6
CONTINUOUS
10
142.701
20
-103.731
11
142.919
21
-103.617
0
LINE
8
BLACK
6
CONTINUOUS
10
142.919
20
-103.617
11
143.152
21
-103.541
0
LINE
8
BLACK
6
CONTINUOUS
10
143.152
20
-103.541
11
143.395
21
-103.504
0
LINE
8
BLACK
6
CONTINUOUS
10
143.395
20
-103.504
11
143.641
21
-103.507
0
LINE
8
BLACK
6
CONTINUOUS
10
143.641
20
-103.507
11
143.883
21
-103.55
0
LINE
8
BLACK
6
CONTINUOUS
10
143.883
20
-103.55
11
144.115
21
-103.632
0
LINE
8
BLACK
6
CONTINUOUS
10
144.115
20
-103.632
11
144.33
21
-103.751
0
LINE
8
BLACK
6
CONTINUOUS
10
144.33
20
-103.751
11
144.523
21
-103.903
0
LINE
8
BLACK
6
CONTINUOUS
10
144.523
20
-103.903
11
144.688
21
-104.085
0
LINE
8
BLACK
6
CONTINUOUS
10
144.688
20
-104.085
11
144.822
21
-104.291
0
LINE
8
BLACK
6
CONTINUOUS
10
144.822
20
-104.291
11
144.92
21
-104.517
0
LINE
8
BLACK
6
CONTINUOUS
10
144.92
20
-104.517
11
144.98
21
-104.755
0
LINE
8
BLACK
6
CONTINUOUS
10
144.98
20
-104.755
11
145
21
-105
0
LINE
8
BLACK
6
CONTINUOUS
10
145
20
-105
11
144.998
21
-105.073
0
LINE
8
BLACK
6
CONTINUOUS
10
144.998
20
-105.073
11
144.966
21
-105.317
0
LINE
8
BLACK
6
CONTINUOUS
10
144.966
20
-105.317
11
144.895
21
-105.552
0
LINE
8
BLACK
6
CONTINUOUS
10
144.895
20
-105.552
11
144.786
21
-105.773
0
LINE
8
BLACK
6
CONTINUOUS
10
144.786
20
-105.773
11
144.642
21
-105.972
0
LINE
8
BLACK
6
CONTINUOUS
10
144.642
20
-105.972
11
144.468
21
-106.146
0
LINE
8
BLACK
6
CONTINUOUS
10
144.468
20
-106.146
11
144.268
21
-106.288
0
LINE
8
BLACK
6
CONTINUOUS
10
144.268
20
-106.288
11
144.047
21
-106.397
0
LINE
8
BLACK
6
CONTINUOUS
10
144.047
20
-106.397
11
143.812
21
-106.467
0
LINE
8
BLACK
6
CONTINUOUS
10
143.812
20
-106.467
11
143.568
21
-106.498
0
LINE
8
BLACK
6
CONTINUOUS
10
143.568
20
-106.498
11
143.322
21
-106.489
0
LINE
8
BLACK
6
CONTINUOUS
10
143.322
20
-106.489
11
143.082
21
-106.44
0
LINE
8
BLACK
6
CONTINUOUS
10
143.082
20
-106.44
11
142.852
21
-106.353
0
LINE
8
BLACK
6
CONTINUOUS
10
142.852
20
-106.353
11
142.64
21
-106.229
0
LINE
8
BLACK
6
CONTINUOUS
10
142.64
20
-106.229
11
142.451
21
-106.072
0
LINE
8
BLACK
6
CONTINUOUS
10
142.451
20
-106.072
11
142.29
21
-105.886
0
LINE
8
BLACK
6
CONTINUOUS
10
142.29
20
-105.886
11
142.161
21
-105.676
0
LINE
8
BLACK
6
CONTINUOUS
10
142.161
20
-105.676
11
142.102
21
-105.53
0
LINE
8
BLACK
6
CONTINUOUS
10
142.102
20
-105.53
11
141.686
21
-105.53
0
LINE
8
BLACK
6
CONTINUOUS
10
141.686
20
-105.53
11
141.61
21
-105.644
0
LINE
8
BLACK
6
CONTINUOUS
10
141.61
20
-105.644
11
141.481
21
-105.767
0
LINE
8
BLACK
6
CONTINUOUS
10
141.481
20
-105.767
11
141.328
21
-105.859
0
LINE
8
BLACK
6
CONTINUOUS
10
141.328
20
-105.859
11
141.158
21
-105.914
0
LINE
8
BLACK
6
CONTINUOUS
10
141.158
20
-105.914
11
140.981
21
-105.93
0
LINE
8
BLACK
6
CONTINUOUS
10
140.981
20
-105.93
11
140.804
21
-105.906
0
LINE
8
BLACK
6
CONTINUOUS
10
140.804
20
-105.906
11
140.637
21
-105.844
0
LINE
8
BLACK
6
CONTINUOUS
10
140.637
20
-105.844
11
140.488
21
-105.746
0
LINE
8
BLACK
6
CONTINUOUS
10
140.488
20
-105.746
11
140.364
21
-105.618
0
LINE
8
BLACK
6
CONTINUOUS
10
140.364
20
-105.618
11
140.31
21
-105.53
0
LINE
8
BLACK
6
CONTINUOUS
10
140.31
20
-105.53
11
131.526
21
-105.53
0
LINE
8
BLACK
6
CONTINUOUS
10
131.526
20
-105.53
11
131.45
21
-105.644
0
LINE
8
BLACK
6
CONTINUOUS
10
131.45
20
-105.644
11
131.321
21
-105.767
0
LINE
8
BLACK
6
CONTINUOUS
10
131.321
20
-105.767
11
131.168
21
-105.859
0
LINE
8
BLACK
6
CONTINUOUS
10
131.168
20
-105.859
11
130.998
21
-105.914
0
LINE
8
BLACK
6
CONTINUOUS
10
130.998
20
-105.914
11
130.821
21
-105.93
0
LINE
8
BLACK
6
CONTINUOUS
10
130.821
20
-105.93
11
130.644
21
-105.906
0
LINE
8
BLACK
6
CONTINUOUS
10
130.644
20
-105.906
11
130.477
21
-105.844
0
LINE
8
BLACK
6
CONTINUOUS
10
130.477
20
-105.844
11
130.328
21
-105.746
0
LINE
8
BLACK
6
CONTINUOUS
10
130.328
20
-105.746
11
130.204
21
-105.618
0
LINE
8
BLACK
6
CONTINUOUS
10
130.204
20
-105.618
11
130.15
21
-105.53
0
LINE
8
BLACK
6
CONTINUOUS
10
130.15
20
-105.53
11
114.33
21
-105.53
0
LINE
8
BLACK
6
CONTINUOUS
10
114.33
20
-105.53
11
114.299
21
-105.525
0
LINE
8
BLACK
6
CONTINUOUS
10
114.299
20
-105.525
11
114.267
21
-105.525
0
LINE
8
BLACK
6
CONTINUOUS
10
114.267
20
-105.525
11
114.237
21
-105.515
0
LINE
8
BLACK
6
CONTINUOUS
10
114.237
20
-105.515
11
114.206
21
-105.51
0
LINE
8
BLACK
6
CONTINUOUS
10
114.206
20
-105.51
11
114.178
21
-105.496
0
LINE
8
BLACK
6
CONTINUOUS
10
114.178
20
-105.496
11
114.148
21
-105.486
0
LINE
8
BLACK
6
CONTINUOUS
10
114.148
20
-105.486
11
114.123
21
-105.468
0
LINE
8
BLACK
6
CONTINUOUS
10
114.123
20
-105.468
11
114.095
21
-105.454
0
LINE
8
BLACK
6
CONTINUOUS
10
114.095
20
-105.454
11
114.073
21
-105.431
0
LINE
8
BLACK
6
CONTINUOUS
10
114.073
20
-105.431
11
114.047
21
-105.413
0
LINE
8
BLACK
6
CONTINUOUS
10
114.047
20
-105.413
11
103.637
21
-95.0028
0
LINE
8
BLACK
6
CONTINUOUS
10
103.637
20
-95.0028
11
103.619
21
-94.9774
0
LINE
8
BLACK
6
CONTINUOUS
10
103.619
20
-94.9774
11
103.596
21
-94.9551
0
LINE
8
BLACK
6
CONTINUOUS
10
103.596
20
-94.9551
11
103.582
21
-94.9271
0
LINE
8
BLACK
6
CONTINUOUS
10
103.582
20
-94.9271
11
103.564
21
-94.9016
0
LINE
8
BLACK
6
CONTINUOUS
10
103.564
20
-94.9016
11
103.554
21
-94.8717
0
LINE
8
BLACK
6
CONTINUOUS
10
103.554
20
-94.8717
11
103.54
21
-94.8436
0
LINE
8
BLACK
6
CONTINUOUS
10
103.54
20
-94.8436
11
103.535
21
-94.8125
0
LINE
8
BLACK
6
CONTINUOUS
10
103.535
20
-94.8125
11
103.525
21
-94.7826
0
LINE
8
BLACK
6
CONTINUOUS
10
103.525
20
-94.7826
11
103.525
21
-94.7511
0
LINE
8
BLACK
6
CONTINUOUS
10
103.525
20
-94.7511
11
103.52
21
-94.72
0
LINE
8
BLACK
6
CONTINUOUS
10
103.52
20
-94.72
11
103.52
21
-84.0473
0
LINE
8
BLACK
6
CONTINUOUS
10
103.52
20
-84.0473
11
103.495
21
-84.0361
0
LINE
8
BLACK
6
CONTINUOUS
10
103.495
20
-84.0361
11
103.351
21
-83.9317
0
LINE
8
BLACK
6
CONTINUOUS
10
103.351
20
-83.9317
11
103.232
21
-83.7996
0
LINE
8
BLACK
6
CONTINUOUS
10
103.232
20
-83.7996
11
103.143
21
-83.6457
0
LINE
8
BLACK
6
CONTINUOUS
10
103.143
20
-83.6457
11
103.089
21
-83.4767
0
LINE
8
BLACK
6
CONTINUOUS
10
103.089
20
-83.4767
11
103.07
21
-83.3
0
LINE
8
BLACK
6
CONTINUOUS
10
103.07
20
-83.3
11
103.089
21
-83.1233
0
LINE
8
BLACK
6
CONTINUOUS
10
103.089
20
-83.1233
11
103.143
21
-82.9543
0
LINE
8
BLACK
6
CONTINUOUS
10
103.143
20
-82.9543
11
103.232
21
-82.8004
0
LINE
8
BLACK
6
CONTINUOUS
10
103.232
20
-82.8004
11
103.351
21
-82.6683
0
LINE
8
BLACK
6
CONTINUOUS
10
103.351
20
-82.6683
11
103.495
21
-82.5639
0
LINE
8
BLACK
6
CONTINUOUS
10
103.495
20
-82.5639
11
103.657
21
-82.4916
0
LINE
8
BLACK
6
CONTINUOUS
10
103.657
20
-82.4916
11
103.831
21
-82.4547
0
LINE
8
BLACK
6
CONTINUOUS
10
103.831
20
-82.4547
11
104.009
21
-82.4547
0
LINE
8
BLACK
6
CONTINUOUS
10
104.009
20
-82.4547
11
104.183
21
-82.4916
0
LINE
8
BLACK
6
CONTINUOUS
10
104.183
20
-82.4916
11
104.345
21
-82.5639
0
LINE
8
BLACK
6
CONTINUOUS
10
104.345
20
-82.5639
11
104.489
21
-82.6683
0
LINE
8
BLACK
6
CONTINUOUS
10
104.489
20
-82.6683
11
104.608
21
-82.8004
0
LINE
8
BLACK
6
CONTINUOUS
10
104.608
20
-82.8004
11
104.697
21
-82.9543
0
LINE
8
BLACK
6
CONTINUOUS
10
104.697
20
-82.9543
11
104.751
21
-83.1233
0
LINE
8
BLACK
6
CONTINUOUS
10
104.751
20
-83.1233
11
104.77
21
-83.3
0
LINE
8
BLACK
6
CONTINUOUS
10
104.77
20
-83.3
11
104.751
21
-83.4767
0
LINE
8
BLACK
6
CONTINUOUS
10
104.751
20
-83.4767
11
104.73
21
-83.5439
0
LINE
8
BLACK
6
CONTINUOUS
10
104.73
20
-83.5439
11
106.686
21
-85.5
0
LINE
8
BLACK
6
CONTINUOUS
10
106.686
20
-85.5
11
117.734
21
-85.5
0
LINE
8
BLACK
6
CONTINUOUS
10
117.734
20
-85.5
11
121.3
21
-81.9343
0
LINE
8
BLACK
6
CONTINUOUS
10
121.3
20
-81.9343
11
121.3
21
-76.1
0
LINE
8
BLACK
6
CONTINUOUS
10
121.3
20
-76.1
11
121.305
21
-76.0689
0
LINE
8
BLACK
6
CONTINUOUS
10
121.305
20
-76.0689
11
121.305
21
-76.0374
0
LINE
8
BLACK
6
CONTINUOUS
10
121.305
20
-76.0374
11
121.315
21
-76.0075
0
LINE
8
BLACK
6
CONTINUOUS
10
121.315
20
-76.0075
11
121.32
21
-75.9764
0
LINE
8
BLACK
6
CONTINUOUS
10
121.32
20
-75.9764
11
121.334
21
-75.9483
0
LINE
8
BLACK
6
CONTINUOUS
10
121.334
20
-75.9483
11
121.344
21
-75.9184
0
LINE
8
BLACK
6
CONTINUOUS
10
121.344
20
-75.9184
11
121.362
21
-75.8929
0
LINE
8
BLACK
6
CONTINUOUS
10
121.362
20
-75.8929
11
121.376
21
-75.8649
0
LINE
8
BLACK
6
CONTINUOUS
10
121.376
20
-75.8649
11
121.399
21
-75.8426
0
LINE
8
BLACK
6
CONTINUOUS
10
121.399
20
-75.8426
11
121.417
21
-75.8172
0
LINE
8
BLACK
6
CONTINUOUS
10
121.417
20
-75.8172
11
125.517
21
-71.7172
0
LINE
8
BLACK
6
CONTINUOUS
10
125.517
20
-71.7172
11
125.543
21
-71.6987
0
LINE
8
BLACK
6
CONTINUOUS
10
125.543
20
-71.6987
11
125.565
21
-71.6764
0
LINE
8
BLACK
6
CONTINUOUS
10
125.565
20
-71.6764
11
125.593
21
-71.6621
0
LINE
8
BLACK
6
CONTINUOUS
10
125.593
20
-71.6621
11
125.618
21
-71.6436
0
LINE
8
BLACK
6
CONTINUOUS
10
125.618
20
-71.6436
11
125.648
21
-71.6339
0
LINE
8
BLACK
6
CONTINUOUS
10
125.648
20
-71.6339
11
125.676
21
-71.6196
0
LINE
8
BLACK
6
CONTINUOUS
10
125.676
20
-71.6196
11
125.707
21
-71.6147
0
LINE
8
BLACK
6
CONTINUOUS
10
125.707
20
-71.6147
11
125.737
21
-71.6049
0
LINE
8
BLACK
6
CONTINUOUS
10
125.737
20
-71.6049
11
125.769
21
-71.6049
0
LINE
8
BLACK
6
CONTINUOUS
10
125.769
20
-71.6049
11
125.8
21
-71.6
0
LINE
8
BLACK
6
CONTINUOUS
10
125.8
20
-71.6
11
133.05
21
-71.6
0
LINE
8
BLACK
6
CONTINUOUS
10
133.05
20
-71.6
11
133.05
21
-71.15
0
LINE
8
BLACK
6
CONTINUOUS
10
133.05
20
-71.15
11
134.75
21
-71.15
0
LINE
8
BLACK
6
CONTINUOUS
10
134.75
20
-71.15
11
134.75
21
-72.85
0
LINE
8
BLACK
6
CONTINUOUS
10
134.75
20
-72.85
11
133.05
21
-72.85
0
LINE
8
BLACK
6
CONTINUOUS
10
133.05
20
-72.85
11
133.05
21
-72.4
0
LINE
8
BLACK
6
CONTINUOUS
10
133.05
20
-72.4
11
125.966
21
-72.4
0
LINE
8
BLACK
6
CONTINUOUS
10
125.966
20
-72.4
11
122.1
21
-76.2657
0
LINE
8
BLACK
6
CONTINUOUS
10
122.1
20
-76.2657
11
122.1
21
-82.1
0
LINE
8
BLACK
6
CONTINUOUS
10
122.1
20
-82.1
11
122.095
21
-82.1311
0
LINE
8
BLACK
6
CONTINUOUS
10
122.095
20
-82.1311
11
122.095
21
-82.1626
0
LINE
8
BLACK
6
CONTINUOUS
10
122.095
20
-82.1626
11
122.085
21
-82.1925
0
LINE
8
BLACK
6
CONTINUOUS
10
122.085
20
-82.1925
11
122.08
21
-82.2236
0
LINE
8
BLACK
6
CONTINUOUS
10
122.08
20
-82.2236
11
122.066
21
-82.2517
0
LINE
8
BLACK
6
CONTINUOUS
10
122.066
20
-82.2517
11
122.056
21
-82.2816
0
LINE
8
BLACK
6
CONTINUOUS
10
122.056
20
-82.2816
11
122.038
21
-82.3071
0
LINE
8
BLACK
6
CONTINUOUS
10
122.038
20
-82.3071
11
122.024
21
-82.3351
0
LINE
8
BLACK
6
CONTINUOUS
10
122.024
20
-82.3351
11
122.001
21
-82.3574
0
LINE
8
BLACK
6
CONTINUOUS
10
122.001
20
-82.3574
11
121.983
21
-82.3828
0
LINE
8
BLACK
6
CONTINUOUS
10
121.983
20
-82.3828
11
118.183
21
-86.1828
0
LINE
8
BLACK
6
CONTINUOUS
10
118.183
20
-86.1828
11
118.157
21
-86.2013
0
LINE
8
BLACK
6
CONTINUOUS
10
118.157
20
-86.2013
11
118.135
21
-86.2236
0
LINE
8
BLACK
6
CONTINUOUS
10
118.135
20
-86.2236
11
118.107
21
-86.2379
0
LINE
8
BLACK
6
CONTINUOUS
10
118.107
20
-86.2379
11
118.082
21
-86.2564
0
LINE
8
BLACK
6
CONTINUOUS
10
118.082
20
-86.2564
11
118.052
21
-86.2661
0
LINE
8
BLACK
6
CONTINUOUS
10
118.052
20
-86.2661
11
118.024
21
-86.2804
0
LINE
8
BLACK
6
CONTINUOUS
10
118.024
20
-86.2804
11
117.993
21
-86.2853
0
LINE
8
BLACK
6
CONTINUOUS
10
117.993
20
-86.2853
11
117.963
21
-86.2951
0
LINE
8
BLACK
6
CONTINUOUS
10
117.963
20
-86.2951
11
117.931
21
-86.2951
0
LINE
8
BLACK
6
CONTINUOUS
10
117.931
20
-86.2951
11
117.9
21
-86.3
0
LINE
8
BLACK
6
CONTINUOUS
10
117.9
20
-86.3
11
106.52
21
-86.3
0
LINE
8
BLACK
6
CONTINUOUS
10
106.52
20
-86.3
11
106.489
21
-86.2951
0
LINE
8
BLACK
6
CONTINUOUS
10
106.489
20
-86.2951
11
106.457
21
-86.2951
0
LINE
8
BLACK
6
CONTINUOUS
10
106.457
20
-86.2951
11
106.427
21
-86.2853
0
LINE
8
BLACK
6
CONTINUOUS
10
106.427
20
-86.2853
11
106.396
21
-86.2804
0
LINE
8
BLACK
6
CONTINUOUS
10
106.396
20
-86.2804
11
106.368
21
-86.2661
0
LINE
8
BLACK
6
CONTINUOUS
10
106.368
20
-86.2661
11
106.338
21
-86.2564
0
LINE
8
BLACK
6
CONTINUOUS
10
106.338
20
-86.2564
11
106.313
21
-86.2379
0
LINE
8
BLACK
6
CONTINUOUS
10
106.313
20
-86.2379
11
106.285
21
-86.2236
0
LINE
8
BLACK
6
CONTINUOUS
10
106.285
20
-86.2236
11
106.263
21
-86.2013
0
LINE
8
BLACK
6
CONTINUOUS
10
106.263
20
-86.2013
11
106.237
21
-86.1828
0
LINE
8
BLACK
6
CONTINUOUS
10
106.237
20
-86.1828
11
104.32
21
-84.2657
0
LINE
8
BLACK
6
CONTINUOUS
10
104.32
20
-84.2657
11
104.32
21
-94.5543
0
LINE
8
BLACK
6
CONTINUOUS
10
104.32
20
-94.5543
11
114.496
21
-104.73
0
LINE
8
BLACK
6
CONTINUOUS
10
114.496
20
-104.73
11
130.149
21
-104.73
0
LINE
8
BLACK
6
CONTINUOUS
10
130.149
20
-104.73
11
130.218
21
-104.624
0
LINE
8
BLACK
6
CONTINUOUS
10
130.218
20
-104.624
11
130.345
21
-104.5
0
LINE
8
BLACK
6
CONTINUOUS
10
130.345
20
-104.5
11
130.497
21
-104.406
0
LINE
8
BLACK
6
CONTINUOUS
10
130.497
20
-104.406
11
130.666
21
-104.349
0
LINE
8
BLACK
6
CONTINUOUS
10
130.666
20
-104.349
11
130.843
21
-104.33
0
LINE
8
BLACK
6
CONTINUOUS
10
130.843
20
-104.33
11
131.02
21
-104.351
0
LINE
8
BLACK
6
CONTINUOUS
10
131.02
20
-104.351
11
131.188
21
-104.411
0
LINE
8
BLACK
6
CONTINUOUS
10
131.188
20
-104.411
11
131.339
21
-104.507
0
LINE
8
BLACK
6
CONTINUOUS
10
131.339
20
-104.507
11
131.464
21
-104.633
0
LINE
8
BLACK
6
CONTINUOUS
10
131.464
20
-104.633
11
131.525
21
-104.73
0
LINE
8
BLACK
6
CONTINUOUS
10
131.525
20
-104.73
11
140.309
21
-104.73
0
LINE
8
BLACK
6
CONTINUOUS
10
140.309
20
-104.73
11
140.378
21
-104.624
0
LINE
8
BLACK
6
CONTINUOUS
10
183.428
20
-104.914
11
183.54
21
-104.969
0
LINE
8
BLACK
6
CONTINUOUS
10
183.54
20
-104.969
11
183.629
21
-105.057
0
LINE
8
BLACK
6
CONTINUOUS
10
183.629
20
-105.057
11
183.684
21
-105.17
0
LINE
8
BLACK
6
CONTINUOUS
10
183.684
20
-105.17
11
183.7
21
-105.279
0
LINE
8
BLACK
6
CONTINUOUS
10
183.7
20
-105.279
11
183.7
21
-106.041
0
LINE
8
BLACK
6
CONTINUOUS
10
183.7
20
-106.041
11
183.684
21
-106.15
0
LINE
8
BLACK
6
CONTINUOUS
10
183.684
20
-106.15
11
183.629
21
-106.262
0
LINE
8
BLACK
6
CONTINUOUS
10
183.629
20
-106.262
11
183.541
21
-106.351
0
LINE
8
BLACK
6
CONTINUOUS
10
183.541
20
-106.351
11
183.428
21
-106.406
0
LINE
8
BLACK
6
CONTINUOUS
10
183.428
20
-106.406
11
183.319
21
-106.422
0
LINE
8
BLACK
6
CONTINUOUS
10
183.319
20
-106.422
11
181.081
21
-106.422
0
LINE
8
BLACK
6
CONTINUOUS
10
181.081
20
-106.422
11
180.972
21
-106.406
0
LINE
8
BLACK
6
CONTINUOUS
10
180.972
20
-106.406
11
180.86
21
-106.351
0
LINE
8
BLACK
6
CONTINUOUS
10
180.86
20
-106.351
11
180.771
21
-106.263
0
LINE
8
BLACK
6
CONTINUOUS
10
180.771
20
-106.263
11
180.716
21
-106.15
0
LINE
8
BLACK
6
CONTINUOUS
10
180.716
20
-106.15
11
180.7
21
-106.041
0
LINE
8
BLACK
6
CONTINUOUS
10
180.7
20
-106.041
11
180.7
21
-105.279
0
LINE
8
BLACK
6
CONTINUOUS
10
180.7
20
-105.279
11
180.716
21
-105.17
0
LINE
8
BLACK
6
CONTINUOUS
10
180.716
20
-105.17
11
180.771
21
-105.058
0
LINE
8
BLACK
6
CONTINUOUS
10
180.771
20
-105.058
11
180.859
21
-104.969
0
LINE
8
BLACK
6
CONTINUOUS
10
180.859
20
-104.969
11
180.972
21
-104.914
0
LINE
8
BLACK
6
CONTINUOUS
10
180.972
20
-104.914
11
181.081
21
-104.898
0
LINE
8
BLACK
6
CONTINUOUS
10
181.081
20
-104.898
11
183.319
21
-104.898
0
LINE
8
BLACK
6
CONTINUOUS
10
183.319
20
-104.898
11
183.428
21
-104.914
0
LINE
8
BLACK
6
CONTINUOUS
10
166.241
20
-96.4067
11
166.483
21
-96.4498
0
LINE
8
BLACK
6
CONTINUOUS
10
166.483
20
-96.4498
11
166.715
21
-96.5318
0
LINE
8
BLACK
6
CONTINUOUS
10
166.715
20
-96.5318
11
166.93
21
-96.6506
0
LINE
8
BLACK
6
CONTINUOUS
10
166.93
20
-96.6506
11
167.123
21
-96.803
0
LINE
8
BLACK
6
CONTINUOUS
10
167.123
20
-96.803
11
167.288
21
-96.9848
0
LINE
8
BLACK
6
CONTINUOUS
10
167.288
20
-96.9848
11
167.422
21
-97.1912
0
LINE
8
BLACK
6
CONTINUOUS
10
167.422
20
-97.1912
11
167.52
21
-97.4166
0
LINE
8
BLACK
6
CONTINUOUS
10
167.52
20
-97.4166
11
167.58
21
-97.655
0
LINE
8
BLACK
6
CONTINUOUS
10
167.58
20
-97.655
11
167.6
21
-97.9
0
LINE
8
BLACK
6
CONTINUOUS
10
167.6
20
-97.9
11
167.598
21
-97.9733
0
LINE
8
BLACK
6
CONTINUOUS
10
167.598
20
-97.9733
11
167.566
21
-98.217
0
LINE
8
BLACK
6
CONTINUOUS
10
167.566
20
-98.217
11
167.495
21
-98.4522
0
LINE
8
BLACK
6
CONTINUOUS
10
167.495
20
-98.4522
11
167.386
21
-98.6726
0
LINE
8
BLACK
6
CONTINUOUS
10
167.386
20
-98.6726
11
167.242
21
-98.8722
0
LINE
8
BLACK
6
CONTINUOUS
10
167.242
20
-98.8722
11
167.068
21
-99.0457
0
LINE
8
BLACK
6
CONTINUOUS
10
167.068
20
-99.0457
11
166.868
21
-99.1884
0
LINE
8
BLACK
6
CONTINUOUS
10
166.868
20
-99.1884
11
166.647
21
-99.2966
0
LINE
8
BLACK
6
CONTINUOUS
10
166.647
20
-99.2966
11
166.412
21
-99.3672
0
LINE
8
BLACK
6
CONTINUOUS
10
166.412
20
-99.3672
11
166.168
21
-99.3985
0
LINE
8
BLACK
6
CONTINUOUS
10
166.168
20
-99.3985
11
165.922
21
-99.3894
0
LINE
8
BLACK
6
CONTINUOUS
10
165.922
20
-99.3894
11
165.682
21
-99.3404
0
LINE
8
BLACK
6
CONTINUOUS
10
165.682
20
-99.3404
11
165.472
21
-99.2605
0
LINE
8
BLACK
6
CONTINUOUS
10
165.472
20
-99.2605
11
161.985
21
-103.378
0
LINE
8
BLACK
6
CONTINUOUS
10
161.985
20
-103.378
11
161.949
21
-103.41
0
LINE
8
BLACK
6
CONTINUOUS
10
161.949
20
-103.41
11
161.915
21
-103.444
0
LINE
8
BLACK
6
CONTINUOUS
10
161.915
20
-103.444
11
161.902
21
-103.45
0
LINE
8
BLACK
6
CONTINUOUS
10
161.902
20
-103.45
11
161.89
21
-103.46
0
LINE
8
BLACK
6
CONTINUOUS
10
161.89
20
-103.46
11
161.846
21
-103.479
0
LINE
8
BLACK
6
CONTINUOUS
10
161.846
20
-103.479
11
161.804
21
-103.5
0
LINE
8
BLACK
6
CONTINUOUS
10
161.804
20
-103.5
11
161.789
21
-103.503
0
LINE
8
BLACK
6
CONTINUOUS
10
161.789
20
-103.503
11
161.775
21
-103.509
0
LINE
8
BLACK
6
CONTINUOUS
10
161.775
20
-103.509
11
161.727
21
-103.513
0
LINE
8
BLACK
6
CONTINUOUS
10
161.727
20
-103.513
11
161.68
21
-103.52
0
LINE
8
BLACK
6
CONTINUOUS
10
161.68
20
-103.52
11
160.837
21
-103.52
0
LINE
8
BLACK
6
CONTINUOUS
10
160.837
20
-103.52
11
160.824
21
-103.61
0
LINE
8
BLACK
6
CONTINUOUS
10
160.824
20
-103.61
11
160.769
21
-103.722
0
LINE
8
BLACK
6
CONTINUOUS
10
160.769
20
-103.722
11
160.681
21
-103.811
0
LINE
8
BLACK
6
CONTINUOUS
10
160.681
20
-103.811
11
160.568
21
-103.866
0
LINE
8
BLACK
6
CONTINUOUS
10
160.568
20
-103.866
11
160.459
21
-103.882
0
LINE
8
BLACK
6
CONTINUOUS
10
160.459
20
-103.882
11
158.221
21
-103.882
0
LINE
8
BLACK
6
CONTINUOUS
10
158.221
20
-103.882
11
158.112
21
-103.866
0
LINE
8
BLACK
6
CONTINUOUS
10
158.112
20
-103.866
11
158.07
21
-103.846
0
LINE
8
BLACK
6
CONTINUOUS
10
158.07
20
-103.846
11
158.028
21
-103.866
0
LINE
8
BLACK
6
CONTINUOUS
10
158.028
20
-103.866
11
157.919
21
-103.882
0
LINE
8
BLACK
6
CONTINUOUS
10
157.919
20
-103.882
11
155.681
21
-103.882
0
LINE
8
BLACK
6
CONTINUOUS
10
155.681
20
-103.882
11
155.572
21
-103.866
0
LINE
8
BLACK
6
CONTINUOUS
10
155.572
20
-103.866
11
155.46
21
-103.811
0
LINE
8
BLACK
6
CONTINUOUS
10
155.46
20
-103.811
11
155.371
21
-103.723
0
LINE
8
BLACK
6
CONTINUOUS
10
155.371
20
-103.723
11
155.316
21
-103.61
0
LINE
8
BLACK
6
CONTINUOUS
10
155.316
20
-103.61
11
155.303
21
-103.52
0
LINE
8
BLACK
6
CONTINUOUS
10
155.303
20
-103.52
11
153.346
21
-103.52
0
LINE
8
BLACK
6
CONTINUOUS
10
153.346
20
-103.52
11
152.903
21
-103.962
0
LINE
8
BLACK
6
CONTINUOUS
10
152.903
20
-103.962
11
152.922
21
-103.991
0
LINE
8
BLACK
6
CONTINUOUS
10
152.922
20
-103.991
11
153.02
21
-104.217
0
LINE
8
BLACK
6
CONTINUOUS
10
153.02
20
-104.217
11
153.08
21
-104.455
0
LINE
8
BLACK
6
CONTINUOUS
10
153.08
20
-104.455
11
153.1
21
-104.7
0
LINE
8
BLACK
6
CONTINUOUS
10
153.1
20
-104.7
11
153.098
21
-104.773
0
LINE
8
BLACK
6
CONTINUOUS
10
153.098
20
-104.773
11
153.066
21
-105.017
0
LINE
8
BLACK
6
CONTINUOUS
10
153.066
20
-105.017
11
152.995
21
-105.252
0
LINE
8
BLACK
6
CONTINUOUS
10
152.995
20
-105.252
11
152.886
21
-105.473
0
LINE
8
BLACK
6
CONTINUOUS
10
152.886
20
-105.473
11
152.742
21
-105.672
0
LINE
8
BLACK
6
CONTINUOUS
10
152.742
20
-105.672
11
152.568
21
-105.846
0
LINE
8
BLACK
6
CONTINUOUS
10
152.568
20
-105.846
11
152.368
21
-105.988
0
LINE
8
BLACK
6
CONTINUOUS
10
152.368
20
-105.988
11
152.147
21
-106.097
0
LINE
8
BLACK
6
CONTINUOUS
10
152.147
20
-106.097
11
151.912
21
-106.167
0
LINE
8
BLACK
6
CONTINUOUS
10
151.912
20
-106.167
11
151.668
21
-106.198
0
LINE
8
BLACK
6
CONTINUOUS
10
151.668
20
-106.198
11
151.422
21
-106.189
0
LINE
8
BLACK
6
CONTINUOUS
10
151.422
20
-106.189
11
151.182
21
-106.14
0
LINE
8
BLACK
6
CONTINUOUS
10
151.182
20
-106.14
11
150.952
21
-106.053
0
LINE
8
BLACK
6
CONTINUOUS
10
150.952
20
-106.053
11
150.74
21
-105.929
0
LINE
8
BLACK
6
CONTINUOUS
10
150.74
20
-105.929
11
150.551
21
-105.772
0
LINE
8
BLACK
6
CONTINUOUS
10
150.551
20
-105.772
11
150.39
21
-105.586
0
LINE
8
BLACK
6
CONTINUOUS
10
150.39
20
-105.586
11
150.261
21
-105.376
0
LINE
8
BLACK
6
CONTINUOUS
10
150.261
20
-105.376
11
150.169
21
-105.149
0
LINE
8
BLACK
6
CONTINUOUS
10
150.169
20
-105.149
11
150.115
21
-104.909
0
LINE
8
BLACK
6
CONTINUOUS
10
150.115
20
-104.909
11
150.1
21
-104.663
0
LINE
8
BLACK
6
CONTINUOUS
10
150.1
20
-104.663
11
150.127
21
-104.419
0
LINE
8
BLACK
6
CONTINUOUS
10
150.127
20
-104.419
11
150.192
21
-104.182
0
LINE
8
BLACK
6
CONTINUOUS
10
150.192
20
-104.182
11
150.296
21
-103.959
0
LINE
8
BLACK
6
CONTINUOUS
10
150.296
20
-103.959
11
150.434
21
-103.756
0
LINE
8
BLACK
6
CONTINUOUS
10
150.434
20
-103.756
11
150.604
21
-103.578
0
LINE
8
BLACK
6
CONTINUOUS
10
150.604
20
-103.578
11
150.801
21
-103.431
0
LINE
8
BLACK
6
CONTINUOUS
10
150.801
20
-103.431
11
151.019
21
-103.317
0
LINE
8
BLACK
6
CONTINUOUS
10
151.019
20
-103.317
11
151.252
21
-103.241
0
LINE
8
BLACK
6
CONTINUOUS
10
151.252
20
-103.241
11
151.495
21
-103.204
0
LINE
8
BLACK
6
CONTINUOUS
10
151.495
20
-103.204
11
151.741
21
-103.207
0
LINE
8
BLACK
6
CONTINUOUS
10
151.741
20
-103.207
11
151.983
21
-103.25
0
LINE
8
BLACK
6
CONTINUOUS
10
151.983
20
-103.25
11
152.215
21
-103.332
0
LINE
8
BLACK
6
CONTINUOUS
10
152.215
20
-103.332
11
152.336
21
-103.399
0
LINE
8
BLACK
6
CONTINUOUS
10
152.336
20
-103.399
11
152.897
21
-102.837
0
LINE
8
BLACK
6
CONTINUOUS
10
152.897
20
-102.837
11
152.923
21
-102.819
0
LINE
8
BLACK
6
CONTINUOUS
10
152.923
20
-102.819
11
152.945
21
-102.796
0
LINE
8
BLACK
6
CONTINUOUS
10
152.945
20
-102.796
11
152.973
21
-102.782
0
LINE
8
BLACK
6
CONTINUOUS
10
152.973
20
-102.782
11
152.998
21
-102.764
0
LINE
8
BLACK
6
CONTINUOUS
10
152.998
20
-102.764
11
153.028
21
-102.754
0
LINE
8
BLACK
6
CONTINUOUS
10
153.028
20
-102.754
11
153.056
21
-102.74
0
LINE
8
BLACK
6
CONTINUOUS
10
153.056
20
-102.74
11
153.087
21
-102.735
0
LINE
8
BLACK
6
CONTINUOUS
10
153.087
20
-102.735
11
153.117
21
-102.725
0
LINE
8
BLACK
6
CONTINUOUS
10
153.117
20
-102.725
11
153.149
21
-102.725
0
LINE
8
BLACK
6
CONTINUOUS
10
153.149
20
-102.725
11
153.18
21
-102.72
0
LINE
8
BLACK
6
CONTINUOUS
10
153.18
20
-102.72
11
155.303
21
-102.72
0
LINE
8
BLACK
6
CONTINUOUS
10
155.303
20
-102.72
11
155.316
21
-102.63
0
LINE
8
BLACK
6
CONTINUOUS
10
155.316
20
-102.63
11
155.371
21
-102.518
0
LINE
8
BLACK
6
CONTINUOUS
10
155.371
20
-102.518
11
155.459
21
-102.429
0
LINE
8
BLACK
6
CONTINUOUS
10
155.459
20
-102.429
11
155.572
21
-102.374
0
LINE
8
BLACK
6
CONTINUOUS
10
155.572
20
-102.374
11
155.681
21
-102.358
0
LINE
8
BLACK
6
CONTINUOUS
10
155.681
20
-102.358
11
157.919
21
-102.358
0
LINE
8
BLACK
6
CONTINUOUS
10
157.919
20
-102.358
11
158.028
21
-102.374
0
LINE
8
BLACK
6
CONTINUOUS
10
158.028
20
-102.374
11
158.07
21
-102.394
0
LINE
8
BLACK
6
CONTINUOUS
10
158.07
20
-102.394
11
158.112
21
-102.374
0
LINE
8
BLACK
6
CONTINUOUS
10
158.112
20
-102.374
11
158.221
21
-102.358
0
LINE
8
BLACK
6
CONTINUOUS
10
158.221
20
-102.358
11
160.459
21
-102.358
0
LINE
8
BLACK
6
CONTINUOUS
10
160.459
20
-102.358
11
160.568
21
-102.374
0
LINE
8
BLACK
6
CONTINUOUS
10
160.568
20
-102.374
11
160.68
21
-102.429
0
LINE
8
BLACK
6
CONTINUOUS
10
160.68
20
-102.429
11
160.769
21
-102.517
0
LINE
8
BLACK
6
CONTINUOUS
10
160.769
20
-102.517
11
160.824
21
-102.63
0
LINE
8
BLACK
6
CONTINUOUS
10
160.824
20
-102.63
11
160.837
21
-102.72
0
LINE
8
BLACK
6
CONTINUOUS
10
160.837
20
-102.72
11
161.495
21
-102.72
0
LINE
8
BLACK
6
CONTINUOUS
10
161.495
20
-102.72
11
164.863
21
-98.7422
0
LINE
8
BLACK
6
CONTINUOUS
10
164.863
20
-98.7422
11
164.761
21
-98.5763
0
LINE
8
BLACK
6
CONTINUOUS
10
164.761
20
-98.5763
11
164.669
21
-98.3486
0
LINE
8
BLACK
6
CONTINUOUS
10
164.669
20
-98.3486
11
164.615
21
-98.1088
0
LINE
8
BLACK
6
CONTINUOUS
10
164.615
20
-98.1088
11
164.6
21
-97.8634
0
LINE
8
BLACK
6
CONTINUOUS
10
164.6
20
-97.8634
11
164.627
21
-97.6189
0
LINE
8
BLACK
6
CONTINUOUS
10
164.627
20
-97.6189
11
164.692
21
-97.3821
0
LINE
8
BLACK
6
CONTINUOUS
10
164.692
20
-97.3821
11
164.796
21
-97.1591
0
LINE
8
BLACK
6
CONTINUOUS
10
164.796
20
-97.1591
11
164.934
21
-96.956
0
LINE
8
BLACK
6
CONTINUOUS
10
164.934
20
-96.956
11
165.104
21
-96.7783
0
LINE
8
BLACK
6
CONTINUOUS
10
165.104
20
-96.7783
11
165.301
21
-96.6307
0
LINE
8
BLACK
6
CONTINUOUS
10
165.301
20
-96.6307
11
165.519
21
-96.5172
0
LINE
8
BLACK
6
CONTINUOUS
10
165.519
20
-96.5172
11
165.752
21
-96.4408
0
LINE
8
BLACK
6
CONTINUOUS
10
165.752
20
-96.4408
11
165.995
21
-96.4037
0
LINE
8
BLACK
6
CONTINUOUS
10
165.995
20
-96.4037
11
166.241
21
-96.4067
0
LINE
8
BLACK
6
CONTINUOUS
10
183.428
20
-102.374
11
183.54
21
-102.429
0
LINE
8
BLACK
6
CONTINUOUS
10
183.54
20
-102.429
11
183.629
21
-102.517
0
LINE
8
BLACK
6
CONTINUOUS
10
183.629
20
-102.517
11
183.684
21
-102.63
0
LINE
8
BLACK
6
CONTINUOUS
10
183.684
20
-102.63
11
183.7
21
-102.739
0
LINE
8
BLACK
6
CONTINUOUS
10
183.7
20
-102.739
11
183.7
21
-103.501
0
LINE
8
BLACK
6
CONTINUOUS
10
183.7
20
-103.501
11
183.684
21
-103.61
0
LINE
8
BLACK
6
CONTINUOUS
10
183.684
20
-103.61
11
183.629
21
-103.722
0
LINE
8
BLACK
6
CONTINUOUS
10
183.629
20
-103.722
11
183.541
21
-103.811
0
LINE
8
BLACK
6
CONTINUOUS
10
183.541
20
-103.811
11
183.428
21
-103.866
0
LINE
8
BLACK
6
CONTINUOUS
10
183.428
20
-103.866
11
183.319
21
-103.882
0
LINE
8
BLACK
6
CONTINUOUS
10
183.319
20
-103.882
11
181.081
21
-103.882
0
LINE
8
BLACK
6
CONTINUOUS
10
181.081
20
-103.882
11
180.972
21
-103.866
0
LINE
8
BLACK
6
CONTINUOUS
10
180.972
20
-103.866
11
180.86
21
-103.811
0
LINE
8
BLACK
6
CONTINUOUS
10
180.86
20
-103.811
11
180.771
21
-103.723
0
LINE
8
BLACK
6
CONTINUOUS
10
180.771
20
-103.723
11
180.716
21
-103.61
0
LINE
8
BLACK
6
CONTINUOUS
10
180.716
20
-103.61
11
180.7
21
-103.501
0
LINE
8
BLACK
6
CONTINUOUS
10
180.7
20
-103.501
11
180.7
21
-102.739
0
LINE
8
BLACK
6
CONTINUOUS
10
180.7
20
-102.739
11
180.716
21
-102.63
0
LINE
8
BLACK
6
CONTINUOUS
10
180.716
20
-102.63
11
180.771
21
-102.518
0
LINE
8
BLACK
6
CONTINUOUS
10
180.771
20
-102.518
11
180.859
21
-102.429
0
LINE
8
BLACK
6
CONTINUOUS
10
180.859
20
-102.429
11
180.972
21
-102.374
0
LINE
8
BLACK
6
CONTINUOUS
10
180.972
20
-102.374
11
181.081
21
-102.358
0
LINE
8
BLACK
6
CONTINUOUS
10
181.081
20
-102.358
11
183.319
21
-102.358
0
LINE
8
BLACK
6
CONTINUOUS
10
183.319
20
-102.358
11
183.428
21
-102.374
0
LINE
8
BLACK
6
CONTINUOUS
10
215.395
20
-102.171
11
215.563
21
-102.231
0
LINE
8
BLACK
6
CONTINUOUS
10
215.563
20
-102.231
11
215.714
21
-102.327
0
LINE
8
BLACK
6
CONTINUOUS
10
215.714
20
-102.327
11
215.839
21
-102.453
0
LINE
8
BLACK
6
CONTINUOUS
10
215.839
20
-102.453
11
215.934
21
-102.604
0
LINE
8
BLACK
6
CONTINUOUS
10
215.934
20
-102.604
11
215.993
21
-102.773
0
LINE
8
BLACK
6
CONTINUOUS
10
215.993
20
-102.773
11
216.012
21
-102.95
0
LINE
8
BLACK
6
CONTINUOUS
10
216.012
20
-102.95
11
216.012
21
-102.972
0
LINE
8
BLACK
6
CONTINUOUS
10
216.012
20
-102.972
11
215.987
21
-103.149
0
LINE
8
BLACK
6
CONTINUOUS
10
215.987
20
-103.149
11
215.924
21
-103.316
0
LINE
8
BLACK
6
CONTINUOUS
10
215.924
20
-103.316
11
215.825
21
-103.464
0
LINE
8
BLACK
6
CONTINUOUS
10
215.825
20
-103.464
11
215.696
21
-103.587
0
LINE
8
BLACK
6
CONTINUOUS
10
215.696
20
-103.587
11
215.543
21
-103.679
0
LINE
8
BLACK
6
CONTINUOUS
10
215.543
20
-103.679
11
215.373
21
-103.734
0
LINE
8
BLACK
6
CONTINUOUS
10
215.373
20
-103.734
11
215.196
21
-103.75
0
LINE
8
BLACK
6
CONTINUOUS
10
215.196
20
-103.75
11
215.019
21
-103.726
0
LINE
8
BLACK
6
CONTINUOUS
10
215.019
20
-103.726
11
214.852
21
-103.664
0
LINE
8
BLACK
6
CONTINUOUS
10
214.852
20
-103.664
11
214.703
21
-103.566
0
LINE
8
BLACK
6
CONTINUOUS
10
214.703
20
-103.566
11
214.579
21
-103.438
0
LINE
8
BLACK
6
CONTINUOUS
10
214.579
20
-103.438
11
214.486
21
-103.286
0
LINE
8
BLACK
6
CONTINUOUS
10
214.486
20
-103.286
11
214.43
21
-103.116
0
LINE
8
BLACK
6
CONTINUOUS
10
214.43
20
-103.116
11
214.413
21
-102.939
0
LINE
8
BLACK
6
CONTINUOUS
10
214.413
20
-102.939
11
214.435
21
-102.762
0
LINE
8
BLACK
6
CONTINUOUS
10
214.435
20
-102.762
11
214.496
21
-102.594
0
LINE
8
BLACK
6
CONTINUOUS
10
214.496
20
-102.594
11
214.593
21
-102.444
0
LINE
8
BLACK
6
CONTINUOUS
10
214.593
20
-102.444
11
214.72
21
-102.32
0
LINE
8
BLACK
6
CONTINUOUS
10
214.72
20
-102.32
11
214.872
21
-102.226
0
LINE
8
BLACK
6
CONTINUOUS
10
214.872
20
-102.226
11
215.041
21
-102.169
0
LINE
8
BLACK
6
CONTINUOUS
10
215.041
20
-102.169
11
215.218
21
-102.15
0
LINE
8
BLACK
6
CONTINUOUS
10
215.218
20
-102.15
11
215.395
21
-102.171
0
LINE
8
BLACK
6
CONTINUOUS
10
213.395
20
-102.171
11
213.563
21
-102.231
0
LINE
8
BLACK
6
CONTINUOUS
10
213.563
20
-102.231
11
213.714
21
-102.327
0
LINE
8
BLACK
6
CONTINUOUS
10
213.714
20
-102.327
11
213.839
21
-102.453
0
LINE
8
BLACK
6
CONTINUOUS
10
213.839
20
-102.453
11
213.934
21
-102.604
0
LINE
8
BLACK
6
CONTINUOUS
10
213.934
20
-102.604
11
213.993
21
-102.773
0
LINE
8
BLACK
6
CONTINUOUS
10
213.993
20
-102.773
11
214.012
21
-102.95
0
LINE
8
BLACK
6
CONTINUOUS
10
214.012
20
-102.95
11
214.012
21
-102.972
0
LINE
8
BLACK
6
CONTINUOUS
10
214.012
20
-102.972
11
213.987
21
-103.149
0
LINE
8
BLACK
6
CONTINUOUS
10
213.987
20
-103.149
11
213.924
21
-103.316
0
LINE
8
BLACK
6
CONTINUOUS
10
213.924
20
-103.316
11
213.825
21
-103.464
0
LINE
8
BLACK
6
CONTINUOUS
10
213.825
20
-103.464
11
213.696
21
-103.587
0
LINE
8
BLACK
6
CONTINUOUS
10
213.696
20
-103.587
11
213.543
21
-103.679
0
LINE
8
BLACK
6
CONTINUOUS
10
213.543
20
-103.679
11
213.373
21
-103.734
0
LINE
8
BLACK
6
CONTINUOUS
10
213.373
20
-103.734
11
213.196
21
-103.75
0
LINE
8
BLACK
6
CONTINUOUS
10
213.196
20
-103.75
11
213.019
21
-103.726
0
LINE
8
BLACK
6
CONTINUOUS
10
213.019
20
-103.726
11
212.852
21
-103.664
0
LINE
8
BLACK
6
CONTINUOUS
10
212.852
20
-103.664
11
212.703
21
-103.566
0
LINE
8
BLACK
6
CONTINUOUS
10
212.703
20
-103.566
11
212.579
21
-103.438
0
LINE
8
BLACK
6
CONTINUOUS
10
212.579
20
-103.438
11
212.486
21
-103.286
0
LINE
8
BLACK
6
CONTINUOUS
10
212.486
20
-103.286
11
212.43
21
-103.116
0
LINE
8
BLACK
6
CONTINUOUS
10
212.43
20
-103.116
11
212.413
21
-102.939
0
LINE
8
BLACK
6
CONTINUOUS
10
212.413
20
-102.939
11
212.435
21
-102.762
0
LINE
8
BLACK
6
CONTINUOUS
10
212.435
20
-102.762
11
212.496
21
-102.594
0
LINE
8
BLACK
6
CONTINUOUS
10
212.496
20
-102.594
11
212.593
21
-102.444
0
LINE
8
BLACK
6
CONTINUOUS
10
212.593
20
-102.444
11
212.72
21
-102.32
0
LINE
8
BLACK
6
CONTINUOUS
10
212.72
20
-102.32
11
212.872
21
-102.226
0
LINE
8
BLACK
6
CONTINUOUS
10
212.872
20
-102.226
11
213.041
21
-102.169
0
LINE
8
BLACK
6
CONTINUOUS
10
213.041
20
-102.169
11
213.218
21
-102.15
0
LINE
8
BLACK
6
CONTINUOUS
10
213.218
20
-102.15
11
213.395
21
-102.171
0
LINE
8
BLACK
6
CONTINUOUS
10
141.18
20
-101.811
11
141.348
21
-101.871
0
LINE
8
BLACK
6
CONTINUOUS
10
141.348
20
-101.871
11
141.499
21
-101.967
0
LINE
8
BLACK
6
CONTINUOUS
10
141.499
20
-101.967
11
141.624
21
-102.093
0
LINE
8
BLACK
6
CONTINUOUS
10
141.624
20
-102.093
11
141.719
21
-102.244
0
LINE
8
BLACK
6
CONTINUOUS
10
141.719
20
-102.244
11
141.778
21
-102.413
0
LINE
8
BLACK
6
CONTINUOUS
10
141.778
20
-102.413
11
141.797
21
-102.59
0
LINE
8
BLACK
6
CONTINUOUS
10
141.797
20
-102.59
11
141.797
21
-102.612
0
LINE
8
BLACK
6
CONTINUOUS
10
141.797
20
-102.612
11
141.772
21
-102.789
0
LINE
8
BLACK
6
CONTINUOUS
10
141.772
20
-102.789
11
141.709
21
-102.956
0
LINE
8
BLACK
6
CONTINUOUS
10
141.709
20
-102.956
11
141.61
21
-103.104
0
LINE
8
BLACK
6
CONTINUOUS
10
141.61
20
-103.104
11
141.481
21
-103.227
0
LINE
8
BLACK
6
CONTINUOUS
10
141.481
20
-103.227
11
141.328
21
-103.319
0
LINE
8
BLACK
6
CONTINUOUS
10
141.328
20
-103.319
11
141.158
21
-103.374
0
LINE
8
BLACK
6
CONTINUOUS
10
141.158
20
-103.374
11
140.981
21
-103.39
0
LINE
8
BLACK
6
CONTINUOUS
10
140.981
20
-103.39
11
140.804
21
-103.366
0
LINE
8
BLACK
6
CONTINUOUS
10
140.804
20
-103.366
11
140.637
21
-103.304
0
LINE
8
BLACK
6
CONTINUOUS
10
140.637
20
-103.304
11
140.488
21
-103.206
0
LINE
8
BLACK
6
CONTINUOUS
10
140.488
20
-103.206
11
140.364
21
-103.078
0
LINE
8
BLACK
6
CONTINUOUS
10
140.364
20
-103.078
11
140.271
21
-102.926
0
LINE
8
BLACK
6
CONTINUOUS
10
140.271
20
-102.926
11
140.215
21
-102.756
0
LINE
8
BLACK
6
CONTINUOUS
10
140.215
20
-102.756
11
140.198
21
-102.579
0
LINE
8
BLACK
6
CONTINUOUS
10
140.198
20
-102.579
11
140.22
21
-102.402
0
LINE
8
BLACK
6
CONTINUOUS
10
140.22
20
-102.402
11
140.281
21
-102.234
0
LINE
8
BLACK
6
CONTINUOUS
10
140.281
20
-102.234
11
140.378
21
-102.084
0
LINE
8
BLACK
6
CONTINUOUS
10
140.378
20
-102.084
11
140.505
21
-101.96
0
LINE
8
BLACK
6
CONTINUOUS
10
140.505
20
-101.96
11
140.657
21
-101.866
0
LINE
8
BLACK
6
CONTINUOUS
10
140.657
20
-101.866
11
140.826
21
-101.809
0
LINE
8
BLACK
6
CONTINUOUS
10
140.826
20
-101.809
11
141.003
21
-101.79
0
LINE
8
BLACK
6
CONTINUOUS
10
141.003
20
-101.79
11
141.18
21
-101.811
0
LINE
8
BLACK
6
CONTINUOUS
10
131.02
20
-101.811
11
131.188
21
-101.871
0
LINE
8
BLACK
6
CONTINUOUS
10
131.188
20
-101.871
11
131.339
21
-101.967
0
LINE
8
BLACK
6
CONTINUOUS
10
131.339
20
-101.967
11
131.464
21
-102.093
0
LINE
8
BLACK
6
CONTINUOUS
10
131.464
20
-102.093
11
131.559
21
-102.244
0
LINE
8
BLACK
6
CONTINUOUS
10
131.559
20
-102.244
11
131.618
21
-102.413
0
LINE
8
BLACK
6
CONTINUOUS
10
131.618
20
-102.413
11
131.637
21
-102.59
0
LINE
8
BLACK
6
CONTINUOUS
10
131.637
20
-102.59
11
131.637
21
-102.612
0
LINE
8
BLACK
6
CONTINUOUS
10
131.637
20
-102.612
11
131.612
21
-102.789
0
LINE
8
BLACK
6
CONTINUOUS
10
131.612
20
-102.789
11
131.549
21
-102.956
0
LINE
8
BLACK
6
CONTINUOUS
10
131.549
20
-102.956
11
131.45
21
-103.104
0
LINE
8
BLACK
6
CONTINUOUS
10
131.45
20
-103.104
11
131.321
21
-103.227
0
LINE
8
BLACK
6
CONTINUOUS
10
131.321
20
-103.227
11
131.168
21
-103.319
0
LINE
8
BLACK
6
CONTINUOUS
10
131.168
20
-103.319
11
130.998
21
-103.374
0
LINE
8
BLACK
6
CONTINUOUS
10
130.998
20
-103.374
11
130.821
21
-103.39
0
LINE
8
BLACK
6
CONTINUOUS
10
130.821
20
-103.39
11
130.644
21
-103.366
0
LINE
8
BLACK
6
CONTINUOUS
10
130.644
20
-103.366
11
130.477
21
-103.304
0
LINE
8
BLACK
6
CONTINUOUS
10
130.477
20
-103.304
11
130.328
21
-103.206
0
LINE
8
BLACK
6
CONTINUOUS
10
130.328
20
-103.206
11
130.204
21
-103.078
0
LINE
8
BLACK
6
CONTINUOUS
10
130.204
20
-103.078
11
130.111
21
-102.926
0
LINE
8
BLACK
6
CONTINUOUS
10
130.111
20
-102.926
11
130.055
21
-102.756
0
LINE
8
BLACK
6
CONTINUOUS
10
130.055
20
-102.756
11
130.038
21
-102.579
0
LINE
8
BLACK
6
CONTINUOUS
10
130.038
20
-102.579
11
130.06
21
-102.402
0
LINE
8
BLACK
6
CONTINUOUS
10
130.06
20
-102.402
11
130.121
21
-102.234
0
LINE
8
BLACK
6
CONTINUOUS
10
130.121
20
-102.234
11
130.218
21
-102.084
0
LINE
8
BLACK
6
CONTINUOUS
10
130.218
20
-102.084
11
130.345
21
-101.96
0
LINE
8
BLACK
6
CONTINUOUS
10
130.345
20
-101.96
11
130.497
21
-101.866
0
LINE
8
BLACK
6
CONTINUOUS
10
130.497
20
-101.866
11
130.666
21
-101.809
0
LINE
8
BLACK
6
CONTINUOUS
10
130.666
20
-101.809
11
130.843
21
-101.79
0
LINE
8
BLACK
6
CONTINUOUS
10
130.843
20
-101.79
11
131.02
21
-101.811
0
LINE
8
BLACK
6
CONTINUOUS
10
183.428
20
-99.8339
11
183.54
21
-99.8888
0
LINE
8
BLACK
6
CONTINUOUS
10
183.54
20
-99.8888
11
183.629
21
-99.9772
0
LINE
8
BLACK
6
CONTINUOUS
10
183.629
20
-99.9772
11
183.684
21
-100.09
0
LINE
8
BLACK
6
CONTINUOUS
10
183.684
20
-100.09
11
183.7
21
-100.199
0
LINE
8
BLACK
6
CONTINUOUS
10
183.7
20
-100.199
11
183.7
21
-100.961
0
LINE
8
BLACK
6
CONTINUOUS
10
183.7
20
-100.961
11
183.684
21
-101.07
0
LINE
8
BLACK
6
CONTINUOUS
10
183.684
20
-101.07
11
183.629
21
-101.182
0
LINE
8
BLACK
6
CONTINUOUS
10
183.629
20
-101.182
11
183.541
21
-101.271
0
LINE
8
BLACK
6
CONTINUOUS
10
183.541
20
-101.271
11
183.428
21
-101.326
0
LINE
8
BLACK
6
CONTINUOUS
10
183.428
20
-101.326
11
183.319
21
-101.342
0
LINE
8
BLACK
6
CONTINUOUS
10
183.319
20
-101.342
11
181.081
21
-101.342
0
LINE
8
BLACK
6
CONTINUOUS
10
181.081
20
-101.342
11
180.972
21
-101.326
0
LINE
8
BLACK
6
CONTINUOUS
10
180.972
20
-101.326
11
180.86
21
-101.271
0
LINE
8
BLACK
6
CONTINUOUS
10
180.86
20
-101.271
11
180.771
21
-101.183
0
LINE
8
BLACK
6
CONTINUOUS
10
180.771
20
-101.183
11
180.716
21
-101.07
0
LINE
8
BLACK
6
CONTINUOUS
10
180.716
20
-101.07
11
180.7
21
-100.961
0
LINE
8
BLACK
6
CONTINUOUS
10
180.7
20
-100.961
11
180.7
21
-100.199
0
LINE
8
BLACK
6
CONTINUOUS
10
180.7
20
-100.199
11
180.716
21
-100.09
0
LINE
8
BLACK
6
CONTINUOUS
10
180.716
20
-100.09
11
180.771
21
-99.9778
0
LINE
8
BLACK
6
CONTINUOUS
10
180.771
20
-99.9778
11
180.859
21
-99.8892
0
LINE
8
BLACK
6
CONTINUOUS
10
180.859
20
-99.8892
11
180.972
21
-99.8341
0
LINE
8
BLACK
6
CONTINUOUS
10
180.972
20
-99.8341
11
181.081
21
-99.818
0
LINE
8
BLACK
6
CONTINUOUS
10
181.081
20
-99.818
11
183.319
21
-99.818
0
LINE
8
BLACK
6
CONTINUOUS
10
183.319
20
-99.818
11
183.428
21
-99.8339
0
LINE
8
BLACK
6
CONTINUOUS
10
158.028
20
-99.8339
11
158.07
21
-99.8545
0
LINE
8
BLACK
6
CONTINUOUS
10
158.07
20
-99.8545
11
158.112
21
-99.8341
0
LINE
8
BLACK
6
CONTINUOUS
10
158.112
20
-99.8341
11
158.221
21
-99.818
0
LINE
8
BLACK
6
CONTINUOUS
10
158.221
20
-99.818
11
160.459
21
-99.818
0
LINE
8
BLACK
6
CONTINUOUS
10
160.459
20
-99.818
11
160.568
21
-99.8339
0
LINE
8
BLACK
6
CONTINUOUS
10
160.568
20
-99.8339
11
160.68
21
-99.8888
0
LINE
8
BLACK
6
CONTINUOUS
10
160.68
20
-99.8888
11
160.769
21
-99.9772
0
LINE
8
BLACK
6
CONTINUOUS
10
160.769
20
-99.9772
11
160.824
21
-100.09
0
LINE
8
BLACK
6
CONTINUOUS
10
160.824
20
-100.09
11
160.84
21
-100.199
0
LINE
8
BLACK
6
CONTINUOUS
10
160.84
20
-100.199
11
160.84
21
-100.961
0
LINE
8
BLACK
6
CONTINUOUS
10
160.84
20
-100.961
11
160.824
21
-101.07
0
LINE
8
BLACK
6
CONTINUOUS
10
160.824
20
-101.07
11
160.769
21
-101.182
0
LINE
8
BLACK
6
CONTINUOUS
10
160.769
20
-101.182
11
160.681
21
-101.271
0
LINE
8
BLACK
6
CONTINUOUS
10
160.681
20
-101.271
11
160.568
21
-101.326
0
LINE
8
BLACK
6
CONTINUOUS
10
160.568
20
-101.326
11
160.459
21
-101.342
0
LINE
8
BLACK
6
CONTINUOUS
10
160.459
20
-101.342
11
158.221
21
-101.342
0
LINE
8
BLACK
6
CONTINUOUS
10
158.221
20
-101.342
11
158.112
21
-101.326
0
LINE
8
BLACK
6
CONTINUOUS
10
158.112
20
-101.326
11
158.07
21
-101.306
0
LINE
8
BLACK
6
CONTINUOUS
10
158.07
20
-101.306
11
158.028
21
-101.326
0
LINE
8
BLACK
6
CONTINUOUS
10
158.028
20
-101.326
11
157.919
21
-101.342
0
LINE
8
BLACK
6
CONTINUOUS
10
157.919
20
-101.342
11
155.681
21
-101.342
0
LINE
8
BLACK
6
CONTINUOUS
10
155.681
20
-101.342
11
155.572
21
-101.326
0
LINE
8
BLACK
6
CONTINUOUS
10
155.572
20
-101.326
11
155.46
21
-101.271
0
LINE
8
BLACK
6
CONTINUOUS
10
155.46
20
-101.271
11
155.371
21
-101.183
0
LINE
8
BLACK
6
CONTINUOUS
10
155.371
20
-101.183
11
155.316
21
-101.07
0
LINE
8
BLACK
6
CONTINUOUS
10
155.316
20
-101.07
11
155.3
21
-100.961
0
LINE
8
BLACK
6
CONTINUOUS
10
155.3
20
-100.961
11
155.3
21
-100.199
0
LINE
8
BLACK
6
CONTINUOUS
10
155.3
20
-100.199
11
155.316
21
-100.09
0
LINE
8
BLACK
6
CONTINUOUS
10
155.316
20
-100.09
11
155.371
21
-99.9778
0
LINE
8
BLACK
6
CONTINUOUS
10
155.371
20
-99.9778
11
155.459
21
-99.8892
0
LINE
8
BLACK
6
CONTINUOUS
10
155.459
20
-99.8892
11
155.572
21
-99.8341
0
LINE
8
BLACK
6
CONTINUOUS
10
155.572
20
-99.8341
11
155.681
21
-99.818
0
LINE
8
BLACK
6
CONTINUOUS
10
155.681
20
-99.818
11
157.919
21
-99.818
0
LINE
8
BLACK
6
CONTINUOUS
10
157.919
20
-99.818
11
158.028
21
-99.8339
0
LINE
8
BLACK
6
CONTINUOUS
10
141.18
20
-99.2711
11
141.348
21
-99.331
0
LINE
8
BLACK
6
CONTINUOUS
10
141.348
20
-99.331
11
141.499
21
-99.4265
0
LINE
8
BLACK
6
CONTINUOUS
10
141.499
20
-99.4265
11
141.624
21
-99.5531
0
LINE
8
BLACK
6
CONTINUOUS
10
141.624
20
-99.5531
11
141.719
21
-99.7043
0
LINE
8
BLACK
6
CONTINUOUS
10
141.719
20
-99.7043
11
141.778
21
-99.8728
0
LINE
8
BLACK
6
CONTINUOUS
10
141.778
20
-99.8728
11
141.797
21
-100.05
0
LINE
8
BLACK
6
CONTINUOUS
10
141.797
20
-100.05
11
141.797
21
-100.072
0
LINE
8
BLACK
6
CONTINUOUS
10
141.797
20
-100.072
11
141.772
21
-100.249
0
LINE
8
BLACK
6
CONTINUOUS
10
141.772
20
-100.249
11
141.709
21
-100.416
0
LINE
8
BLACK
6
CONTINUOUS
10
141.709
20
-100.416
11
141.61
21
-100.564
0
LINE
8
BLACK
6
CONTINUOUS
10
141.61
20
-100.564
11
141.481
21
-100.687
0
LINE
8
BLACK
6
CONTINUOUS
10
141.481
20
-100.687
11
141.328
21
-100.779
0
LINE
8
BLACK
6
CONTINUOUS
10
141.328
20
-100.779
11
141.158
21
-100.834
0
LINE
8
BLACK
6
CONTINUOUS
10
141.158
20
-100.834
11
140.981
21
-100.85
0
LINE
8
BLACK
6
CONTINUOUS
10
140.981
20
-100.85
11
140.804
21
-100.826
0
LINE
8
BLACK
6
CONTINUOUS
10
140.804
20
-100.826
11
140.637
21
-100.764
0
LINE
8
BLACK
6
CONTINUOUS
10
140.637
20
-100.764
11
140.488
21
-100.666
0
LINE
8
BLACK
6
CONTINUOUS
10
140.488
20
-100.666
11
140.364
21
-100.538
0
LINE
8
BLACK
6
CONTINUOUS
10
140.364
20
-100.538
11
140.271
21
-100.386
0
LINE
8
BLACK
6
CONTINUOUS
10
140.271
20
-100.386
11
140.215
21
-100.216
0
LINE
8
BLACK
6
CONTINUOUS
10
140.215
20
-100.216
11
140.198
21
-100.039
0
LINE
8
BLACK
6
CONTINUOUS
10
140.198
20
-100.039
11
140.22
21
-99.8619
0
LINE
8
BLACK
6
CONTINUOUS
10
140.22
20
-99.8619
11
140.281
21
-99.6943
0
LINE
8
BLACK
6
CONTINUOUS
10
140.281
20
-99.6943
11
140.378
21
-99.5444
0
LINE
8
BLACK
6
CONTINUOUS
10
140.378
20
-99.5444
11
140.505
21
-99.4196
0
LINE
8
BLACK
6
CONTINUOUS
10
140.505
20
-99.4196
11
140.657
21
-99.3261
0
LINE
8
BLACK
6
CONTINUOUS
10
140.657
20
-99.3261
11
140.826
21
-99.2687
0
LINE
8
BLACK
6
CONTINUOUS
10
140.826
20
-99.2687
11
141.003
21
-99.25
0
LINE
8
BLACK
6
CONTINUOUS
10
141.003
20
-99.25
11
141.18
21
-99.2711
0
LINE
8
BLACK
6
CONTINUOUS
10
131.02
20
-99.2711
11
131.188
21
-99.331
0
LINE
8
BLACK
6
CONTINUOUS
10
131.188
20
-99.331
11
131.339
21
-99.4265
0
LINE
8
BLACK
6
CONTINUOUS
10
131.339
20
-99.4265
11
131.464
21
-99.5531
0
LINE
8
BLACK
6
CONTINUOUS
10
131.464
20
-99.5531
11
131.559
21
-99.7043
0
LINE
8
BLACK
6
CONTINUOUS
10
131.559
20
-99.7043
11
131.618
21
-99.8728
0
LINE
8
BLACK
6
CONTINUOUS
10
131.618
20
-99.8728
11
131.637
21
-100.05
0
LINE
8
BLACK
6
CONTINUOUS
10
131.637
20
-100.05
11
131.637
21
-100.072
0
LINE
8
BLACK
6
CONTINUOUS
10
131.637
20
-100.072
11
131.612
21
-100.249
0
LINE
8
BLACK
6
CONTINUOUS
10
131.612
20
-100.249
11
131.549
21
-100.416
0
LINE
8
BLACK
6
CONTINUOUS
10
131.549
20
-100.416
11
131.45
21
-100.564
0
LINE
8
BLACK
6
CONTINUOUS
10
131.45
20
-100.564
11
131.321
21
-100.687
0
LINE
8
BLACK
6
CONTINUOUS
10
131.321
20
-100.687
11
131.168
21
-100.779
0
LINE
8
BLACK
6
CONTINUOUS
10
131.168
20
-100.779
11
130.998
21
-100.834
0
LINE
8
BLACK
6
CONTINUOUS
10
130.998
20
-100.834
11
130.821
21
-100.85
0
LINE
8
BLACK
6
CONTINUOUS
10
130.821
20
-100.85
11
130.644
21
-100.826
0
LINE
8
BLACK
6
CONTINUOUS
10
130.644
20
-100.826
11
130.477
21
-100.764
0
LINE
8
BLACK
6
CONTINUOUS
10
130.477
20
-100.764
11
130.328
21
-100.666
0
LINE
8
BLACK
6
CONTINUOUS
10
130.328
20
-100.666
11
130.204
21
-100.538
0
LINE
8
BLACK
6
CONTINUOUS
10
130.204
20
-100.538
11
130.111
21
-100.386
0
LINE
8
BLACK
6
CONTINUOUS
10
130.111
20
-100.386
11
130.055
21
-100.216
0
LINE
8
BLACK
6
CONTINUOUS
10
130.055
20
-100.216
11
130.038
21
-100.039
0
LINE
8
BLACK
6
CONTINUOUS
10
130.038
20
-100.039
11
130.06
21
-99.8619
0
LINE
8
BLACK
6
CONTINUOUS
10
130.06
20
-99.8619
11
130.121
21
-99.6943
0
LINE
8
BLACK
6
CONTINUOUS
10
130.121
20
-99.6943
11
130.218
21
-99.5444
0
LINE
8
BLACK
6
CONTINUOUS
10
130.218
20
-99.5444
11
130.345
21
-99.4196
0
LINE
8
BLACK
6
CONTINUOUS
10
130.345
20
-99.4196
11
130.497
21
-99.3261
0
LINE
8
BLACK
6
CONTINUOUS
10
130.497
20
-99.3261
11
130.666
21
-99.2687
0
LINE
8
BLACK
6
CONTINUOUS
10
130.666
20
-99.2687
11
130.843
21
-99.25
0
LINE
8
BLACK
6
CONTINUOUS
10
130.843
20
-99.25
11
131.02
21
-99.2711
0
LINE
8
BLACK
6
CONTINUOUS
10
183.428
20
-97.2939
11
183.54
21
-97.3488
0
LINE
8
BLACK
6
CONTINUOUS
10
183.54
20
-97.3488
11
183.629
21
-97.4372
0
LINE
8
BLACK
6
CONTINUOUS
10
183.629
20
-97.4372
11
183.684
21
-97.5495
0
LINE
8
BLACK
6
CONTINUOUS
10
183.684
20
-97.5495
11
183.7
21
-97.659
0
LINE
8
BLACK
6
CONTINUOUS
10
183.7
20
-97.659
11
183.7
21
-98.421
0
LINE
8
BLACK
6
CONTINUOUS
10
183.7
20
-98.421
11
183.684
21
-98.5298
0
LINE
8
BLACK
6
CONTINUOUS
10
183.684
20
-98.5298
11
183.629
21
-98.6422
0
LINE
8
BLACK
6
CONTINUOUS
10
183.629
20
-98.6422
11
183.541
21
-98.7308
0
LINE
8
BLACK
6
CONTINUOUS
10
183.541
20
-98.7308
11
183.428
21
-98.7859
0
LINE
8
BLACK
6
CONTINUOUS
10
183.428
20
-98.7859
11
183.319
21
-98.802
0
LINE
8
BLACK
6
CONTINUOUS
10
183.319
20
-98.802
11
181.081
21
-98.802
0
LINE
8
BLACK
6
CONTINUOUS
10
181.081
20
-98.802
11
180.972
21
-98.7861
0
LINE
8
BLACK
6
CONTINUOUS
10
180.972
20
-98.7861
11
180.86
21
-98.7312
0
LINE
8
BLACK
6
CONTINUOUS
10
180.86
20
-98.7312
11
180.771
21
-98.6428
0
LINE
8
BLACK
6
CONTINUOUS
10
180.771
20
-98.6428
11
180.716
21
-98.5305
0
LINE
8
BLACK
6
CONTINUOUS
10
180.716
20
-98.5305
11
180.7
21
-98.421
0
LINE
8
BLACK
6
CONTINUOUS
10
180.7
20
-98.421
11
180.7
21
-97.659
0
LINE
8
BLACK
6
CONTINUOUS
10
180.7
20
-97.659
11
180.716
21
-97.5502
0
LINE
8
BLACK
6
CONTINUOUS
10
180.716
20
-97.5502
11
180.771
21
-97.4378
0
LINE
8
BLACK
6
CONTINUOUS
10
180.771
20
-97.4378
11
180.859
21
-97.3492
0
LINE
8
BLACK
6
CONTINUOUS
10
180.859
20
-97.3492
11
180.972
21
-97.2941
0
LINE
8
BLACK
6
CONTINUOUS
10
180.972
20
-97.2941
11
181.081
21
-97.278
0
LINE
8
BLACK
6
CONTINUOUS
10
181.081
20
-97.278
11
183.319
21
-97.278
0
LINE
8
BLACK
6
CONTINUOUS
10
183.319
20
-97.278
11
183.428
21
-97.2939
0
LINE
8
BLACK
6
CONTINUOUS
10
158.028
20
-97.2939
11
158.07
21
-97.3145
0
LINE
8
BLACK
6
CONTINUOUS
10
158.07
20
-97.3145
11
158.112
21
-97.2941
0
LINE
8
BLACK
6
CONTINUOUS
10
158.112
20
-97.2941
11
158.221
21
-97.278
0
LINE
8
BLACK
6
CONTINUOUS
10
158.221
20
-97.278
11
160.459
21
-97.278
0
LINE
8
BLACK
6
CONTINUOUS
10
160.459
20
-97.278
11
160.568
21
-97.2939
0
LINE
8
BLACK
6
CONTINUOUS
10
160.568
20
-97.2939
11
160.68
21
-97.3488
0
LINE
8
BLACK
6
CONTINUOUS
10
160.68
20
-97.3488
11
160.769
21
-97.4372
0
LINE
8
BLACK
6
CONTINUOUS
10
160.769
20
-97.4372
11
160.824
21
-97.5495
0
LINE
8
BLACK
6
CONTINUOUS
10
160.824
20
-97.5495
11
160.84
21
-97.659
0
LINE
8
BLACK
6
CONTINUOUS
10
160.84
20
-97.659
11
160.84
21
-98.421
0
LINE
8
BLACK
6
CONTINUOUS
10
160.84
20
-98.421
11
160.824
21
-98.5298
0
LINE
8
BLACK
6
CONTINUOUS
10
160.824
20
-98.5298
11
160.769
21
-98.6422
0
LINE
8
BLACK
6
CONTINUOUS
10
160.769
20
-98.6422
11
160.681
21
-98.7308
0
LINE
8
BLACK
6
CONTINUOUS
10
160.681
20
-98.7308
11
160.568
21
-98.7859
0
LINE
8
BLACK
6
CONTINUOUS
10
160.568
20
-98.7859
11
160.459
21
-98.802
0
LINE
8
BLACK
6
CONTINUOUS
10
160.459
20
-98.802
11
158.221
21
-98.802
0
LINE
8
BLACK
6
CONTINUOUS
10
158.221
20
-98.802
11
158.112
21
-98.7861
0
LINE
8
BLACK
6
CONTINUOUS
10
158.112
20
-98.7861
11
158.07
21
-98.7655
0
LINE
8
BLACK
6
CONTINUOUS
10
158.07
20
-98.7655
11
158.028
21
-98.7859
0
LINE
8
BLACK
6
CONTINUOUS
10
158.028
20
-98.7859
11
157.919
21
-98.802
0
LINE
8
BLACK
6
CONTINUOUS
10
157.919
20
-98.802
11
155.681
21
-98.802
0
LINE
8
BLACK
6
CONTINUOUS
10
155.681
20
-98.802
11
155.572
21
-98.7861
0
LINE
8
BLACK
6
CONTINUOUS
10
155.572
20
-98.7861
11
155.46
21
-98.7312
0
LINE
8
BLACK
6
CONTINUOUS
10
155.46
20
-98.7312
11
155.371
21
-98.6428
0
LINE
8
BLACK
6
CONTINUOUS
10
155.371
20
-98.6428
11
155.316
21
-98.5305
0
LINE
8
BLACK
6
CONTINUOUS
10
155.316
20
-98.5305
11
155.3
21
-98.421
0
LINE
8
BLACK
6
CONTINUOUS
10
155.3
20
-98.421
11
155.3
21
-97.659
0
LINE
8
BLACK
6
CONTINUOUS
10
155.3
20
-97.659
11
155.316
21
-97.5502
0
LINE
8
BLACK
6
CONTINUOUS
10
155.316
20
-97.5502
11
155.371
21
-97.4378
0
LINE
8
BLACK
6
CONTINUOUS
10
155.371
20
-97.4378
11
155.459
21
-97.3492
0
LINE
8
BLACK
6
CONTINUOUS
10
155.459
20
-97.3492
11
155.572
21
-97.2941
0
LINE
8
BLACK
6
CONTINUOUS
10
155.572
20
-97.2941
11
155.681
21
-97.278
0
LINE
8
BLACK
6
CONTINUOUS
10
155.681
20
-97.278
11
157.919
21
-97.278
0
LINE
8
BLACK
6
CONTINUOUS
10
157.919
20
-97.278
11
158.028
21
-97.2939
0
LINE
8
BLACK
6
CONTINUOUS
10
158.028
20
-94.7539
11
158.07
21
-94.7745
0
LINE
8
BLACK
6
CONTINUOUS
10
158.07
20
-94.7745
11
158.112
21
-94.7541
0
LINE
8
BLACK
6
CONTINUOUS
10
158.112
20
-94.7541
11
158.221
21
-94.738
0
LINE
8
BLACK
6
CONTINUOUS
10
158.221
20
-94.738
11
160.459
21
-94.738
0
LINE
8
BLACK
6
CONTINUOUS
10
160.459
20
-94.738
11
160.568
21
-94.7539
0
LINE
8
BLACK
6
CONTINUOUS
10
160.568
20
-94.7539
11
160.68
21
-94.8088
0
LINE
8
BLACK
6
CONTINUOUS
10
160.68
20
-94.8088
11
160.769
21
-94.8972
0
LINE
8
BLACK
6
CONTINUOUS
10
160.769
20
-94.8972
11
160.824
21
-95.0095
0
LINE
8
BLACK
6
CONTINUOUS
10
160.824
20
-95.0095
11
160.84
21
-95.119
0
LINE
8
BLACK
6
CONTINUOUS
10
160.84
20
-95.119
11
160.84
21
-95.881
0
LINE
8
BLACK
6
CONTINUOUS
10
160.84
20
-95.881
11
160.824
21
-95.9898
0
LINE
8
BLACK
6
CONTINUOUS
10
160.824
20
-95.9898
11
160.769
21
-96.1022
0
LINE
8
BLACK
6
CONTINUOUS
10
160.769
20
-96.1022
11
160.681
21
-96.1908
0
LINE
8
BLACK
6
CONTINUOUS
10
160.681
20
-96.1908
11
160.568
21
-96.2459
0
LINE
8
BLACK
6
CONTINUOUS
10
160.568
20
-96.2459
11
160.459
21
-96.262
0
LINE
8
BLACK
6
CONTINUOUS
10
160.459
20
-96.262
11
158.221
21
-96.262
0
LINE
8
BLACK
6
CONTINUOUS
10
158.221
20
-96.262
11
158.112
21
-96.2461
0
LINE
8
BLACK
6
CONTINUOUS
10
158.112
20
-96.2461
11
158.07
21
-96.2255
0
LINE
8
BLACK
6
CONTINUOUS
10
158.07
20
-96.2255
11
158.028
21
-96.2459
0
LINE
8
BLACK
6
CONTINUOUS
10
158.028
20
-96.2459
11
157.919
21
-96.262
0
LINE
8
BLACK
6
CONTINUOUS
10
157.919
20
-96.262
11
155.681
21
-96.262
0
LINE
8
BLACK
6
CONTINUOUS
10
155.681
20
-96.262
11
155.572
21
-96.2461
0
LINE
8
BLACK
6
CONTINUOUS
10
155.572
20
-96.2461
11
155.46
21
-96.1912
0
LINE
8
BLACK
6
CONTINUOUS
10
155.46
20
-96.1912
11
155.371
21
-96.1028
0
LINE
8
BLACK
6
CONTINUOUS
10
155.371
20
-96.1028
11
155.316
21
-95.9905
0
LINE
8
BLACK
6
CONTINUOUS
10
155.316
20
-95.9905
11
155.3
21
-95.881
0
LINE
8
BLACK
6
CONTINUOUS
10
155.3
20
-95.881
11
155.3
21
-95.119
0
LINE
8
BLACK
6
CONTINUOUS
10
155.3
20
-95.119
11
155.316
21
-95.0102
0
LINE
8
BLACK
6
CONTINUOUS
10
155.316
20
-95.0102
11
155.371
21
-94.8978
0
LINE
8
BLACK
6
CONTINUOUS
10
155.371
20
-94.8978
11
155.459
21
-94.8092
0
LINE
8
BLACK
6
CONTINUOUS
10
155.459
20
-94.8092
11
155.572
21
-94.7541
0
LINE
8
BLACK
6
CONTINUOUS
10
155.572
20
-94.7541
11
155.681
21
-94.738
0
LINE
8
BLACK
6
CONTINUOUS
10
155.681
20
-94.738
11
157.919
21
-94.738
0
LINE
8
BLACK
6
CONTINUOUS
10
157.919
20
-94.738
11
158.028
21
-94.7539
0
LINE
8
BLACK
6
CONTINUOUS
10
183.428
20
-94.7539
11
183.54
21
-94.8088
0
LINE
8
BLACK
6
CONTINUOUS
10
183.54
20
-94.8088
11
183.629
21
-94.8972
0
LINE
8
BLACK
6
CONTINUOUS
10
183.629
20
-94.8972
11
183.684
21
-95.0095
0
LINE
8
BLACK
6
CONTINUOUS
10
183.684
20
-95.0095
11
183.7
21
-95.119
0
LINE
8
BLACK
6
CONTINUOUS
10
183.7
20
-95.119
11
183.7
21
-95.881
0
LINE
8
BLACK
6
CONTINUOUS
10
183.7
20
-95.881
11
183.684
21
-95.9898
0
LINE
8
BLACK
6
CONTINUOUS
10
183.684
20
-95.9898
11
183.629
21
-96.1022
0
LINE
8
BLACK
6
CONTINUOUS
10
183.629
20
-96.1022
11
183.541
21
-96.1908
0
LINE
8
BLACK
6
CONTINUOUS
10
183.541
20
-96.1908
11
183.428
21
-96.2459
0
LINE
8
BLACK
6
CONTINUOUS
10
183.428
20
-96.2459
11
183.319
21
-96.262
0
LINE
8
BLACK
6
CONTINUOUS
10
183.319
20
-96.262
11
181.081
21
-96.262
0
LINE
8
BLACK
6
CONTINUOUS
10
181.081
20
-96.262
11
180.972
21
-96.2461
0
LINE
8
BLACK
6
CONTINUOUS
10
180.972
20
-96.2461
11
180.86
21
-96.1912
0
LINE
8
BLACK
6
CONTINUOUS
10
180.86
20
-96.1912
11
180.771
21
-96.1028
0
LINE
8
BLACK
6
CONTINUOUS
10
180.771
20
-96.1028
11
180.716
21
-95.9905
0
LINE
8
BLACK
6
CONTINUOUS
10
180.716
20
-95.9905
11
180.7
21
-95.881
0
LINE
8
BLACK
6
CONTINUOUS
10
180.7
20
-95.881
11
180.7
21
-95.119
0
LINE
8
BLACK
6
CONTINUOUS
10
180.7
20
-95.119
11
180.716
21
-95.0102
0
LINE
8
BLACK
6
CONTINUOUS
10
180.716
20
-95.0102
11
180.771
21
-94.8978
0
LINE
8
BLACK
6
CONTINUOUS
10
180.771
20
-94.8978
11
180.859
21
-94.8092
0
LINE
8
BLACK
6
CONTINUOUS
10
180.859
20
-94.8092
11
180.972
21
-94.7541
0
LINE
8
BLACK
6
CONTINUOUS
10
180.972
20
-94.7541
11
181.081
21
-94.738
0
LINE
8
BLACK
6
CONTINUOUS
10
181.081
20
-94.738
11
183.319
21
-94.738
0
LINE
8
BLACK
6
CONTINUOUS
10
183.319
20
-94.738
11
183.428
21
-94.7539
0
LINE
8
BLACK
6
CONTINUOUS
10
183.428
20
-92.2139
11
183.54
21
-92.2688
0
LINE
8
BLACK
6
CONTINUOUS
10
183.54
20
-92.2688
11
183.629
21
-92.3572
0
LINE
8
BLACK
6
CONTINUOUS
10
183.629
20
-92.3572
11
183.684
21
-92.4695
0
LINE
8
BLACK
6
CONTINUOUS
10
183.684
20
-92.4695
11
183.7
21
-92.579
0
LINE
8
BLACK
6
CONTINUOUS
10
183.7
20
-92.579
11
183.7
21
-93.341
0
LINE
8
BLACK
6
CONTINUOUS
10
183.7
20
-93.341
11
183.684
21
-93.4498
0
LINE
8
BLACK
6
CONTINUOUS
10
183.684
20
-93.4498
11
183.629
21
-93.5622
0
LINE
8
BLACK
6
CONTINUOUS
10
183.629
20
-93.5622
11
183.541
21
-93.6508
0
LINE
8
BLACK
6
CONTINUOUS
10
183.541
20
-93.6508
11
183.428
21
-93.7059
0
LINE
8
BLACK
6
CONTINUOUS
10
183.428
20
-93.7059
11
183.319
21
-93.722
0
LINE
8
BLACK
6
CONTINUOUS
10
183.319
20
-93.722
11
181.081
21
-93.722
0
LINE
8
BLACK
6
CONTINUOUS
10
181.081
20
-93.722
11
180.972
21
-93.7061
0
LINE
8
BLACK
6
CONTINUOUS
10
180.972
20
-93.7061
11
180.86
21
-93.6512
0
LINE
8
BLACK
6
CONTINUOUS
10
180.86
20
-93.6512
11
180.771
21
-93.5628
0
LINE
8
BLACK
6
CONTINUOUS
10
180.771
20
-93.5628
11
180.716
21
-93.4505
0
LINE
8
BLACK
6
CONTINUOUS
10
180.716
20
-93.4505
11
180.7
21
-93.341
0
LINE
8
BLACK
6
CONTINUOUS
10
180.7
20
-93.341
11
180.7
21
-92.579
0
LINE
8
BLACK
6
CONTINUOUS
10
180.7
20
-92.579
11
180.716
21
-92.4702
0
LINE
8
BLACK
6
CONTINUOUS
10
180.716
20
-92.4702
11
180.771
21
-92.3578
0
LINE
8
BLACK
6
CONTINUOUS
10
180.771
20
-92.3578
11
180.859
21
-92.2692
0
LINE
8
BLACK
6
CONTINUOUS
10
180.859
20
-92.2692
11
180.972
21
-92.2141
0
LINE
8
BLACK
6
CONTINUOUS
10
180.972
20
-92.2141
11
181.081
21
-92.198
0
LINE
8
BLACK
6
CONTINUOUS
10
181.081
20
-92.198
11
183.319
21
-92.198
0
LINE
8
BLACK
6
CONTINUOUS
10
183.319
20
-92.198
11
183.428
21
-92.2139
0
LINE
8
BLACK
6
CONTINUOUS
10
183.428
20
-89.6739
11
183.54
21
-89.7288
0
LINE
8
BLACK
6
CONTINUOUS
10
183.54
20
-89.7288
11
183.629
21
-89.8172
0
LINE
8
BLACK
6
CONTINUOUS
10
183.629
20
-89.8172
11
183.684
21
-89.9295
0
LINE
8
BLACK
6
CONTINUOUS
10
183.684
20
-89.9295
11
183.7
21
-90.039
0
LINE
8
BLACK
6
CONTINUOUS
10
183.7
20
-90.039
11
183.7
21
-90.801
0
LINE
8
BLACK
6
CONTINUOUS
10
183.7
20
-90.801
11
183.684
21
-90.9098
0
LINE
8
BLACK
6
CONTINUOUS
10
183.684
20
-90.9098
11
183.629
21
-91.0222
0
LINE
8
BLACK
6
CONTINUOUS
10
183.629
20
-91.0222
11
183.541
21
-91.1108
0
LINE
8
BLACK
6
CONTINUOUS
10
183.541
20
-91.1108
11
183.428
21
-91.1659
0
LINE
8
BLACK
6
CONTINUOUS
10
183.428
20
-91.1659
11
183.319
21
-91.182
0
LINE
8
BLACK
6
CONTINUOUS
10
183.319
20
-91.182
11
181.081
21
-91.182
0
LINE
8
BLACK
6
CONTINUOUS
10
181.081
20
-91.182
11
180.972
21
-91.1661
0
LINE
8
BLACK
6
CONTINUOUS
10
180.972
20
-91.1661
11
180.86
21
-91.1112
0
LINE
8
BLACK
6
CONTINUOUS
10
180.86
20
-91.1112
11
180.771
21
-91.0228
0
LINE
8
BLACK
6
CONTINUOUS
10
180.771
20
-91.0228
11
180.716
21
-90.9105
0
LINE
8
BLACK
6
CONTINUOUS
10
180.716
20
-90.9105
11
180.7
21
-90.801
0
LINE
8
BLACK
6
CONTINUOUS
10
180.7
20
-90.801
11
180.7
21
-90.039
0
LINE
8
BLACK
6
CONTINUOUS
10
180.7
20
-90.039
11
180.716
21
-89.9302
0
LINE
8
BLACK
6
CONTINUOUS
10
180.716
20
-89.9302
11
180.771
21
-89.8178
0
LINE
8
BLACK
6
CONTINUOUS
10
180.771
20
-89.8178
11
180.859
21
-89.7292
0
LINE
8
BLACK
6
CONTINUOUS
10
180.859
20
-89.7292
11
180.972
21
-89.6741
0
LINE
8
BLACK
6
CONTINUOUS
10
180.972
20
-89.6741
11
181.081
21
-89.658
0
LINE
8
BLACK
6
CONTINUOUS
10
181.081
20
-89.658
11
183.319
21
-89.658
0
LINE
8
BLACK
6
CONTINUOUS
10
183.319
20
-89.658
11
183.428
21
-89.6739
0
LINE
8
BLACK
6
CONTINUOUS
10
158.028
20
-87.1339
11
158.07
21
-87.1545
0
LINE
8
BLACK
6
CONTINUOUS
10
158.07
20
-87.1545
11
158.112
21
-87.1341
0
LINE
8
BLACK
6
CONTINUOUS
10
158.112
20
-87.1341
11
158.221
21
-87.118
0
LINE
8
BLACK
6
CONTINUOUS
10
158.221
20
-87.118
11
160.459
21
-87.118
0
LINE
8
BLACK
6
CONTINUOUS
10
160.459
20
-87.118
11
160.568
21
-87.1339
0
LINE
8
BLACK
6
CONTINUOUS
10
160.568
20
-87.1339
11
160.68
21
-87.1888
0
LINE
8
BLACK
6
CONTINUOUS
10
160.68
20
-87.1888
11
160.769
21
-87.2772
0
LINE
8
BLACK
6
CONTINUOUS
10
160.769
20
-87.2772
11
160.824
21
-87.3895
0
LINE
8
BLACK
6
CONTINUOUS
10
160.824
20
-87.3895
11
160.84
21
-87.499
0
LINE
8
BLACK
6
CONTINUOUS
10
160.84
20
-87.499
11
160.84
21
-88.261
0
LINE
8
BLACK
6
CONTINUOUS
10
160.84
20
-88.261
11
160.824
21
-88.3698
0
LINE
8
BLACK
6
CONTINUOUS
10
160.824
20
-88.3698
11
160.769
21
-88.4822
0
LINE
8
BLACK
6
CONTINUOUS
10
160.769
20
-88.4822
11
160.681
21
-88.5708
0
LINE
8
BLACK
6
CONTINUOUS
10
160.681
20
-88.5708
11
160.568
21
-88.6259
0
LINE
8
BLACK
6
CONTINUOUS
10
160.568
20
-88.6259
11
160.459
21
-88.642
0
LINE
8
BLACK
6
CONTINUOUS
10
160.459
20
-88.642
11
158.221
21
-88.642
0
LINE
8
BLACK
6
CONTINUOUS
10
158.221
20
-88.642
11
158.112
21
-88.6261
0
LINE
8
BLACK
6
CONTINUOUS
10
158.112
20
-88.6261
11
158.07
21
-88.6055
0
LINE
8
BLACK
6
CONTINUOUS
10
158.07
20
-88.6055
11
158.028
21
-88.6259
0
LINE
8
BLACK
6
CONTINUOUS
10
158.028
20
-88.6259
11
157.919
21
-88.642
0
LINE
8
BLACK
6
CONTINUOUS
10
157.919
20
-88.642
11
155.681
21
-88.642
0
LINE
8
BLACK
6
CONTINUOUS
10
155.681
20
-88.642
11
155.572
21
-88.6261
0
LINE
8
BLACK
6
CONTINUOUS
10
155.572
20
-88.6261
11
155.46
21
-88.5712
0
LINE
8
BLACK
6
CONTINUOUS
10
155.46
20
-88.5712
11
155.371
21
-88.4828
0
LINE
8
BLACK
6
CONTINUOUS
10
155.371
20
-88.4828
11
155.316
21
-88.3705
0
LINE
8
BLACK
6
CONTINUOUS
10
155.316
20
-88.3705
11
155.3
21
-88.261
0
LINE
8
BLACK
6
CONTINUOUS
10
155.3
20
-88.261
11
155.3
21
-87.499
0
LINE
8
BLACK
6
CONTINUOUS
10
155.3
20
-87.499
11
155.316
21
-87.3902
0
LINE
8
BLACK
6
CONTINUOUS
10
155.316
20
-87.3902
11
155.371
21
-87.2778
0
LINE
8
BLACK
6
CONTINUOUS
10
155.371
20
-87.2778
11
155.459
21
-87.1892
0
LINE
8
BLACK
6
CONTINUOUS
10
155.459
20
-87.1892
11
155.572
21
-87.1341
0
LINE
8
BLACK
6
CONTINUOUS
10
155.572
20
-87.1341
11
155.681
21
-87.118
0
LINE
8
BLACK
6
CONTINUOUS
10
155.681
20
-87.118
11
157.919
21
-87.118
0
LINE
8
BLACK
6
CONTINUOUS
10
157.919
20
-87.118
11
158.028
21
-87.1339
0
LINE
8
BLACK
6
CONTINUOUS
10
183.428
20
-87.1339
11
183.54
21
-87.1888
0
LINE
8
BLACK
6
CONTINUOUS
10
183.54
20
-87.1888
11
183.629
21
-87.2772
0
LINE
8
BLACK
6
CONTINUOUS
10
183.629
20
-87.2772
11
183.684
21
-87.3895
0
LINE
8
BLACK
6
CONTINUOUS
10
183.684
20
-87.3895
11
183.7
21
-87.499
0
LINE
8
BLACK
6
CONTINUOUS
10
183.7
20
-87.499
11
183.7
21
-88.261
0
LINE
8
BLACK
6
CONTINUOUS
10
183.7
20
-88.261
11
183.684
21
-88.3698
0
LINE
8
BLACK
6
CONTINUOUS
10
183.684
20
-88.3698
11
183.629
21
-88.4822
0
LINE
8
BLACK
6
CONTINUOUS
10
183.629
20
-88.4822
11
183.541
21
-88.5708
0
LINE
8
BLACK
6
CONTINUOUS
10
183.541
20
-88.5708
11
183.428
21
-88.6259
0
LINE
8
BLACK
6
CONTINUOUS
10
183.428
20
-88.6259
11
183.319
21
-88.642
0
LINE
8
BLACK
6
CONTINUOUS
10
183.319
20
-88.642
11
181.081
21
-88.642
0
LINE
8
BLACK
6
CONTINUOUS
10
181.081
20
-88.642
11
180.972
21
-88.6261
0
LINE
8
BLACK
6
CONTINUOUS
10
180.972
20
-88.6261
11
180.86
21
-88.5712
0
LINE
8
BLACK
6
CONTINUOUS
10
180.86
20
-88.5712
11
180.771
21
-88.4828
0
LINE
8
BLACK
6
CONTINUOUS
10
180.771
20
-88.4828
11
180.716
21
-88.3705
0
LINE
8
BLACK
6
CONTINUOUS
10
180.716
20
-88.3705
11
180.7
21
-88.261
0
LINE
8
BLACK
6
CONTINUOUS
10
180.7
20
-88.261
11
180.7
21
-87.499
0
LINE
8
BLACK
6
CONTINUOUS
10
180.7
20
-87.499
11
180.716
21
-87.3902
0
LINE
8
BLACK
6
CONTINUOUS
10
180.716
20
-87.3902
11
180.771
21
-87.2778
0
LINE
8
BLACK
6
CONTINUOUS
10
180.771
20
-87.2778
11
180.859
21
-87.1892
0
LINE
8
BLACK
6
CONTINUOUS
10
180.859
20
-87.1892
11
180.972
21
-87.1341
0
LINE
8
BLACK
6
CONTINUOUS
10
180.972
20
-87.1341
11
181.081
21
-87.118
0
LINE
8
BLACK
6
CONTINUOUS
10
181.081
20
-87.118
11
183.319
21
-87.118
0
LINE
8
BLACK
6
CONTINUOUS
10
183.319
20
-87.118
11
183.428
21
-87.1339
0
LINE
8
BLACK
6
CONTINUOUS
10
158.028
20
-84.5939
11
158.07
21
-84.6145
0
LINE
8
BLACK
6
CONTINUOUS
10
158.07
20
-84.6145
11
158.112
21
-84.5941
0
LINE
8
BLACK
6
CONTINUOUS
10
158.112
20
-84.5941
11
158.221
21
-84.578
0
LINE
8
BLACK
6
CONTINUOUS
10
158.221
20
-84.578
11
160.459
21
-84.578
0
LINE
8
BLACK
6
CONTINUOUS
10
160.459
20
-84.578
11
160.568
21
-84.5939
0
LINE
8
BLACK
6
CONTINUOUS
10
160.568
20
-84.5939
11
160.68
21
-84.6488
0
LINE
8
BLACK
6
CONTINUOUS
10
160.68
20
-84.6488
11
160.769
21
-84.7372
0
LINE
8
BLACK
6
CONTINUOUS
10
160.769
20
-84.7372
11
160.824
21
-84.8495
0
LINE
8
BLACK
6
CONTINUOUS
10
160.824
20
-84.8495
11
160.84
21
-84.959
0
LINE
8
BLACK
6
CONTINUOUS
10
160.84
20
-84.959
11
160.84
21
-85.721
0
LINE
8
BLACK
6
CONTINUOUS
10
160.84
20
-85.721
11
160.824
21
-85.8298
0
LINE
8
BLACK
6
CONTINUOUS
10
160.824
20
-85.8298
11
160.769
21
-85.9422
0
LINE
8
BLACK
6
CONTINUOUS
10
160.769
20
-85.9422
11
160.681
21
-86.0308
0
LINE
8
BLACK
6
CONTINUOUS
10
160.681
20
-86.0308
11
160.568
21
-86.0859
0
LINE
8
BLACK
6
CONTINUOUS
10
160.568
20
-86.0859
11
160.459
21
-86.102
0
LINE
8
BLACK
6
CONTINUOUS
10
160.459
20
-86.102
11
158.221
21
-86.102
0
LINE
8
BLACK
6
CONTINUOUS
10
158.221
20
-86.102
11
158.112
21
-86.0861
0
LINE
8
BLACK
6
CONTINUOUS
10
158.112
20
-86.0861
11
158.07
21
-86.0655
0
LINE
8
BLACK
6
CONTINUOUS
10
158.07
20
-86.0655
11
158.028
21
-86.0859
0
LINE
8
BLACK
6
CONTINUOUS
10
158.028
20
-86.0859
11
157.919
21
-86.102
0
LINE
8
BLACK
6
CONTINUOUS
10
157.919
20
-86.102
11
155.681
21
-86.102
0
LINE
8
BLACK
6
CONTINUOUS
10
155.681
20
-86.102
11
155.572
21
-86.0861
0
LINE
8
BLACK
6
CONTINUOUS
10
155.572
20
-86.0861
11
155.46
21
-86.0312
0
LINE
8
BLACK
6
CONTINUOUS
10
155.46
20
-86.0312
11
155.371
21
-85.9428
0
LINE
8
BLACK
6
CONTINUOUS
10
155.371
20
-85.9428
11
155.316
21
-85.8305
0
LINE
8
BLACK
6
CONTINUOUS
10
155.316
20
-85.8305
11
155.3
21
-85.721
0
LINE
8
BLACK
6
CONTINUOUS
10
155.3
20
-85.721
11
155.3
21
-84.959
0
LINE
8
BLACK
6
CONTINUOUS
10
155.3
20
-84.959
11
155.316
21
-84.8502
0
LINE
8
BLACK
6
CONTINUOUS
10
155.316
20
-84.8502
11
155.371
21
-84.7378
0
LINE
8
BLACK
6
CONTINUOUS
10
155.371
20
-84.7378
11
155.459
21
-84.6492
0
LINE
8
BLACK
6
CONTINUOUS
10
155.459
20
-84.6492
11
155.572
21
-84.5941
0
LINE
8
BLACK
6
CONTINUOUS
10
155.572
20
-84.5941
11
155.681
21
-84.578
0
LINE
8
BLACK
6
CONTINUOUS
10
155.681
20
-84.578
11
157.919
21
-84.578
0
LINE
8
BLACK
6
CONTINUOUS
10
157.919
20
-84.578
11
158.028
21
-84.5939
0
LINE
8
BLACK
6
CONTINUOUS
10
158.028
20
-82.0539
11
158.07
21
-82.0745
0
LINE
8
BLACK
6
CONTINUOUS
10
158.07
20
-82.0745
11
158.112
21
-82.0541
0
LINE
8
BLACK
6
CONTINUOUS
10
158.112
20
-82.0541
11
158.221
21
-82.038
0
LINE
8
BLACK
6
CONTINUOUS
10
158.221
20
-82.038
11
160.459
21
-82.038
0
LINE
8
BLACK
6
CONTINUOUS
10
160.459
20
-82.038
11
160.568
21
-82.0539
0
LINE
8
BLACK
6
CONTINUOUS
10
160.568
20
-82.0539
11
160.68
21
-82.1088
0
LINE
8
BLACK
6
CONTINUOUS
10
160.68
20
-82.1088
11
160.769
21
-82.1972
0
LINE
8
BLACK
6
CONTINUOUS
10
160.769
20
-82.1972
11
160.824
21
-82.3095
0
LINE
8
BLACK
6
CONTINUOUS
10
160.824
20
-82.3095
11
160.84
21
-82.419
0
LINE
8
BLACK
6
CONTINUOUS
10
160.84
20
-82.419
11
160.84
21
-83.181
0
LINE
8
BLACK
6
CONTINUOUS
10
160.84
20
-83.181
11
160.824
21
-83.2898
0
LINE
8
BLACK
6
CONTINUOUS
10
160.824
20
-83.2898
11
160.769
21
-83.4022
0
LINE
8
BLACK
6
CONTINUOUS
10
160.769
20
-83.4022
11
160.681
21
-83.4908
0
LINE
8
BLACK
6
CONTINUOUS
10
160.681
20
-83.4908
11
160.568
21
-83.5459
0
LINE
8
BLACK
6
CONTINUOUS
10
160.568
20
-83.5459
11
160.459
21
-83.562
0
LINE
8
BLACK
6
CONTINUOUS
10
160.459
20
-83.562
11
158.221
21
-83.562
0
LINE
8
BLACK
6
CONTINUOUS
10
158.221
20
-83.562
11
158.112
21
-83.5461
0
LINE
8
BLACK
6
CONTINUOUS
10
158.112
20
-83.5461
11
158.07
21
-83.5255
0
LINE
8
BLACK
6
CONTINUOUS
10
158.07
20
-83.5255
11
158.028
21
-83.5459
0
LINE
8
BLACK
6
CONTINUOUS
10
158.028
20
-83.5459
11
157.919
21
-83.562
0
LINE
8
BLACK
6
CONTINUOUS
10
157.919
20
-83.562
11
155.681
21
-83.562
0
LINE
8
BLACK
6
CONTINUOUS
10
155.681
20
-83.562
11
155.572
21
-83.5461
0
LINE
8
BLACK
6
CONTINUOUS
10
155.572
20
-83.5461
11
155.46
21
-83.4912
0
LINE
8
BLACK
6
CONTINUOUS
10
155.46
20
-83.4912
11
155.371
21
-83.4028
0
LINE
8
BLACK
6
CONTINUOUS
10
155.371
20
-83.4028
11
155.316
21
-83.2905
0
LINE
8
BLACK
6
CONTINUOUS
10
155.316
20
-83.2905
11
155.3
21
-83.181
0
LINE
8
BLACK
6
CONTINUOUS
10
155.3
20
-83.181
11
155.3
21
-82.419
0
LINE
8
BLACK
6
CONTINUOUS
10
155.3
20
-82.419
11
155.316
21
-82.3102
0
LINE
8
BLACK
6
CONTINUOUS
10
155.316
20
-82.3102
11
155.371
21
-82.1978
0
LINE
8
BLACK
6
CONTINUOUS
10
155.371
20
-82.1978
11
155.459
21
-82.1092
0
LINE
8
BLACK
6
CONTINUOUS
10
155.459
20
-82.1092
11
155.572
21
-82.0541
0
LINE
8
BLACK
6
CONTINUOUS
10
155.572
20
-82.0541
11
155.681
21
-82.038
0
LINE
8
BLACK
6
CONTINUOUS
10
155.681
20
-82.038
11
157.919
21
-82.038
0
LINE
8
BLACK
6
CONTINUOUS
10
157.919
20
-82.038
11
158.028
21
-82.0539
0
LINE
8
BLACK
6
CONTINUOUS
10
183.428
20
-82.0539
11
183.54
21
-82.1088
0
LINE
8
BLACK
6
CONTINUOUS
10
183.54
20
-82.1088
11
183.629
21
-82.1972
0
LINE
8
BLACK
6
CONTINUOUS
10
183.629
20
-82.1972
11
183.684
21
-82.3095
0
LINE
8
BLACK
6
CONTINUOUS
10
183.684
20
-82.3095
11
183.7
21
-82.419
0
LINE
8
BLACK
6
CONTINUOUS
10
183.7
20
-82.419
11
183.7
21
-83.181
0
LINE
8
BLACK
6
CONTINUOUS
10
183.7
20
-83.181
11
183.684
21
-83.2898
0
LINE
8
BLACK
6
CONTINUOUS
10
183.684
20
-83.2898
11
183.629
21
-83.4022
0
LINE
8
BLACK
6
CONTINUOUS
10
183.629
20
-83.4022
11
183.541
21
-83.4908
0
LINE
8
BLACK
6
CONTINUOUS
10
183.541
20
-83.4908
11
183.428
21
-83.5459
0
LINE
8
BLACK
6
CONTINUOUS
10
183.428
20
-83.5459
11
183.319
21
-83.562
0
LINE
8
BLACK
6
CONTINUOUS
10
183.319
20
-83.562
11
181.081
21
-83.562
0
LINE
8
BLACK
6
CONTINUOUS
10
181.081
20
-83.562
11
180.972
21
-83.5461
0
LINE
8
BLACK
6
CONTINUOUS
10
180.972
20
-83.5461
11
180.86
21
-83.4912
0
LINE
8
BLACK
6
CONTINUOUS
10
180.86
20
-83.4912
11
180.771
21
-83.4028
0
LINE
8
BLACK
6
CONTINUOUS
10
180.771
20
-83.4028
11
180.716
21
-83.2905
0
LINE
8
BLACK
6
CONTINUOUS
10
180.716
20
-83.2905
11
180.7
21
-83.181
0
LINE
8
BLACK
6
CONTINUOUS
10
180.7
20
-83.181
11
180.7
21
-82.419
0
LINE
8
BLACK
6
CONTINUOUS
10
180.7
20
-82.419
11
180.716
21
-82.3102
0
LINE
8
BLACK
6
CONTINUOUS
10
180.716
20
-82.3102
11
180.771
21
-82.1978
0
LINE
8
BLACK
6
CONTINUOUS
10
180.771
20
-82.1978
11
180.859
21
-82.1092
0
LINE
8
BLACK
6
CONTINUOUS
10
180.859
20
-82.1092
11
180.972
21
-82.0541
0
LINE
8
BLACK
6
CONTINUOUS
10
180.972
20
-82.0541
11
181.081
21
-82.038
0
LINE
8
BLACK
6
CONTINUOUS
10
181.081
20
-82.038
11
183.319
21
-82.038
0
LINE
8
BLACK
6
CONTINUOUS
10
183.319
20
-82.038
11
183.428
21
-82.0539
0
LINE
8
BLACK
6
CONTINUOUS
10
183.428
20
-79.5139
11
183.54
21
-79.5688
0
LINE
8
BLACK
6
CONTINUOUS
10
183.54
20
-79.5688
11
183.629
21
-79.6572
0
LINE
8
BLACK
6
CONTINUOUS
10
183.629
20
-79.6572
11
183.684
21
-79.7695
0
LINE
8
BLACK
6
CONTINUOUS
10
183.684
20
-79.7695
11
183.7
21
-79.879
0
LINE
8
BLACK
6
CONTINUOUS
10
183.7
20
-79.879
11
183.7
21
-80.641
0
LINE
8
BLACK
6
CONTINUOUS
10
183.7
20
-80.641
11
183.684
21
-80.7498
0
LINE
8
BLACK
6
CONTINUOUS
10
183.684
20
-80.7498
11
183.629
21
-80.8622
0
LINE
8
BLACK
6
CONTINUOUS
10
183.629
20
-80.8622
11
183.541
21
-80.9508
0
LINE
8
BLACK
6
CONTINUOUS
10
183.541
20
-80.9508
11
183.428
21
-81.0059
0
LINE
8
BLACK
6
CONTINUOUS
10
183.428
20
-81.0059
11
183.319
21
-81.022
0
LINE
8
BLACK
6
CONTINUOUS
10
183.319
20
-81.022
11
181.081
21
-81.022
0
LINE
8
BLACK
6
CONTINUOUS
10
181.081
20
-81.022
11
180.972
21
-81.0061
0
LINE
8
BLACK
6
CONTINUOUS
10
180.972
20
-81.0061
11
180.86
21
-80.9512
0
LINE
8
BLACK
6
CONTINUOUS
10
180.86
20
-80.9512
11
180.771
21
-80.8628
0
LINE
8
BLACK
6
CONTINUOUS
10
180.771
20
-80.8628
11
180.716
21
-80.7505
0
LINE
8
BLACK
6
CONTINUOUS
10
180.716
20
-80.7505
11
180.7
21
-80.641
0
LINE
8
BLACK
6
CONTINUOUS
10
180.7
20
-80.641
11
180.7
21
-79.879
0
LINE
8
BLACK
6
CONTINUOUS
10
180.7
20
-79.879
11
180.716
21
-79.7702
0
LINE
8
BLACK
6
CONTINUOUS
10
180.716
20
-79.7702
11
180.771
21
-79.6578
0
LINE
8
BLACK
6
CONTINUOUS
10
180.771
20
-79.6578
11
180.859
21
-79.5692
0
LINE
8
BLACK
6
CONTINUOUS
10
180.859
20
-79.5692
11
180.972
21
-79.5141
0
LINE
8
BLACK
6
CONTINUOUS
10
180.972
20
-79.5141
11
181.081
21
-79.498
0
LINE
8
BLACK
6
CONTINUOUS
10
181.081
20
-79.498
11
183.319
21
-79.498
0
LINE
8
BLACK
6
CONTINUOUS
10
183.319
20
-79.498
11
183.428
21
-79.5139
0
LINE
8
BLACK
6
CONTINUOUS
10
158.028
20
-79.5139
11
158.07
21
-79.5345
0
LINE
8
BLACK
6
CONTINUOUS
10
158.07
20
-79.5345
11
158.112
21
-79.5141
0
LINE
8
BLACK
6
CONTINUOUS
10
158.112
20
-79.5141
11
158.221
21
-79.498
0
LINE
8
BLACK
6
CONTINUOUS
10
158.221
20
-79.498
11
160.459
21
-79.498
0
LINE
8
BLACK
6
CONTINUOUS
10
160.459
20
-79.498
11
160.568
21
-79.5139
0
LINE
8
BLACK
6
CONTINUOUS
10
160.568
20
-79.5139
11
160.68
21
-79.5688
0
LINE
8
BLACK
6
CONTINUOUS
10
160.68
20
-79.5688
11
160.769
21
-79.6572
0
LINE
8
BLACK
6
CONTINUOUS
10
160.769
20
-79.6572
11
160.824
21
-79.7695
0
LINE
8
BLACK
6
CONTINUOUS
10
160.824
20
-79.7695
11
160.84
21
-79.879
0
LINE
8
BLACK
6
CONTINUOUS
10
160.84
20
-79.879
11
160.84
21
-80.641
0
LINE
8
BLACK
6
CONTINUOUS
10
160.84
20
-80.641
11
160.824
21
-80.7498
0
LINE
8
BLACK
6
CONTINUOUS
10
160.824
20
-80.7498
11
160.769
21
-80.8622
0
LINE
8
BLACK
6
CONTINUOUS
10
160.769
20
-80.8622
11
160.681
21
-80.9508
0
LINE
8
BLACK
6
CONTINUOUS
10
160.681
20
-80.9508
11
160.568
21
-81.0059
0
LINE
8
BLACK
6
CONTINUOUS
10
160.568
20
-81.0059
11
160.459
21
-81.022
0
LINE
8
BLACK
6
CONTINUOUS
10
160.459
20
-81.022
11
158.221
21
-81.022
0
LINE
8
BLACK
6
CONTINUOUS
10
158.221
20
-81.022
11
158.112
21
-81.0061
0
LINE
8
BLACK
6
CONTINUOUS
10
158.112
20
-81.0061
11
158.07
21
-80.9855
0
LINE
8
BLACK
6
CONTINUOUS
10
158.07
20
-80.9855
11
158.028
21
-81.0059
0
LINE
8
BLACK
6
CONTINUOUS
10
158.028
20
-81.0059
11
157.919
21
-81.022
0
LINE
8
BLACK
6
CONTINUOUS
10
157.919
20
-81.022
11
155.681
21
-81.022
0
LINE
8
BLACK
6
CONTINUOUS
10
155.681
20
-81.022
11
155.572
21
-81.0061
0
LINE
8
BLACK
6
CONTINUOUS
10
155.572
20
-81.0061
11
155.46
21
-80.9512
0
LINE
8
BLACK
6
CONTINUOUS
10
155.46
20
-80.9512
11
155.371
21
-80.8628
0
LINE
8
BLACK
6
CONTINUOUS
10
155.371
20
-80.8628
11
155.316
21
-80.7505
0
LINE
8
BLACK
6
CONTINUOUS
10
155.316
20
-80.7505
11
155.3
21
-80.641
0
LINE
8
BLACK
6
CONTINUOUS
10
155.3
20
-80.641
11
155.3
21
-79.879
0
LINE
8
BLACK
6
CONTINUOUS
10
155.3
20
-79.879
11
155.316
21
-79.7702
0
LINE
8
BLACK
6
CONTINUOUS
10
155.316
20
-79.7702
11
155.371
21
-79.6578
0
LINE
8
BLACK
6
CONTINUOUS
10
155.371
20
-79.6578
11
155.459
21
-79.5692
0
LINE
8
BLACK
6
CONTINUOUS
10
155.459
20
-79.5692
11
155.572
21
-79.5141
0
LINE
8
BLACK
6
CONTINUOUS
10
155.572
20
-79.5141
11
155.681
21
-79.498
0
LINE
8
BLACK
6
CONTINUOUS
10
155.681
20
-79.498
11
157.919
21
-79.498
0
LINE
8
BLACK
6
CONTINUOUS
10
157.919
20
-79.498
11
158.028
21
-79.5139
0
LINE
8
BLACK
6
CONTINUOUS
10
158.028
20
-76.9739
11
158.07
21
-76.9945
0
LINE
8
BLACK
6
CONTINUOUS
10
158.07
20
-76.9945
11
158.112
21
-76.9741
0
LINE
8
BLACK
6
CONTINUOUS
10
158.112
20
-76.9741
11
158.221
21
-76.958
0
LINE
8
BLACK
6
CONTINUOUS
10
158.221
20
-76.958
11
160.459
21
-76.958
0
LINE
8
BLACK
6
CONTINUOUS
10
160.459
20
-76.958
11
160.568
21
-76.9739
0
LINE
8
BLACK
6
CONTINUOUS
10
160.568
20
-76.9739
11
160.68
21
-77.0288
0
LINE
8
BLACK
6
CONTINUOUS
10
160.68
20
-77.0288
11
160.769
21
-77.1172
0
LINE
8
BLACK
6
CONTINUOUS
10
160.769
20
-77.1172
11
160.824
21
-77.2295
0
LINE
8
BLACK
6
CONTINUOUS
10
160.824
20
-77.2295
11
160.84
21
-77.339
0
LINE
8
BLACK
6
CONTINUOUS
10
160.84
20
-77.339
11
160.84
21
-78.101
0
LINE
8
BLACK
6
CONTINUOUS
10
160.84
20
-78.101
11
160.824
21
-78.2098
0
LINE
8
BLACK
6
CONTINUOUS
10
160.824
20
-78.2098
11
160.769
21
-78.3222
0
LINE
8
BLACK
6
CONTINUOUS
10
160.769
20
-78.3222
11
160.681
21
-78.4108
0
LINE
8
BLACK
6
CONTINUOUS
10
160.681
20
-78.4108
11
160.568
21
-78.4659
0
LINE
8
BLACK
6
CONTINUOUS
10
160.568
20
-78.4659
11
160.459
21
-78.482
0
LINE
8
BLACK
6
CONTINUOUS
10
160.459
20
-78.482
11
158.221
21
-78.482
0
LINE
8
BLACK
6
CONTINUOUS
10
158.221
20
-78.482
11
158.112
21
-78.4661
0
LINE
8
BLACK
6
CONTINUOUS
10
158.112
20
-78.4661
11
158.07
21
-78.4455
0
LINE
8
BLACK
6
CONTINUOUS
10
158.07
20
-78.4455
11
158.028
21
-78.4659
0
LINE
8
BLACK
6
CONTINUOUS
10
158.028
20
-78.4659
11
157.919
21
-78.482
0
LINE
8
BLACK
6
CONTINUOUS
10
157.919
20
-78.482
11
155.681
21
-78.482
0
LINE
8
BLACK
6
CONTINUOUS
10
155.681
20
-78.482
11
155.572
21
-78.4661
0
LINE
8
BLACK
6
CONTINUOUS
10
155.572
20
-78.4661
11
155.46
21
-78.4112
0
LINE
8
BLACK
6
CONTINUOUS
10
155.46
20
-78.4112
11
155.371
21
-78.3228
0
LINE
8
BLACK
6
CONTINUOUS
10
155.371
20
-78.3228
11
155.316
21
-78.2105
0
LINE
8
BLACK
6
CONTINUOUS
10
155.316
20
-78.2105
11
155.3
21
-78.101
0
LINE
8
BLACK
6
CONTINUOUS
10
155.3
20
-78.101
11
155.3
21
-77.339
0
LINE
8
BLACK
6
CONTINUOUS
10
155.3
20
-77.339
11
155.316
21
-77.2302
0
LINE
8
BLACK
6
CONTINUOUS
10
155.316
20
-77.2302
11
155.371
21
-77.1178
0
LINE
8
BLACK
6
CONTINUOUS
10
155.371
20
-77.1178
11
155.459
21
-77.0292
0
LINE
8
BLACK
6
CONTINUOUS
10
155.459
20
-77.0292
11
155.572
21
-76.9741
0
LINE
8
BLACK
6
CONTINUOUS
10
155.572
20
-76.9741
11
155.681
21
-76.958
0
LINE
8
BLACK
6
CONTINUOUS
10
155.681
20
-76.958
11
157.919
21
-76.958
0
LINE
8
BLACK
6
CONTINUOUS
10
157.919
20
-76.958
11
158.028
21
-76.9739
0
LINE
8
BLACK
6
CONTINUOUS
10
183.428
20
-76.9739
11
183.54
21
-77.0288
0
LINE
8
BLACK
6
CONTINUOUS
10
183.54
20
-77.0288
11
183.629
21
-77.1172
0
LINE
8
BLACK
6
CONTINUOUS
10
183.629
20
-77.1172
11
183.684
21
-77.2295
0
LINE
8
BLACK
6
CONTINUOUS
10
183.684
20
-77.2295
11
183.7
21
-77.339
0
LINE
8
BLACK
6
CONTINUOUS
10
183.7
20
-77.339
11
183.7
21
-78.101
0
LINE
8
BLACK
6
CONTINUOUS
10
183.7
20
-78.101
11
183.684
21
-78.2098
0
LINE
8
BLACK
6
CONTINUOUS
10
183.684
20
-78.2098
11
183.629
21
-78.3222
0
LINE
8
BLACK
6
CONTINUOUS
10
183.629
20
-78.3222
11
183.541
21
-78.4108
0
LINE
8
BLACK
6
CONTINUOUS
10
183.541
20
-78.4108
11
183.428
21
-78.4659
0
LINE
8
BLACK
6
CONTINUOUS
10
183.428
20
-78.4659
11
183.319
21
-78.482
0
LINE
8
BLACK
6
CONTINUOUS
10
183.319
20
-78.482
11
181.081
21
-78.482
0
LINE
8
BLACK
6
CONTINUOUS
10
181.081
20
-78.482
11
180.972
21
-78.4661
0
LINE
8
BLACK
6
CONTINUOUS
10
180.972
20
-78.4661
11
180.86
21
-78.4112
0
LINE
8
BLACK
6
CONTINUOUS
10
180.86
20
-78.4112
11
180.771
21
-78.3228
0
LINE
8
BLACK
6
CONTINUOUS
10
180.771
20
-78.3228
11
180.716
21
-78.2105
0
LINE
8
BLACK
6
CONTINUOUS
10
180.716
20
-78.2105
11
180.7
21
-78.101
0
LINE
8
BLACK
6
CONTINUOUS
10
180.7
20
-78.101
11
180.7
21
-77.339
0
LINE
8
BLACK
6
CONTINUOUS
10
180.7
20
-77.339
11
180.716
21
-77.2302
0
LINE
8
BLACK
6
CONTINUOUS
10
180.716
20
-77.2302
11
180.771
21
-77.1178
0
LINE
8
BLACK
6
CONTINUOUS
10
180.771
20
-77.1178
11
180.859
21
-77.0292
0
LINE
8
BLACK
6
CONTINUOUS
10
180.859
20
-77.0292
11
180.972
21
-76.9741
0
LINE
8
BLACK
6
CONTINUOUS
10
180.972
20
-76.9741
11
181.081
21
-76.958
0
LINE
8
BLACK
6
CONTINUOUS
10
181.081
20
-76.958
11
183.319
21
-76.958
0
LINE
8
BLACK
6
CONTINUOUS
10
183.319
20
-76.958
11
183.428
21
-76.9739
0
LINE
8
BLACK
6
CONTINUOUS
10
183.428
20
-74.4339
11
183.54
21
-74.4888
0
LINE
8
BLACK
6
CONTINUOUS
10
183.54
20
-74.4888
11
183.629
21
-74.5772
0
LINE
8
BLACK
6
CONTINUOUS
10
183.629
20
-74.5772
11
183.684
21
-74.6895
0
LINE
8
BLACK
6
CONTINUOUS
10
183.684
20
-74.6895
11
183.7
21
-74.799
0
LINE
8
BLACK
6
CONTINUOUS
10
183.7
20
-74.799
11
183.7
21
-75.561
0
LINE
8
BLACK
6
CONTINUOUS
10
183.7
20
-75.561
11
183.684
21
-75.6698
0
LINE
8
BLACK
6
CONTINUOUS
10
183.684
20
-75.6698
11
183.629
21
-75.7822
0
LINE
8
BLACK
6
CONTINUOUS
10
183.629
20
-75.7822
11
183.541
21
-75.8708
0
LINE
8
BLACK
6
CONTINUOUS
10
183.541
20
-75.8708
11
183.428
21
-75.9259
0
LINE
8
BLACK
6
CONTINUOUS
10
183.428
20
-75.9259
11
183.319
21
-75.942
0
LINE
8
BLACK
6
CONTINUOUS
10
183.319
20
-75.942
11
181.081
21
-75.942
0
LINE
8
BLACK
6
CONTINUOUS
10
181.081
20
-75.942
11
180.972
21
-75.9261
0
LINE
8
BLACK
6
CONTINUOUS
10
180.972
20
-75.9261
11
180.86
21
-75.8712
0
LINE
8
BLACK
6
CONTINUOUS
10
180.86
20
-75.8712
11
180.771
21
-75.7828
0
LINE
8
BLACK
6
CONTINUOUS
10
180.771
20
-75.7828
11
180.716
21
-75.6705
0
LINE
8
BLACK
6
CONTINUOUS
10
180.716
20
-75.6705
11
180.7
21
-75.561
0
LINE
8
BLACK
6
CONTINUOUS
10
180.7
20
-75.561
11
180.7
21
-74.799
0
LINE
8
BLACK
6
CONTINUOUS
10
180.7
20
-74.799
11
180.716
21
-74.6902
0
LINE
8
BLACK
6
CONTINUOUS
10
180.716
20
-74.6902
11
180.771
21
-74.5778
0
LINE
8
BLACK
6
CONTINUOUS
10
180.771
20
-74.5778
11
180.859
21
-74.4892
0
LINE
8
BLACK
6
CONTINUOUS
10
180.859
20
-74.4892
11
180.972
21
-74.4341
0
LINE
8
BLACK
6
CONTINUOUS
10
180.972
20
-74.4341
11
181.081
21
-74.418
0
LINE
8
BLACK
6
CONTINUOUS
10
181.081
20
-74.418
11
183.319
21
-74.418
0
LINE
8
BLACK
6
CONTINUOUS
10
183.319
20
-74.418
11
183.428
21
-74.4339
0
LINE
8
BLACK
6
CONTINUOUS
10
158.028
20
-74.4339
11
158.07
21
-74.4545
0
LINE
8
BLACK
6
CONTINUOUS
10
158.07
20
-74.4545
11
158.112
21
-74.4341
0
LINE
8
BLACK
6
CONTINUOUS
10
158.112
20
-74.4341
11
158.221
21
-74.418
0
LINE
8
BLACK
6
CONTINUOUS
10
158.221
20
-74.418
11
160.459
21
-74.418
0
LINE
8
BLACK
6
CONTINUOUS
10
160.459
20
-74.418
11
160.568
21
-74.4339
0
LINE
8
BLACK
6
CONTINUOUS
10
160.568
20
-74.4339
11
160.68
21
-74.4888
0
LINE
8
BLACK
6
CONTINUOUS
10
160.68
20
-74.4888
11
160.769
21
-74.5772
0
LINE
8
BLACK
6
CONTINUOUS
10
160.769
20
-74.5772
11
160.824
21
-74.6895
0
LINE
8
BLACK
6
CONTINUOUS
10
160.824
20
-74.6895
11
160.84
21
-74.799
0
LINE
8
BLACK
6
CONTINUOUS
10
160.84
20
-74.799
11
160.84
21
-75.561
0
LINE
8
BLACK
6
CONTINUOUS
10
160.84
20
-75.561
11
160.824
21
-75.6698
0
LINE
8
BLACK
6
CONTINUOUS
10
160.824
20
-75.6698
11
160.769
21
-75.7822
0
LINE
8
BLACK
6
CONTINUOUS
10
160.769
20
-75.7822
11
160.681
21
-75.8708
0
LINE
8
BLACK
6
CONTINUOUS
10
160.681
20
-75.8708
11
160.568
21
-75.9259
0
LINE
8
BLACK
6
CONTINUOUS
10
160.568
20
-75.9259
11
160.459
21
-75.942
0
LINE
8
BLACK
6
CONTINUOUS
10
160.459
20
-75.942
11
158.221
21
-75.942
0
LINE
8
BLACK
6
CONTINUOUS
10
158.221
20
-75.942
11
158.112
21
-75.9261
0
LINE
8
BLACK
6
CONTINUOUS
10
158.112
20
-75.9261
11
158.07
21
-75.9055
0
LINE
8
BLACK
6
CONTINUOUS
10
158.07
20
-75.9055
11
158.028
21
-75.9259
0
LINE
8
BLACK
6
CONTINUOUS
10
158.028
20
-75.9259
11
157.919
21
-75.942
0
LINE
8
BLACK
6
CONTINUOUS
10
157.919
20
-75.942
11
155.681
21
-75.942
0
LINE
8
BLACK
6
CONTINUOUS
10
155.681
20
-75.942
11
155.572
21
-75.9261
0
LINE
8
BLACK
6
CONTINUOUS
10
155.572
20
-75.9261
11
155.46
21
-75.8712
0
LINE
8
BLACK
6
CONTINUOUS
10
155.46
20
-75.8712
11
155.371
21
-75.7828
0
LINE
8
BLACK
6
CONTINUOUS
10
155.371
20
-75.7828
11
155.316
21
-75.6705
0
LINE
8
BLACK
6
CONTINUOUS
10
155.316
20
-75.6705
11
155.3
21
-75.561
0
LINE
8
BLACK
6
CONTINUOUS
10
155.3
20
-75.561
11
155.3
21
-74.799
0
LINE
8
BLACK
6
CONTINUOUS
10
155.3
20
-74.799
11
155.316
21
-74.6902
0
LINE
8
BLACK
6
CONTINUOUS
10
155.316
20
-74.6902
11
155.371
21
-74.5778
0
LINE
8
BLACK
6
CONTINUOUS
10
155.371
20
-74.5778
11
155.459
21
-74.4892
0
LINE
8
BLACK
6
CONTINUOUS
10
155.459
20
-74.4892
11
155.572
21
-74.4341
0
LINE
8
BLACK
6
CONTINUOUS
10
155.572
20
-74.4341
11
155.681
21
-74.418
0
LINE
8
BLACK
6
CONTINUOUS
10
155.681
20
-74.418
11
157.919
21
-74.418
0
LINE
8
BLACK
6
CONTINUOUS
10
157.919
20
-74.418
11
158.028
21
-74.4339
0
LINE
8
BLACK
6
CONTINUOUS
10
158.028
20
-71.8939
11
158.07
21
-71.9145
0
LINE
8
BLACK
6
CONTINUOUS
10
158.07
20
-71.9145
11
158.112
21
-71.8941
0
LINE
8
BLACK
6
CONTINUOUS
10
158.112
20
-71.8941
11
158.221
21
-71.878
0
LINE
8
BLACK
6
CONTINUOUS
10
158.221
20
-71.878
11
160.459
21
-71.878
0
LINE
8
BLACK
6
CONTINUOUS
10
160.459
20
-71.878
11
160.568
21
-71.8939
0
LINE
8
BLACK
6
CONTINUOUS
10
160.568
20
-71.8939
11
160.68
21
-71.9488
0
LINE
8
BLACK
6
CONTINUOUS
10
160.68
20
-71.9488
11
160.769
21
-72.0372
0
LINE
8
BLACK
6
CONTINUOUS
10
160.769
20
-72.0372
11
160.824
21
-72.1495
0
LINE
8
BLACK
6
CONTINUOUS
10
160.824
20
-72.1495
11
160.84
21
-72.259
0
LINE
8
BLACK
6
CONTINUOUS
10
160.84
20
-72.259
11
160.84
21
-73.021
0
LINE
8
BLACK
6
CONTINUOUS
10
160.84
20
-73.021
11
160.824
21
-73.1298
0
LINE
8
BLACK
6
CONTINUOUS
10
160.824
20
-73.1298
11
160.769
21
-73.2422
0
LINE
8
BLACK
6
CONTINUOUS
10
160.769
20
-73.2422
11
160.681
21
-73.3308
0
LINE
8
BLACK
6
CONTINUOUS
10
160.681
20
-73.3308
11
160.568
21
-73.3859
0
LINE
8
BLACK
6
CONTINUOUS
10
160.568
20
-73.3859
11
160.459
21
-73.402
0
LINE
8
BLACK
6
CONTINUOUS
10
160.459
20
-73.402
11
158.221
21
-73.402
0
LINE
8
BLACK
6
CONTINUOUS
10
158.221
20
-73.402
11
158.112
21
-73.3861
0
LINE
8
BLACK
6
CONTINUOUS
10
158.112
20
-73.3861
11
158.07
21
-73.3655
0
LINE
8
BLACK
6
CONTINUOUS
10
158.07
20
-73.3655
11
158.028
21
-73.3859
0
LINE
8
BLACK
6
CONTINUOUS
10
158.028
20
-73.3859
11
157.919
21
-73.402
0
LINE
8
BLACK
6
CONTINUOUS
10
157.919
20
-73.402
11
155.681
21
-73.402
0
LINE
8
BLACK
6
CONTINUOUS
10
155.681
20
-73.402
11
155.572
21
-73.3861
0
LINE
8
BLACK
6
CONTINUOUS
10
155.572
20
-73.3861
11
155.46
21
-73.3312
0
LINE
8
BLACK
6
CONTINUOUS
10
155.46
20
-73.3312
11
155.371
21
-73.2428
0
LINE
8
BLACK
6
CONTINUOUS
10
155.371
20
-73.2428
11
155.316
21
-73.1305
0
LINE
8
BLACK
6
CONTINUOUS
10
155.316
20
-73.1305
11
155.3
21
-73.021
0
LINE
8
BLACK
6
CONTINUOUS
10
155.3
20
-73.021
11
155.3
21
-72.259
0
LINE
8
BLACK
6
CONTINUOUS
10
155.3
20
-72.259
11
155.316
21
-72.1502
0
LINE
8
BLACK
6
CONTINUOUS
10
155.316
20
-72.1502
11
155.371
21
-72.0378
0
LINE
8
BLACK
6
CONTINUOUS
10
155.371
20
-72.0378
11
155.459
21
-71.9492
0
LINE
8
BLACK
6
CONTINUOUS
10
155.459
20
-71.9492
11
155.572
21
-71.8941
0
LINE
8
BLACK
6
CONTINUOUS
10
155.572
20
-71.8941
11
155.681
21
-71.878
0
LINE
8
BLACK
6
CONTINUOUS
10
155.681
20
-71.878
11
157.919
21
-71.878
0
LINE
8
BLACK
6
CONTINUOUS
10
157.919
20
-71.878
11
158.028
21
-71.8939
0
CIRCLE
8
BLACK
10
170.1
20
-116.72
40
0.6
0
CIRCLE
8
BLACK
10
170.1
20
-101.48
40
0.6
0
CIRCLE
8
BLACK
10
133.9
20
-72
40
0.5
0
CIRCLE
8
BLACK
10
133.9
20
-74.54
40
0.5
0
CIRCLE
8
BLACK
10
133.9
20
-77.08
40
0.5
0
CIRCLE
8
BLACK
10
133.9
20
-79.62
40
0.5
0
CIRCLE
8
BLACK
10
142.5
20
-127.8
40
0.5
0
CIRCLE
8
BLACK
10
145.04
20
-127.8
40
0.5
0
CIRCLE
8
BLACK
10
147.58
20
-127.8
40
0.5
0
CIRCLE
8
BLACK
10
150.12
20
-127.8
40
0.5
0
CIRCLE
8
BLACK
10
96.3
20
-83.3
40
0.5
0
CIRCLE
8
BLACK
10
98.84
20
-83.3
40
0.5
0
CIRCLE
8
BLACK
10
101.38
20
-83.3
40
0.5
0
CIRCLE
8
BLACK
10
103.92
20
-83.3
40
0.5
0
CIRCLE
8
BLACK
10
213.212
20
-100.45
40
0.475
0
CIRCLE
8
BLACK
10
213.212
20
-102.95
40
0.475
0
CIRCLE
8
BLACK
10
215.212
20
-102.95
40
0.475
0
CIRCLE
8
BLACK
10
215.212
20
-100.45
40
0.475
0
CIRCLE
8
BLACK
10
218.072
20
-95.7
40
1.15
0
CIRCLE
8
BLACK
10
218.072
20
-107.7
40
1.15
0
CIRCLE
8
BLACK
10
182.2
20
-118.36
40
0.381
0
CIRCLE
8
BLACK
10
182.2
20
-115.82
40
0.381
0
CIRCLE
8
BLACK
10
182.2
20
-113.28
40
0.381
0
CIRCLE
8
BLACK
10
182.2
20
-110.74
40
0.381
0
CIRCLE
8
BLACK
10
182.2
20
-108.2
40
0.381
0
CIRCLE
8
BLACK
10
182.2
20
-105.66
40
0.381
0
CIRCLE
8
BLACK
10
182.2
20
-103.12
40
0.381
0
CIRCLE
8
BLACK
10
182.2
20
-100.58
40
0.381
0
CIRCLE
8
BLACK
10
182.2
20
-98.04
40
0.381
0
CIRCLE
8
BLACK
10
182.2
20
-95.5
40
0.381
0
CIRCLE
8
BLACK
10
182.2
20
-92.96
40
0.381
0
CIRCLE
8
BLACK
10
182.2
20
-90.42
40
0.381
0
CIRCLE
8
BLACK
10
182.2
20
-87.88
40
0.381
0
CIRCLE
8
BLACK
10
182.2
20
-85.34
40
0.381
0
CIRCLE
8
BLACK
10
182.2
20
-82.8
40
0.381
0
CIRCLE
8
BLACK
10
182.2
20
-80.26
40
0.381
0
CIRCLE
8
BLACK
10
182.2
20
-77.72
40
0.381
0
CIRCLE
8
BLACK
10
182.2
20
-75.18
40
0.381
0
CIRCLE
8
BLACK
10
182.2
20
-72.64
40
0.381
0
CIRCLE
8
BLACK
10
156.8
20
-72.64
40
0.381
0
CIRCLE
8
BLACK
10
159.34
20
-72.64
40
0.381
0
CIRCLE
8
BLACK
10
159.34
20
-75.18
40
0.381
0
CIRCLE
8
BLACK
10
156.8
20
-75.18
40
0.381
0
CIRCLE
8
BLACK
10
159.34
20
-77.72
40
0.381
0
CIRCLE
8
BLACK
10
156.8
20
-77.72
40
0.381
0
CIRCLE
8
BLACK
10
156.8
20
-80.26
40
0.381
0
CIRCLE
8
BLACK
10
159.34
20
-80.26
40
0.381
0
CIRCLE
8
BLACK
10
156.8
20
-82.8
40
0.381
0
CIRCLE
8
BLACK
10
159.34
20
-82.8
40
0.381
0
CIRCLE
8
BLACK
10
156.8
20
-85.34
40
0.381
0
CIRCLE
8
BLACK
10
159.34
20
-85.34
40
0.381
0
CIRCLE
8
BLACK
10
159.34
20
-87.88
40
0.381
0
CIRCLE
8
BLACK
10
156.8
20
-87.88
40
0.381
0
CIRCLE
8
BLACK
10
159.34
20
-90.42
40
0.381
0
CIRCLE
8
BLACK
10
156.8
20
-90.42
40
0.381
0
CIRCLE
8
BLACK
10
156.8
20
-92.96
40
0.381
0
CIRCLE
8
BLACK
10
159.34
20
-92.96
40
0.381
0
CIRCLE
8
BLACK
10
159.34
20
-95.5
40
0.381
0
CIRCLE
8
BLACK
10
156.8
20
-95.5
40
0.381
0
CIRCLE
8
BLACK
10
159.34
20
-98.04
40
0.381
0
CIRCLE
8
BLACK
10
156.8
20
-98.04
40
0.381
0
CIRCLE
8
BLACK
10
156.8
20
-100.58
40
0.381
0
CIRCLE
8
BLACK
10
159.34
20
-100.58
40
0.381
0
CIRCLE
8
BLACK
10
156.8
20
-103.12
40
0.381
0
CIRCLE
8
BLACK
10
159.34
20
-103.12
40
0.381
0
CIRCLE
8
BLACK
10
159.34
20
-105.66
40
0.381
0
CIRCLE
8
BLACK
10
156.8
20
-105.66
40
0.381
0
CIRCLE
8
BLACK
10
156.8
20
-108.2
40
0.381
0
CIRCLE
8
BLACK
10
159.34
20
-108.2
40
0.381
0
CIRCLE
8
BLACK
10
156.8
20
-110.74
40
0.381
0
CIRCLE
8
BLACK
10
159.34
20
-110.74
40
0.381
0
CIRCLE
8
BLACK
10
156.8
20
-113.28
40
0.381
0
CIRCLE
8
BLACK
10
159.34
20
-113.28
40
0.381
0
CIRCLE
8
BLACK
10
156.8
20
-115.82
40
0.381
0
CIRCLE
8
BLACK
10
159.34
20
-115.82
40
0.381
0
CIRCLE
8
BLACK
10
159.34
20
-118.36
40
0.381
0
CIRCLE
8
BLACK
10
156.8
20
-118.36
40
0.381
0
CIRCLE
8
BLACK
10
140.998
20
-112.75
40
0.4
0
CIRCLE
8
BLACK
10
140.998
20
-110.21
40
0.4
0
CIRCLE
8
BLACK
10
140.998
20
-107.67
40
0.4
0
CIRCLE
8
BLACK
10
140.998
20
-105.13
40
0.4
0
CIRCLE
8
BLACK
10
140.998
20
-102.59
40
0.4
0
CIRCLE
8
BLACK
10
140.998
20
-100.05
40
0.4
0
CIRCLE
8
BLACK
10
130.838
20
-100.05
40
0.4
0
CIRCLE
8
BLACK
10
130.838
20
-102.59
40
0.4
0
CIRCLE
8
BLACK
10
130.838
20
-105.13
40
0.4
0
CIRCLE
8
BLACK
10
130.838
20
-107.67
40
0.4
0
CIRCLE
8
BLACK
10
130.838
20
-110.21
40
0.4
0
CIRCLE
8
BLACK
10
130.838
20
-112.75
40
0.4
0
CIRCLE
8
BLACK
10
193.85
20
-111.75
40
0.55
0
CIRCLE
8
BLACK
10
200.35
20
-111.75
40
0.55
0
CIRCLE
8
BLACK
10
193.85
20
-116.25
40
0.55
0
CIRCLE
8
BLACK
10
200.35
20
-116.25
40
0.55
0
CIRCLE
8
BLACK
10
175.3
20
-116.82
40
0.6
0
CIRCLE
8
BLACK
10
175.3
20
-101.58
40
0.6
0
CIRCLE
8
BLACK
10
188.4
20
-119.52
40
0.6
0
CIRCLE
8
BLACK
10
188.4
20
-104.28
40
0.6
0
CIRCLE
8
BLACK
10
179.16
20
-85.34
40
0.4
0
CIRCLE
8
BLACK
10
151.6
20
-104.7
40
0.4
0
CIRCLE
8
BLACK
10
143.5
20
-105
40
0.4
0
CIRCLE
8
BLACK
10
166.1
20
-97.9
40
0.4
  0
ENDSEC
  0
EOF
